{
  "$schema": "https://ui.shadcn.com/schema/registry-item.json",
  "name": "accordion",
  "type": "registry:ui",
  "dependencies": [
    "@radix-ui/react-accordion"
  ],
  "files": [
    {
      "path": "registry/default/ui/accordion.tsx",
      "content": "\"use client\";\n\nimport * as AccordionPrimitive from \"@radix-ui/react-accordion\";\nimport { ChevronDown } from \"lucide-react\";\nimport * as React from \"react\";\n\nimport { cn } from \"@/registry/default/lib/utils\";\n\nconst Accordion = AccordionPrimitive.Root;\n\nconst AccordionItem = React.forwardRef<\n  React.ElementRef<typeof AccordionPrimitive.Item>,\n  React.ComponentPropsWithoutRef<typeof AccordionPrimitive.Item>\n>(({ className, ...props }, ref) => (\n  <AccordionPrimitive.Item\n    ref={ref}\n    className={cn(\"border-b border-border\", className)}\n    {...props}\n  />\n));\nAccordionItem.displayName = \"AccordionItem\";\n\nconst AccordionTrigger = React.forwardRef<\n  React.ElementRef<typeof AccordionPrimitive.Trigger>,\n  React.ComponentPropsWithoutRef<typeof AccordionPrimitive.Trigger>\n>(({ className, children, ...props }, ref) => (\n  <AccordionPrimitive.Header className=\"flex\">\n    <AccordionPrimitive.Trigger\n      ref={ref}\n      className={cn(\n        \"flex flex-1 items-center justify-between py-4 text-left font-semibold transition-all hover:underline [&[data-state=open]>svg]:rotate-180\",\n        className,\n      )}\n      {...props}\n    >\n      {children}\n      <ChevronDown\n        size={16}\n        strokeWidth={2}\n        className=\"shrink-0 opacity-60 transition-transform duration-200\"\n        aria-hidden=\"true\"\n      />\n    </AccordionPrimitive.Trigger>\n  </AccordionPrimitive.Header>\n));\nAccordionTrigger.displayName = AccordionPrimitive.Trigger.displayName;\n\nconst AccordionContent = React.forwardRef<\n  React.ElementRef<typeof AccordionPrimitive.Content>,\n  React.ComponentPropsWithoutRef<typeof AccordionPrimitive.Content>\n>(({ className, children, ...props }, ref) => (\n  <AccordionPrimitive.Content\n    ref={ref}\n    className=\"overflow-hidden text-sm transition-all data-[state=closed]:animate-accordion-up data-[state=open]:animate-accordion-down\"\n    {...props}\n  >\n    <div className={cn(\"pb-4 pt-0\", className)}>{children}</div>\n  </AccordionPrimitive.Content>\n));\n\nAccordionContent.displayName = AccordionPrimitive.Content.displayName;\n\nexport { Accordion, AccordionContent, AccordionItem, AccordionTrigger };\n",
      "type": "registry:ui",
      "target": ""
    }
  ],
  "tailwind": {
    "config": {
      "theme": {
        "extend": {
          "keyframes": {
            "accordion-down": {
              "from": {
                "height": "0"
              },
              "to": {
                "height": "var(--radix-accordion-content-height)"
              }
            },
            "accordion-up": {
              "from": {
                "height": "var(--radix-accordion-content-height)"
              },
              "to": {
                "height": "0"
              }
            }
          },
          "animation": {
            "accordion-down": "accordion-down 0.2s ease-out",
            "accordion-up": "accordion-up 0.2s ease-out"
          }
        }
      }
    }
  }
}