{
  "$schema": "https://ui.shadcn.com/schema/registry-item.json",
  "name": "alert-dialog",
  "type": "registry:ui",
  "dependencies": [
    "@radix-ui/react-alert-dialog"
  ],
  "registryDependencies": [
    "https://originui.com/r/button.json"
  ],
  "files": [
    {
      "path": "registry/default/ui/alert-dialog.tsx",
      "content": "\"use client\";\n\nimport * as AlertDialogPrimitive from \"@radix-ui/react-alert-dialog\";\nimport * as React from \"react\";\n\nimport { cn } from \"@/registry/default/lib/utils\";\nimport { buttonVariants } from \"@/registry/default/ui/button\";\n\nconst AlertDialog = AlertDialogPrimitive.Root;\n\nconst AlertDialogTrigger = AlertDialogPrimitive.Trigger;\n\nconst AlertDialogPortal = AlertDialogPrimitive.Portal;\n\nconst AlertDialogOverlay = React.forwardRef<\n  React.ElementRef<typeof AlertDialogPrimitive.Overlay>,\n  React.ComponentPropsWithoutRef<typeof AlertDialogPrimitive.Overlay>\n>(({ className, ...props }, ref) => (\n  <AlertDialogPrimitive.Overlay\n    className={cn(\n      \"fixed inset-0 z-50 bg-black/80 data-[state=open]:animate-in data-[state=closed]:animate-out data-[state=closed]:fade-out-0 data-[state=open]:fade-in-0\",\n      className,\n    )}\n    {...props}\n    ref={ref}\n  />\n));\nAlertDialogOverlay.displayName = AlertDialogPrimitive.Overlay.displayName;\n\nconst AlertDialogContent = React.forwardRef<\n  React.ElementRef<typeof AlertDialogPrimitive.Content>,\n  React.ComponentPropsWithoutRef<typeof AlertDialogPrimitive.Content>\n>(({ className, ...props }, ref) => (\n  <AlertDialogPortal>\n    <AlertDialogOverlay />\n    <AlertDialogPrimitive.Content\n      ref={ref}\n      className={cn(\n        \"fixed left-1/2 top-1/2 z-50 grid max-h-[calc(100%-4rem)] w-full -translate-x-1/2 -translate-y-1/2 gap-4 overflow-y-auto border bg-background p-6 shadow-lg shadow-black/5 duration-200 data-[state=open]:animate-in data-[state=closed]:animate-out data-[state=closed]:fade-out-0 data-[state=open]:fade-in-0 data-[state=closed]:zoom-out-95 data-[state=open]:zoom-in-95 data-[state=closed]:slide-out-to-left-1/2 data-[state=closed]:slide-out-to-top-[48%] data-[state=open]:slide-in-from-left-1/2 data-[state=open]:slide-in-from-top-[48%] sm:max-w-[400px] sm:rounded-xl\",\n        className,\n      )}\n      {...props}\n    />\n  </AlertDialogPortal>\n));\nAlertDialogContent.displayName = AlertDialogPrimitive.Content.displayName;\n\nconst AlertDialogHeader = ({ className, ...props }: React.HTMLAttributes<HTMLDivElement>) => (\n  <div className={cn(\"flex flex-col space-y-1 text-center sm:text-left\", className)} {...props} />\n);\nAlertDialogHeader.displayName = \"AlertDialogHeader\";\n\nconst AlertDialogFooter = ({ className, ...props }: React.HTMLAttributes<HTMLDivElement>) => (\n  <div\n    className={cn(\"flex flex-col-reverse sm:flex-row sm:justify-end sm:space-x-3\", className)}\n    {...props}\n  />\n);\nAlertDialogFooter.displayName = \"AlertDialogFooter\";\n\nconst AlertDialogTitle = React.forwardRef<\n  React.ElementRef<typeof AlertDialogPrimitive.Title>,\n  React.ComponentPropsWithoutRef<typeof AlertDialogPrimitive.Title>\n>(({ className, ...props }, ref) => (\n  <AlertDialogPrimitive.Title\n    ref={ref}\n    className={cn(\"text-lg font-semibold\", className)}\n    {...props}\n  />\n));\nAlertDialogTitle.displayName = AlertDialogPrimitive.Title.displayName;\n\nconst AlertDialogDescription = React.forwardRef<\n  React.ElementRef<typeof AlertDialogPrimitive.Description>,\n  React.ComponentPropsWithoutRef<typeof AlertDialogPrimitive.Description>\n>(({ className, ...props }, ref) => (\n  <AlertDialogPrimitive.Description\n    ref={ref}\n    className={cn(\"text-sm text-muted-foreground\", className)}\n    {...props}\n  />\n));\nAlertDialogDescription.displayName = AlertDialogPrimitive.Description.displayName;\n\nconst AlertDialogAction = React.forwardRef<\n  React.ElementRef<typeof AlertDialogPrimitive.Action>,\n  React.ComponentPropsWithoutRef<typeof AlertDialogPrimitive.Action>\n>(({ className, ...props }, ref) => (\n  <AlertDialogPrimitive.Action ref={ref} className={cn(buttonVariants(), className)} {...props} />\n));\nAlertDialogAction.displayName = AlertDialogPrimitive.Action.displayName;\n\nconst AlertDialogCancel = React.forwardRef<\n  React.ElementRef<typeof AlertDialogPrimitive.Cancel>,\n  React.ComponentPropsWithoutRef<typeof AlertDialogPrimitive.Cancel>\n>(({ className, ...props }, ref) => (\n  <AlertDialogPrimitive.Cancel\n    ref={ref}\n    className={cn(buttonVariants({ variant: \"outline\" }), \"mt-2 sm:mt-0\", className)}\n    {...props}\n  />\n));\nAlertDialogCancel.displayName = AlertDialogPrimitive.Cancel.displayName;\n\nexport {\n  AlertDialog,\n  AlertDialogAction,\n  AlertDialogCancel,\n  AlertDialogContent,\n  AlertDialogDescription,\n  AlertDialogFooter,\n  AlertDialogHeader,\n  AlertDialogOverlay,\n  AlertDialogPortal,\n  AlertDialogTitle,\n  AlertDialogTrigger,\n};\n",
      "type": "registry:ui",
      "target": ""
    }
  ]
}