{
  "$schema": "https://ui.shadcn.com/schema/registry-item.json",
  "name": "avatar",
  "type": "registry:ui",
  "dependencies": [
    "@radix-ui/react-avatar"
  ],
  "files": [
    {
      "path": "registry/default/ui/avatar.tsx",
      "content": "\"use client\";\n\nimport * as AvatarPrimitive from \"@radix-ui/react-avatar\";\nimport * as React from \"react\";\n\nimport { cn } from \"@/registry/default/lib/utils\";\n\nconst Avatar = React.forwardRef<\n  React.ElementRef<typeof AvatarPrimitive.Root>,\n  React.ComponentPropsWithoutRef<typeof AvatarPrimitive.Root>\n>(({ className, ...props }, ref) => (\n  <AvatarPrimitive.Root\n    ref={ref}\n    className={cn(\"relative flex h-10 w-10 shrink-0 overflow-hidden rounded-full\", className)}\n    {...props}\n  />\n));\nAvatar.displayName = AvatarPrimitive.Root.displayName;\n\nconst AvatarImage = React.forwardRef<\n  React.ElementRef<typeof AvatarPrimitive.Image>,\n  React.ComponentPropsWithoutRef<typeof AvatarPrimitive.Image>\n>(({ className, ...props }, ref) => (\n  <AvatarPrimitive.Image\n    ref={ref}\n    className={cn(\"aspect-square h-full w-full\", className)}\n    {...props}\n  />\n));\nAvatarImage.displayName = AvatarPrimitive.Image.displayName;\n\nconst AvatarFallback = React.forwardRef<\n  React.ElementRef<typeof AvatarPrimitive.Fallback>,\n  React.ComponentPropsWithoutRef<typeof AvatarPrimitive.Fallback>\n>(({ className, ...props }, ref) => (\n  <AvatarPrimitive.Fallback\n    ref={ref}\n    className={cn(\n      \"flex h-full w-full items-center justify-center rounded-[inherit] bg-secondary text-xs\",\n      className,\n    )}\n    {...props}\n  />\n));\nAvatarFallback.displayName = AvatarPrimitive.Fallback.displayName;\n\nexport { Avatar, AvatarFallback, AvatarImage };\n",
      "type": "registry:ui",
      "target": ""
    }
  ]
}