{
  "$schema": "https://ui.shadcn.com/schema/registry-item.json",
  "name": "breadcrumb",
  "type": "registry:ui",
  "dependencies": [
    "@radix-ui/react-slot"
  ],
  "files": [
    {
      "path": "registry/default/ui/breadcrumb.tsx",
      "content": "import { Slot } from \"@radix-ui/react-slot\";\nimport { ChevronRight, MoreHorizontal } from \"lucide-react\";\nimport * as React from \"react\";\n\nimport { cn } from \"@/registry/default/lib/utils\";\n\nconst Breadcrumb = React.forwardRef<\n  HTMLElement,\n  React.ComponentPropsWithoutRef<\"nav\"> & {\n    separator?: React.ReactNode;\n  }\n>(({ ...props }, ref) => <nav ref={ref} aria-label=\"breadcrumb\" {...props} />);\nBreadcrumb.displayName = \"Breadcrumb\";\n\nconst BreadcrumbList = React.forwardRef<HTMLOListElement, React.ComponentPropsWithoutRef<\"ol\">>(\n  ({ className, ...props }, ref) => (\n    <ol\n      ref={ref}\n      className={cn(\n        \"flex flex-wrap items-center gap-1.5 break-words text-sm text-muted-foreground sm:gap-2.5\",\n        className,\n      )}\n      {...props}\n    />\n  ),\n);\nBreadcrumbList.displayName = \"BreadcrumbList\";\n\nconst BreadcrumbItem = React.forwardRef<HTMLLIElement, React.ComponentPropsWithoutRef<\"li\">>(\n  ({ className, ...props }, ref) => (\n    <li ref={ref} className={cn(\"inline-flex items-center gap-1.5\", className)} {...props} />\n  ),\n);\nBreadcrumbItem.displayName = \"BreadcrumbItem\";\n\nconst BreadcrumbLink = React.forwardRef<\n  HTMLAnchorElement,\n  React.ComponentPropsWithoutRef<\"a\"> & {\n    asChild?: boolean;\n  }\n>(({ asChild, className, ...props }, ref) => {\n  const Comp = asChild ? Slot : \"a\";\n\n  return (\n    <Comp\n      ref={ref}\n      className={cn(\"transition-colors hover:text-foreground\", className)}\n      {...props}\n    />\n  );\n});\nBreadcrumbLink.displayName = \"BreadcrumbLink\";\n\nconst BreadcrumbPage = React.forwardRef<HTMLSpanElement, React.ComponentPropsWithoutRef<\"span\">>(\n  ({ className, ...props }, ref) => (\n    <span\n      ref={ref}\n      role=\"link\"\n      aria-disabled=\"true\"\n      aria-current=\"page\"\n      className={cn(\"text-foreground\", className)}\n      {...props}\n    />\n  ),\n);\nBreadcrumbPage.displayName = \"BreadcrumbPage\";\n\nconst BreadcrumbSeparator = ({ children, className, ...props }: React.ComponentProps<\"li\">) => (\n  <li role=\"presentation\" aria-hidden=\"true\" className={className} {...props}>\n    {children ?? <ChevronRight size={16} strokeWidth={2} />}\n  </li>\n);\nBreadcrumbSeparator.displayName = \"BreadcrumbSeparator\";\n\nconst BreadcrumbEllipsis = ({ className, ...props }: React.ComponentProps<\"span\">) => (\n  <span\n    role=\"presentation\"\n    aria-hidden=\"true\"\n    className={cn(\"flex size-5 items-center justify-center\", className)}\n    {...props}\n  >\n    <MoreHorizontal size={16} strokeWidth={2} />\n  </span>\n);\nBreadcrumbEllipsis.displayName = \"BreadcrumbElipssis\";\n\nexport {\n  Breadcrumb,\n  BreadcrumbEllipsis,\n  BreadcrumbItem,\n  BreadcrumbLink,\n  BreadcrumbList,\n  BreadcrumbPage,\n  BreadcrumbSeparator,\n};\n",
      "type": "registry:ui",
      "target": ""
    }
  ]
}