{
  "$schema": "https://ui.shadcn.com/schema/registry-item.json",
  "name": "button",
  "type": "registry:ui",
  "dependencies": [
    "@radix-ui/react-slot"
  ],
  "files": [
    {
      "path": "registry/default/ui/button.tsx",
      "content": "import { Slot } from \"@radix-ui/react-slot\";\nimport { cva, type VariantProps } from \"class-variance-authority\";\nimport * as React from \"react\";\n\nimport { cn } from \"@/registry/default/lib/utils\";\n\nconst buttonVariants = cva(\n  \"inline-flex items-center justify-center whitespace-nowrap rounded-lg text-sm font-medium transition-colors outline-offset-2 focus-visible:outline focus-visible:outline-2 focus-visible:outline-ring/70 disabled:pointer-events-none disabled:opacity-50 [&_svg]:pointer-events-none [&_svg]:shrink-0\",\n  {\n    variants: {\n      variant: {\n        default: \"bg-primary text-primary-foreground shadow-sm shadow-black/5 hover:bg-primary/90\",\n        destructive:\n          \"bg-destructive text-destructive-foreground shadow-sm shadow-black/5 hover:bg-destructive/90\",\n        outline:\n          \"border border-input bg-background shadow-sm shadow-black/5 hover:bg-accent hover:text-accent-foreground\",\n        secondary:\n          \"bg-secondary text-secondary-foreground shadow-sm shadow-black/5 hover:bg-secondary/80\",\n        ghost: \"hover:bg-accent hover:text-accent-foreground\",\n        link: \"text-primary underline-offset-4 hover:underline\",\n      },\n      size: {\n        default: \"h-9 px-4 py-2\",\n        sm: \"h-8 rounded-lg px-3 text-xs\",\n        lg: \"h-10 rounded-lg px-8\",\n        icon: \"h-9 w-9\",\n      },\n    },\n    defaultVariants: {\n      variant: \"default\",\n      size: \"default\",\n    },\n  },\n);\n\nexport interface ButtonProps\n  extends React.ButtonHTMLAttributes<HTMLButtonElement>,\n    VariantProps<typeof buttonVariants> {\n  asChild?: boolean;\n}\n\nconst Button = React.forwardRef<HTMLButtonElement, ButtonProps>(\n  ({ className, variant, size, asChild = false, ...props }, ref) => {\n    const Comp = asChild ? Slot : \"button\";\n    return (\n      <Comp className={cn(buttonVariants({ variant, size, className }))} ref={ref} {...props} />\n    );\n  },\n);\nButton.displayName = \"Button\";\n\nexport { Button, buttonVariants };\n",
      "type": "registry:ui",
      "target": ""
    }
  ]
}