{
  "$schema": "https://ui.shadcn.com/schema/registry-item.json",
  "name": "calendar",
  "type": "registry:ui",
  "dependencies": [
    "react-day-picker",
    "date-fns"
  ],
  "registryDependencies": [
    "button"
  ],
  "files": [
    {
      "path": "registry/default/ui/calendar.tsx",
      "content": "\"use client\";\n\nimport { ChevronLeft, ChevronRight } from \"lucide-react\";\nimport * as React from \"react\";\nimport { DayPicker } from \"react-day-picker\";\n\nimport { cn } from \"@/registry/default/lib/utils\";\nimport { buttonVariants } from \"@/registry/default/ui/button\";\n\nexport type CalendarProps = React.ComponentProps<typeof DayPicker>;\n\nfunction Calendar({\n  className,\n  classNames,\n  showOutsideDays = true,\n  components: userComponents,\n  ...props\n}: CalendarProps) {\n  const defaultClassNames = {\n    months: \"relative flex flex-col sm:flex-row gap-4\",\n    month: \"w-full\",\n    month_caption: \"relative mx-10 mb-1 flex h-9 items-center justify-center z-20\",\n    caption_label: \"text-sm font-medium\",\n    nav: \"absolute top-0 flex w-full justify-between z-10\",\n    button_previous: cn(\n      buttonVariants({ variant: \"ghost\" }),\n      \"size-9 text-muted-foreground/80 hover:text-foreground p-0\",\n    ),\n    button_next: cn(\n      buttonVariants({ variant: \"ghost\" }),\n      \"size-9 text-muted-foreground/80 hover:text-foreground p-0\",\n    ),\n    weekday: \"size-9 p-0 text-xs font-medium text-muted-foreground/80\",\n    day_button:\n      \"relative flex size-9 items-center justify-center whitespace-nowrap rounded-lg p-0 text-foreground outline-offset-2 group-[[data-selected]:not(.range-middle)]:[transition-property:color,background-color,border-radius,box-shadow] group-[[data-selected]:not(.range-middle)]:duration-150 focus:outline-none group-data-[disabled]:pointer-events-none focus-visible:z-10 hover:bg-accent group-data-[selected]:bg-primary hover:text-foreground group-data-[selected]:text-primary-foreground group-data-[disabled]:text-foreground/30 group-data-[disabled]:line-through group-data-[outside]:text-foreground/30 group-data-[outside]:group-data-[selected]:text-primary-foreground focus-visible:outline focus-visible:outline-2 focus-visible:outline-ring/70 group-[.range-start:not(.range-end)]:rounded-e-none group-[.range-end:not(.range-start)]:rounded-s-none group-[.range-middle]:rounded-none group-data-[selected]:group-[.range-middle]:bg-accent group-data-[selected]:group-[.range-middle]:text-foreground\",\n    day: \"group size-9 px-0 text-sm\",\n    range_start: \"range-start\",\n    range_end: \"range-end\",\n    range_middle: \"range-middle\",\n    today:\n      \"*:after:pointer-events-none *:after:absolute *:after:bottom-1 *:after:start-1/2 *:after:z-10 *:after:size-[3px] *:after:-translate-x-1/2 *:after:rounded-full *:after:bg-primary [&[data-selected]:not(.range-middle)>*]:after:bg-background [&[data-disabled]>*]:after:bg-foreground/30 *:after:transition-colors\",\n    outside: \"text-muted-foreground data-selected:bg-accent/50 data-selected:text-muted-foreground\",\n    hidden: \"invisible\",\n    week_number: \"size-9 p-0 text-xs font-medium text-muted-foreground/80\",\n  };\n\n  const mergedClassNames: typeof defaultClassNames = Object.keys(defaultClassNames).reduce(\n    (acc, key) => ({\n      ...acc,\n      [key]: classNames?.[key as keyof typeof classNames]\n        ? cn(\n            defaultClassNames[key as keyof typeof defaultClassNames],\n            classNames[key as keyof typeof classNames],\n          )\n        : defaultClassNames[key as keyof typeof defaultClassNames],\n    }),\n    {} as typeof defaultClassNames,\n  );\n\n  const defaultComponents = {\n    Chevron: (props: any) => {\n      if (props.orientation === \"left\") {\n        return <ChevronLeft size={16} strokeWidth={2} {...props} aria-hidden=\"true\" />;\n      }\n      return <ChevronRight size={16} strokeWidth={2} {...props} aria-hidden=\"true\" />;\n    },\n  };\n\n  const mergedComponents = {\n    ...defaultComponents,\n    ...userComponents,\n  };\n\n  return (\n    <DayPicker\n      showOutsideDays={showOutsideDays}\n      className={cn(\"w-fit\", className)}\n      classNames={mergedClassNames}\n      components={mergedComponents}\n      {...props}\n    />\n  );\n}\nCalendar.displayName = \"Calendar\";\n\nexport { Calendar };\n",
      "type": "registry:ui",
      "target": ""
    }
  ]
}