{
  "$schema": "https://ui.shadcn.com/schema/registry-item.json",
  "name": "checkbox",
  "type": "registry:ui",
  "dependencies": [
    "@radix-ui/react-checkbox"
  ],
  "files": [
    {
      "path": "registry/default/ui/checkbox.tsx",
      "content": "\"use client\";\n\nimport * as CheckboxPrimitive from \"@radix-ui/react-checkbox\";\nimport * as React from \"react\";\n\nimport { cn } from \"@/registry/default/lib/utils\";\n\nconst Checkbox = React.forwardRef<\n  React.ElementRef<typeof CheckboxPrimitive.Root>,\n  React.ComponentPropsWithoutRef<typeof CheckboxPrimitive.Root>\n>(({ className, ...props }, ref) => (\n  <CheckboxPrimitive.Root\n    ref={ref}\n    className={cn(\n      \"grid place-content-center peer size-4 shrink-0 rounded border border-input shadow-sm shadow-black/5 outline-offset-2 focus-visible:outline focus-visible:outline-2 focus-visible:outline-ring/70 disabled:cursor-not-allowed disabled:opacity-50 data-[state=checked]:border-primary data-[state=indeterminate]:border-primary data-[state=checked]:bg-primary data-[state=indeterminate]:bg-primary data-[state=checked]:text-primary-foreground data-[state=indeterminate]:text-primary-foreground\",\n      className,\n    )}\n    {...props}\n  >\n    <CheckboxPrimitive.Indicator className=\"grid place-content-center text-current\">\n      {props.checked === \"indeterminate\" ? (\n        <svg\n          width=\"9\"\n          height=\"9\"\n          viewBox=\"0 0 9 9\"\n          fill=\"currentcolor\"\n          xmlns=\"http://www.w3.org/2000/svg\"\n        >\n          <path\n            fillRule=\"evenodd\"\n            clipRule=\"evenodd\"\n            d=\"M0.75 4.5C0.75 4.08579 1.08579 3.75 1.5 3.75H7.5C7.91421 3.75 8.25 4.08579 8.25 4.5C8.25 4.91421 7.91421 5.25 7.5 5.25H1.5C1.08579 5.25 0.75 4.91421 0.75 4.5Z\"\n          />\n        </svg>\n      ) : (\n        <svg\n          width=\"9\"\n          height=\"9\"\n          viewBox=\"0 0 9 9\"\n          fill=\"currentcolor\"\n          xmlns=\"http://www.w3.org/2000/svg\"\n        >\n          <path\n            fillRule=\"evenodd\"\n            clipRule=\"evenodd\"\n            d=\"M8.53547 0.62293C8.88226 0.849446 8.97976 1.3142 8.75325 1.66099L4.5083 8.1599C4.38833 8.34356 4.19397 8.4655 3.9764 8.49358C3.75883 8.52167 3.53987 8.45309 3.3772 8.30591L0.616113 5.80777C0.308959 5.52987 0.285246 5.05559 0.563148 4.74844C0.84105 4.44128 1.31533 4.41757 1.62249 4.69547L3.73256 6.60459L7.49741 0.840706C7.72393 0.493916 8.18868 0.396414 8.53547 0.62293Z\"\n          />\n        </svg>\n      )}\n    </CheckboxPrimitive.Indicator>\n  </CheckboxPrimitive.Root>\n));\nCheckbox.displayName = CheckboxPrimitive.Root.displayName;\n\nexport { Checkbox };\n",
      "type": "registry:ui",
      "target": ""
    }
  ]
}