{
  "$schema": "https://ui.shadcn.com/schema/registry-item.json",
  "name": "collapsible",
  "type": "registry:ui",
  "dependencies": [
    "@radix-ui/react-collapsible"
  ],
  "files": [
    {
      "path": "registry/default/ui/collapsible.tsx",
      "content": "\"use client\";\n\nimport * as CollapsiblePrimitive from \"@radix-ui/react-collapsible\";\n\nconst Collapsible = CollapsiblePrimitive.Root;\n\nconst CollapsibleTrigger = CollapsiblePrimitive.CollapsibleTrigger;\n\nconst CollapsibleContent = CollapsiblePrimitive.CollapsibleContent;\n\nexport { Collapsible, CollapsibleContent, CollapsibleTrigger };\n",
      "type": "registry:ui",
      "target": ""
    }
  ]
}