{
  "$schema": "https://ui.shadcn.com/schema/registry-item.json",
  "name": "command",
  "type": "registry:ui",
  "dependencies": [
    "cmdk@1.0.0"
  ],
  "registryDependencies": [
    "dialog"
  ],
  "files": [
    {
      "path": "registry/default/ui/command.tsx",
      "content": "\"use client\";\n\nimport { type DialogProps } from \"@radix-ui/react-dialog\";\nimport { Command as CommandPrimitive } from \"cmdk\";\nimport { Search } from \"lucide-react\";\nimport * as React from \"react\";\n\nimport { cn } from \"@/registry/default/lib/utils\";\nimport {\n  Dialog,\n  DialogContent,\n  DialogDescription,\n  DialogTitle,\n} from \"@/registry/default/ui/dialog\";\n\nconst Command = React.forwardRef<\n  React.ElementRef<typeof CommandPrimitive>,\n  React.ComponentPropsWithoutRef<typeof CommandPrimitive>\n>(({ className, ...props }, ref) => (\n  <CommandPrimitive\n    ref={ref}\n    className={cn(\n      \"flex h-full w-full flex-col overflow-hidden rounded-lg bg-popover text-popover-foreground\",\n      className,\n    )}\n    {...props}\n  />\n));\nCommand.displayName = CommandPrimitive.displayName;\n\nconst CommandDialog = ({ children, ...props }: DialogProps) => {\n  return (\n    <Dialog {...props}>\n      <DialogTitle></DialogTitle> {/* Temporary fix to silence console warning */}\n      <DialogDescription></DialogDescription> {/* Temporary fix to silence console warning */}\n      <DialogContent className=\"overflow-hidden p-0 sm:max-w-lg [&>button:last-child]:hidden\">\n        <Command className=\"[&_[cmdk-group-heading]]:px-2 [&_[cmdk-group-heading]]:font-medium [&_[cmdk-group-heading]]:text-muted-foreground [&_[cmdk-group]]:px-2 [&_[cmdk-input]]:h-12 [&_[cmdk-item]]:px-3 [&_[cmdk-item]]:py-2\">\n          {children}\n        </Command>\n      </DialogContent>\n    </Dialog>\n  );\n};\n\nconst CommandInput = React.forwardRef<\n  React.ElementRef<typeof CommandPrimitive.Input>,\n  React.ComponentPropsWithoutRef<typeof CommandPrimitive.Input>\n>(({ className, ...props }, ref) => (\n  <div className=\"flex items-center border-b border-input px-5\" cmdk-input-wrapper=\"\">\n    <Search size={20} strokeWidth={2} className=\"me-3 text-muted-foreground/80\" />\n    <CommandPrimitive.Input\n      ref={ref}\n      className={cn(\n        \"flex h-10 w-full rounded-lg bg-transparent py-3 text-sm outline-none placeholder:text-muted-foreground/70 disabled:cursor-not-allowed disabled:opacity-50\",\n        className,\n      )}\n      {...props}\n    />\n  </div>\n));\n\nCommandInput.displayName = CommandPrimitive.Input.displayName;\n\nconst CommandList = React.forwardRef<\n  React.ElementRef<typeof CommandPrimitive.List>,\n  React.ComponentPropsWithoutRef<typeof CommandPrimitive.List>\n>(({ className, ...props }, ref) => (\n  <CommandPrimitive.List\n    ref={ref}\n    className={cn(\"max-h-80 overflow-y-auto overflow-x-hidden\", className)}\n    {...props}\n  />\n));\n\nCommandList.displayName = CommandPrimitive.List.displayName;\n\nconst CommandEmpty = React.forwardRef<\n  React.ElementRef<typeof CommandPrimitive.Empty>,\n  React.ComponentPropsWithoutRef<typeof CommandPrimitive.Empty>\n>((props, ref) => (\n  <CommandPrimitive.Empty ref={ref} className=\"py-6 text-center text-sm\" {...props} />\n));\n\nCommandEmpty.displayName = CommandPrimitive.Empty.displayName;\n\nconst CommandGroup = React.forwardRef<\n  React.ElementRef<typeof CommandPrimitive.Group>,\n  React.ComponentPropsWithoutRef<typeof CommandPrimitive.Group>\n>(({ className, ...props }, ref) => (\n  <CommandPrimitive.Group\n    ref={ref}\n    className={cn(\n      \"overflow-hidden p-2 text-foreground [&_[cmdk-group-heading]]:px-3 [&_[cmdk-group-heading]]:py-2 [&_[cmdk-group-heading]]:text-xs [&_[cmdk-group-heading]]:font-medium [&_[cmdk-group-heading]]:text-muted-foreground\",\n      className,\n    )}\n    {...props}\n  />\n));\n\nCommandGroup.displayName = CommandPrimitive.Group.displayName;\n\nconst CommandSeparator = React.forwardRef<\n  React.ElementRef<typeof CommandPrimitive.Separator>,\n  React.ComponentPropsWithoutRef<typeof CommandPrimitive.Separator>\n>(({ className, ...props }, ref) => (\n  <CommandPrimitive.Separator\n    ref={ref}\n    className={cn(\"-mx-1 h-px bg-border\", className)}\n    {...props}\n  />\n));\nCommandSeparator.displayName = CommandPrimitive.Separator.displayName;\n\nconst CommandItem = React.forwardRef<\n  React.ElementRef<typeof CommandPrimitive.Item>,\n  React.ComponentPropsWithoutRef<typeof CommandPrimitive.Item>\n>(({ className, ...props }, ref) => (\n  <CommandPrimitive.Item\n    ref={ref}\n    className={cn(\n      \"relative flex cursor-default select-none items-center gap-3 rounded-md px-2 py-1.5 text-sm outline-none data-[disabled=true]:pointer-events-none data-[selected=true]:bg-accent data-[selected=true]:text-accent-foreground data-[disabled=true]:opacity-50 [&_svg]:pointer-events-none [&_svg]:shrink-0\",\n      className,\n    )}\n    {...props}\n  />\n));\n\nCommandItem.displayName = CommandPrimitive.Item.displayName;\n\nconst CommandShortcut = ({ className, ...props }: React.HTMLAttributes<HTMLSpanElement>) => {\n  return (\n    <kbd\n      className={cn(\n        \"-me-1 ms-auto inline-flex h-5 max-h-full items-center rounded border border-border bg-background px-1 font-[inherit] text-[0.625rem] font-medium text-muted-foreground/70\",\n        className,\n      )}\n      {...props}\n    />\n  );\n};\nCommandShortcut.displayName = \"CommandShortcut\";\n\nexport {\n  Command,\n  CommandDialog,\n  CommandEmpty,\n  CommandGroup,\n  CommandInput,\n  CommandItem,\n  CommandList,\n  CommandSeparator,\n  CommandShortcut,\n};\n",
      "type": "registry:ui",
      "target": ""
    }
  ]
}