{
  "$schema": "https://ui.shadcn.com/schema/registry-item.json",
  "name": "comp-418",
  "type": "registry:component",
  "registryDependencies": [
    "https://originui.com/r/badge.json"
  ],
  "files": [
    {
      "path": "registry/default/components/comp-418.tsx",
      "content": "import { Badge } from \"@/registry/default/ui/badge\";\n\nexport default function Component() {\n  return (\n    <Badge className=\"items-baseline gap-1.5\">\n      Badge\n      <span className=\"text-[0.625rem] font-medium text-primary-foreground/60\">73</span>\n    </Badge>\n  );\n}\n",
      "type": "registry:component",
      "target": ""
    }
  ],
  "meta": {
    "tags": [
      "badge",
      "chip",
      "counter"
    ],
    "style": 1
  }
}