{
  "$schema": "https://ui.shadcn.com/schema/registry-item.json",
  "name": "comp-481",
  "type": "registry:component",
  "dependencies": [
    "@dnd-kit/core",
    "@dnd-kit/modifiers",
    "@dnd-kit/sortable",
    "@dnd-kit/utilities",
    "@tanstack/react-table"
  ],
  "registryDependencies": [
    "https://originui.com/r/button.json",
    "https://originui.com/r/dropdown-menu.json",
    "https://originui.com/r/table.json"
  ],
  "files": [
    {
      "path": "registry/default/components/comp-481.tsx",
      "content": "\"use client\";\n\nimport { Button } from \"@/registry/default/ui/button\";\nimport {\n  Table,\n  TableBody,\n  TableCell,\n  TableHead,\n  TableHeader,\n  TableRow,\n} from \"@/registry/default/ui/table\";\nimport {\n  DndContext,\n  KeyboardSensor,\n  MouseSensor,\n  TouchSensor,\n  closestCenter,\n  useSensor,\n  useSensors,\n  type DragEndEvent,\n} from \"@dnd-kit/core\";\nimport { restrictToHorizontalAxis } from \"@dnd-kit/modifiers\";\nimport {\n  SortableContext,\n  arrayMove,\n  horizontalListSortingStrategy,\n  useSortable,\n} from \"@dnd-kit/sortable\";\nimport { CSS } from \"@dnd-kit/utilities\";\nimport {\n  Cell,\n  ColumnDef,\n  Header,\n  SortingState,\n  flexRender,\n  getCoreRowModel,\n  getSortedRowModel,\n  useReactTable,\n} from \"@tanstack/react-table\";\nimport { ChevronDown, ChevronUp, GripVertical } from \"lucide-react\";\nimport { CSSProperties, useEffect, useId, useState } from \"react\";\n\ntype Item = {\n  id: string;\n  name: string;\n  email: string;\n  location: string;\n  flag: string;\n  status: \"Active\" | \"Inactive\" | \"Pending\";\n  balance: number;\n};\n\nconst columns: ColumnDef<Item>[] = [\n  {\n    id: \"name\",\n    header: \"Name\",\n    accessorKey: \"name\",\n    cell: ({ row }) => <div className=\"truncate font-medium\">{row.getValue(\"name\")}</div>,\n    sortUndefined: \"last\",\n    sortDescFirst: false,\n  },\n  {\n    id: \"email\",\n    header: \"Email\",\n    accessorKey: \"email\",\n  },\n  {\n    id: \"location\",\n    header: \"Location\",\n    accessorKey: \"location\",\n    cell: ({ row }) => (\n      <div className=\"truncate\">\n        <span className=\"text-lg leading-none\">{row.original.flag}</span> {row.getValue(\"location\")}\n      </div>\n    ),\n  },\n  {\n    id: \"status\",\n    header: \"Status\",\n    accessorKey: \"status\",\n  },\n  {\n    id: \"balance\",\n    header: \"Balance\",\n    accessorKey: \"balance\",\n    cell: ({ row }) => {\n      const amount = parseFloat(row.getValue(\"balance\"));\n      const formatted = new Intl.NumberFormat(\"en-US\", {\n        style: \"currency\",\n        currency: \"USD\",\n      }).format(amount);\n      return formatted;\n    },\n  },\n];\n\nexport default function Component() {\n  const [data, setData] = useState<Item[]>([]);\n  const [sorting, setSorting] = useState<SortingState>([]);\n  const [columnOrder, setColumnOrder] = useState<string[]>(\n    columns.map((column) => column.id as string),\n  );\n\n  useEffect(() => {\n    async function fetchPosts() {\n      const res = await fetch(\n        \"https://res.cloudinary.com/dlzlfasou/raw/upload/users-01_fertyx.json\",\n      );\n      const data = await res.json();\n      setData(data.slice(0, 5)); // Limit to 5 items\n    }\n    fetchPosts();\n  }, []);\n\n  const table = useReactTable({\n    data,\n    columns,\n    columnResizeMode: \"onChange\",\n    getCoreRowModel: getCoreRowModel(),\n    getSortedRowModel: getSortedRowModel(),\n    onSortingChange: setSorting,\n    state: {\n      sorting,\n      columnOrder,\n    },\n    onColumnOrderChange: setColumnOrder,\n    enableSortingRemoval: false,\n  });\n\n  // reorder columns after drag & drop\n  function handleDragEnd(event: DragEndEvent) {\n    const { active, over } = event;\n    if (active && over && active.id !== over.id) {\n      setColumnOrder((columnOrder) => {\n        const oldIndex = columnOrder.indexOf(active.id as string);\n        const newIndex = columnOrder.indexOf(over.id as string);\n        return arrayMove(columnOrder, oldIndex, newIndex); //this is just a splice util\n      });\n    }\n  }\n\n  const sensors = useSensors(\n    useSensor(MouseSensor, {}),\n    useSensor(TouchSensor, {}),\n    useSensor(KeyboardSensor, {}),\n  );\n\n  return (\n    <DndContext\n      id={useId()}\n      collisionDetection={closestCenter}\n      modifiers={[restrictToHorizontalAxis]}\n      onDragEnd={handleDragEnd}\n      sensors={sensors}\n    >\n      <Table>\n        <TableHeader>\n          {table.getHeaderGroups().map((headerGroup) => (\n            <TableRow key={headerGroup.id} className=\"bg-muted/50\">\n              <SortableContext items={columnOrder} strategy={horizontalListSortingStrategy}>\n                {headerGroup.headers.map((header) => (\n                  <DraggableTableHeader key={header.id} header={header} />\n                ))}\n              </SortableContext>\n            </TableRow>\n          ))}\n        </TableHeader>\n        <TableBody>\n          {table.getRowModel().rows?.length ? (\n            table.getRowModel().rows.map((row) => (\n              <TableRow key={row.id} data-state={row.getIsSelected() && \"selected\"}>\n                {row.getVisibleCells().map((cell) => (\n                  <SortableContext\n                    key={cell.id}\n                    items={columnOrder}\n                    strategy={horizontalListSortingStrategy}\n                  >\n                    <DragAlongCell key={cell.id} cell={cell} />\n                  </SortableContext>\n                ))}\n              </TableRow>\n            ))\n          ) : (\n            <TableRow>\n              <TableCell colSpan={columns.length} className=\"h-24 text-center\">\n                No results.\n              </TableCell>\n            </TableRow>\n          )}\n        </TableBody>\n      </Table>\n      <p className=\"mt-4 text-center text-sm text-muted-foreground\">\n        Draggable columns made with{\" \"}\n        <a\n          className=\"underline hover:text-foreground\"\n          href=\"https://tanstack.com/table\"\n          target=\"_blank\"\n          rel=\"noopener noreferrer\"\n        >\n          TanStack Table\n        </a>{\" \"}\n        and{\" \"}\n        <a href=\"https://dndkit.com/\" target=\"_blank\" rel=\"noopener noreferrer\">\n          dnd kit\n        </a>\n      </p>\n    </DndContext>\n  );\n}\n\nconst DraggableTableHeader = ({ header }: { header: Header<Item, unknown> }) => {\n  const { attributes, isDragging, listeners, setNodeRef, transform, transition } = useSortable({\n    id: header.column.id,\n  });\n\n  const style: CSSProperties = {\n    opacity: isDragging ? 0.8 : 1,\n    position: \"relative\",\n    transform: CSS.Translate.toString(transform),\n    transition,\n    whiteSpace: \"nowrap\",\n    width: header.column.getSize(),\n    zIndex: isDragging ? 1 : 0,\n  };\n\n  return (\n    <TableHead\n      ref={setNodeRef}\n      className=\"relative h-10 border-t before:absolute before:inset-y-0 before:start-0 before:w-px before:bg-border first:before:bg-transparent\"\n      style={style}\n      aria-sort={\n        header.column.getIsSorted() === \"asc\"\n          ? \"ascending\"\n          : header.column.getIsSorted() === \"desc\"\n            ? \"descending\"\n            : \"none\"\n      }\n    >\n      <div className=\"flex items-center justify-start gap-0.5\">\n        <Button\n          size=\"icon\"\n          variant=\"ghost\"\n          className=\"-ml-2 size-7 shadow-none\"\n          {...attributes}\n          {...listeners}\n          aria-label=\"Drag to reorder\"\n        >\n          <GripVertical className=\"opacity-60\" size={16} strokeWidth={2} aria-hidden=\"true\" />\n        </Button>\n        <span className=\"grow truncate\">\n          {header.isPlaceholder\n            ? null\n            : flexRender(header.column.columnDef.header, header.getContext())}\n        </span>\n        <Button\n          size=\"icon\"\n          variant=\"ghost\"\n          className=\"group -mr-1 size-7 shadow-none\"\n          onClick={header.column.getToggleSortingHandler()}\n          onKeyDown={(e) => {\n            // Enhanced keyboard handling for sorting\n            if (header.column.getCanSort() && (e.key === \"Enter\" || e.key === \" \")) {\n              e.preventDefault();\n              header.column.getToggleSortingHandler()?.(e);\n            }\n          }}\n        >\n          {{\n            asc: (\n              <ChevronUp\n                className=\"shrink-0 opacity-60\"\n                size={16}\n                strokeWidth={2}\n                aria-hidden=\"true\"\n              />\n            ),\n            desc: (\n              <ChevronDown\n                className=\"shrink-0 opacity-60\"\n                size={16}\n                strokeWidth={2}\n                aria-hidden=\"true\"\n              />\n            ),\n          }[header.column.getIsSorted() as string] ?? (\n            <ChevronUp\n              className=\"shrink-0 opacity-0 group-hover:opacity-60\"\n              size={16}\n              strokeWidth={2}\n              aria-hidden=\"true\"\n            />\n          )}\n        </Button>\n      </div>\n    </TableHead>\n  );\n};\n\nconst DragAlongCell = ({ cell }: { cell: Cell<Item, unknown> }) => {\n  const { isDragging, setNodeRef, transform, transition } = useSortable({\n    id: cell.column.id,\n  });\n\n  const style: CSSProperties = {\n    opacity: isDragging ? 0.8 : 1,\n    position: \"relative\",\n    transform: CSS.Translate.toString(transform),\n    transition,\n    width: cell.column.getSize(),\n    zIndex: isDragging ? 1 : 0,\n  };\n\n  return (\n    <TableCell ref={setNodeRef} className=\"truncate\" style={style}>\n      {flexRender(cell.column.columnDef.cell, cell.getContext())}\n    </TableCell>\n  );\n};\n",
      "type": "registry:component",
      "target": ""
    }
  ],
  "meta": {
    "tags": [
      "table",
      "tanstack",
      "flag",
      "sort",
      "drag and drop"
    ],
    "colSpan": 3
  }
}