{
  "$schema": "https://ui.shadcn.com/schema/registry-item.json",
  "name": "comp-276",
  "type": "registry:component",
  "files": [
    {
      "path": "registry/default/components/comp-276.tsx",
      "content": "import { ArrowRight, TriangleAlert } from \"lucide-react\";\n\nexport default function Component() {\n  return (\n    <div className=\"rounded-lg border border-amber-500/50 px-4 py-3 text-amber-600\">\n      <div className=\"flex gap-3\">\n        <TriangleAlert\n          className=\"mt-0.5 shrink-0 opacity-60\"\n          size={16}\n          strokeWidth={2}\n          aria-hidden=\"true\"\n        />\n        <div className=\"flex grow justify-between gap-3\">\n          <p className=\"text-sm\">Some information is missing!</p>\n          <a href=\"#\" className=\"group whitespace-nowrap text-sm font-medium\">\n            Link\n            <ArrowRight\n              className=\"-mt-0.5 ms-1 inline-flex opacity-60 transition-transform group-hover:translate-x-0.5\"\n              size={16}\n              strokeWidth={2}\n              aria-hidden=\"true\"\n            />\n          </a>\n        </div>\n      </div>\n    </div>\n  );\n}\n",
      "type": "registry:component",
      "target": ""
    }
  ],
  "meta": {
    "tags": [
      "alert",
      "warning"
    ],
    "colSpan": 2
  }
}