{
  "$schema": "https://ui.shadcn.com/schema/registry-item.json",
  "name": "comp-358",
  "type": "registry:component",
  "registryDependencies": [
    "https://originui.com/r/button.json",
    "https://originui.com/r/tooltip.json"
  ],
  "files": [
    {
      "path": "registry/default/components/comp-358.tsx",
      "content": "import { Button } from \"@/registry/default/ui/button\";\nimport {\n  Tooltip,\n  TooltipContent,\n  TooltipProvider,\n  TooltipTrigger,\n} from \"@/registry/default/ui/tooltip\";\nimport { Globe } from \"lucide-react\";\n\nexport default function Component() {\n  return (\n    <TooltipProvider delayDuration={0}>\n      <Tooltip>\n        <TooltipTrigger asChild>\n          <Button variant=\"outline\" size=\"sm\">\n            W/ icon\n          </Button>\n        </TooltipTrigger>\n        <TooltipContent className=\"dark py-3\">\n          <div className=\"flex gap-3\">\n            <Globe\n              className=\"mt-0.5 shrink-0 opacity-60\"\n              size={16}\n              strokeWidth={2}\n              aria-hidden=\"true\"\n            />\n            <div className=\"space-y-1\">\n              <p className=\"text-[13px] font-medium\">Tooltip with title and icon</p>\n              <p className=\"text-xs text-muted-foreground\">\n                Tooltips are made to be highly customizable, with features like dynamic placement,\n                rich content, and a robust API.\n              </p>\n            </div>\n          </div>\n        </TooltipContent>\n      </Tooltip>\n    </TooltipProvider>\n  );\n}\n",
      "type": "registry:component",
      "target": ""
    }
  ],
  "meta": {
    "tags": [
      "tooltip",
      "radix"
    ],
    "style": 1
  }
}