{
  "$schema": "https://ui.shadcn.com/schema/registry-item.json",
  "name": "comp-203",
  "type": "registry:component",
  "registryDependencies": [
    "https://originui.com/r/select.json",
    "https://originui.com/r/label.json"
  ],
  "files": [
    {
      "path": "registry/default/components/comp-203.tsx",
      "content": "import { Label } from \"@/registry/default/ui/label\";\nimport {\n  Select,\n  SelectContent,\n  SelectItem,\n  SelectTrigger,\n  SelectValue,\n} from \"@/registry/default/ui/select\";\nimport { useId } from \"react\";\n\nexport default function Component() {\n  const id = useId();\n  return (\n    <div className=\"space-y-2\">\n      <Label htmlFor={id}>Simple select with default value</Label>\n      <Select defaultValue=\"1\">\n        <SelectTrigger id={id}>\n          <SelectValue placeholder=\"Select framework\" />\n        </SelectTrigger>\n        <SelectContent>\n          <SelectItem value=\"1\">React</SelectItem>\n          <SelectItem value=\"2\">Next.js</SelectItem>\n          <SelectItem value=\"3\">Astro</SelectItem>\n          <SelectItem value=\"4\">Gatsby</SelectItem>\n        </SelectContent>\n      </Select>\n    </div>\n  );\n}\n",
      "type": "registry:component",
      "target": ""
    }
  ],
  "meta": {
    "tags": [
      "label",
      "select",
      "radix"
    ]
  }
}