{
  "$schema": "https://ui.shadcn.com/schema/registry-item.json",
  "name": "comp-192",
  "type": "registry:component",
  "registryDependencies": [
    "https://originui.com/r/select-native.json",
    "https://originui.com/r/label.json"
  ],
  "files": [
    {
      "path": "registry/default/components/comp-192.tsx",
      "content": "import { Label } from \"@/registry/default/ui/label\";\nimport { SelectNative } from \"@/registry/default/ui/select-native\";\nimport { useId } from \"react\";\n\nexport default function Component() {\n  const id = useId();\n  return (\n    <div className=\"space-y-2\">\n      <Label htmlFor={id}>Select with helper text (native)</Label>\n      <SelectNative id={id}>\n        <option value=\"1\">React</option>\n        <option value=\"2\">Next.js</option>\n        <option value=\"3\">Astro</option>\n        <option value=\"4\">Gatsby</option>\n      </SelectNative>\n      <p className=\"mt-2 text-xs text-muted-foreground\" role=\"region\" aria-live=\"polite\">\n        Tell us what&lsquo;s your favorite Select framework\n      </p>\n    </div>\n  );\n}\n",
      "type": "registry:component",
      "target": ""
    }
  ],
  "meta": {
    "tags": [
      "label",
      "select",
      "native select"
    ]
  }
}