{
  "$schema": "https://ui.shadcn.com/schema/registry-item.json",
  "name": "comp-469",
  "type": "registry:component",
  "registryDependencies": [
    "https://originui.com/r/table.json"
  ],
  "files": [
    {
      "path": "registry/default/components/comp-469.tsx",
      "content": "import {\n  Table,\n  TableBody,\n  TableCell,\n  TableFooter,\n  TableHead,\n  TableHeader,\n  TableRow,\n} from \"@/registry/default/ui/table\";\n\nconst items = [\n  {\n    id: \"1\",\n    name: \"Alex Thompson\",\n    email: \"alex.t@company.com\",\n    location: \"San Francisco, US\",\n    status: \"Active\",\n    balance: \"$1,250.00\",\n  },\n  {\n    id: \"2\",\n    name: \"Sarah Chen\",\n    email: \"sarah.c@company.com\",\n    location: \"Singapore\",\n    status: \"Active\",\n    balance: \"$600.00\",\n  },\n  {\n    id: \"3\",\n    name: \"James Wilson\",\n    email: \"j.wilson@company.com\",\n    location: \"London, UK\",\n    status: \"Inactive\",\n    balance: \"$650.00\",\n  },\n  {\n    id: \"4\",\n    name: \"Maria Garcia\",\n    email: \"m.garcia@company.com\",\n    location: \"Madrid, Spain\",\n    status: \"Active\",\n    balance: \"$0.00\",\n  },\n  {\n    id: \"5\",\n    name: \"David Kim\",\n    email: \"d.kim@company.com\",\n    location: \"Seoul, KR\",\n    status: \"Active\",\n    balance: \"-$1,000.00\",\n  },\n];\n\nexport default function Component() {\n  return (\n    <div>\n      <Table>\n        <TableHeader className=\"bg-transparent\">\n          <TableRow className=\"hover:bg-transparent\">\n            <TableHead>Name</TableHead>\n            <TableHead>Email</TableHead>\n            <TableHead>Location</TableHead>\n            <TableHead>Status</TableHead>\n            <TableHead className=\"text-right\">Balance</TableHead>\n          </TableRow>\n        </TableHeader>\n        <tbody aria-hidden=\"true\" className=\"table-row h-2\"></tbody>\n        <TableBody className=\"[&_td:first-child]:rounded-l-lg [&_td:last-child]:rounded-r-lg\">\n          {items.map((item) => (\n            <TableRow\n              key={item.id}\n              className=\"border-none odd:bg-muted/50 hover:bg-transparent odd:hover:bg-muted/50\"\n            >\n              <TableCell className=\"py-2.5 font-medium\">{item.name}</TableCell>\n              <TableCell className=\"py-2.5\">{item.email}</TableCell>\n              <TableCell className=\"py-2.5\">{item.location}</TableCell>\n              <TableCell className=\"py-2.5\">{item.status}</TableCell>\n              <TableCell className=\"py-2.5 text-right\">{item.balance}</TableCell>\n            </TableRow>\n          ))}\n        </TableBody>\n        <tbody aria-hidden=\"true\" className=\"table-row h-2\"></tbody>\n        <TableFooter className=\"bg-transparent\">\n          <TableRow className=\"hover:bg-transparent\">\n            <TableCell colSpan={4}>Total</TableCell>\n            <TableCell className=\"text-right\">$2,500.00</TableCell>\n          </TableRow>\n        </TableFooter>\n      </Table>\n      <p className=\"mt-4 text-center text-sm text-muted-foreground\">Striped table</p>\n    </div>\n  );\n}\n",
      "type": "registry:component",
      "target": ""
    }
  ],
  "meta": {
    "tags": [
      "table"
    ],
    "colSpan": 3
  }
}