{
  "$schema": "https://ui.shadcn.com/schema/registry-item.json",
  "name": "comp-112",
  "type": "registry:component",
  "registryDependencies": [
    "https://originui.com/r/button.json"
  ],
  "files": [
    {
      "path": "registry/default/components/comp-112.tsx",
      "content": "import { Button } from \"@/registry/default/ui/button\";\nimport { SquareArrowOutUpRight } from \"lucide-react\";\n\nexport default function Component() {\n  return (\n    <div className=\"inline-flex -space-x-px rounded-lg shadow-sm shadow-black/5 rtl:space-x-reverse\">\n      <Button\n        className=\"rounded-none shadow-none first:rounded-s-lg last:rounded-e-lg focus-visible:z-10\"\n        variant=\"outline\"\n      >\n        Preview\n      </Button>\n      <Button\n        className=\"rounded-none shadow-none first:rounded-s-lg last:rounded-e-lg focus-visible:z-10\"\n        variant=\"outline\"\n        size=\"icon\"\n        aria-label=\"Open link\"\n      >\n        <SquareArrowOutUpRight size={16} strokeWidth={2} aria-hidden=\"true\" />\n      </Button>\n    </div>\n  );\n}\n",
      "type": "registry:component",
      "target": ""
    }
  ],
  "meta": {
    "tags": [
      "button"
    ],
    "style": 2
  }
}