{
  "$schema": "https://ui.shadcn.com/schema/registry-item.json",
  "name": "comp-149",
  "type": "registry:component",
  "registryDependencies": [
    "https://originui.com/r/checkbox.json"
  ],
  "files": [
    {
      "path": "registry/default/components/comp-149.tsx",
      "content": "import { Checkbox } from \"@/registry/default/ui/checkbox\";\nimport { useId } from \"react\";\n\nexport default function Component() {\n  const id = useId();\n\n  const items = [\n    { value: \"1\", label: \"Monday\", defaultChecked: true },\n    { value: \"2\", label: \"Tuesday\", defaultChecked: true },\n    { value: \"3\", label: \"Wednesday\" },\n    { value: \"4\", label: \"Thursday\", defaultChecked: true },\n    { value: \"5\", label: \"Friday\", defaultChecked: true },\n    { value: \"6\", label: \"Saturday\" },\n    { value: \"7\", label: \"Sunday\", disabled: true },\n  ];\n\n  return (\n    <fieldset className=\"space-y-4\">\n      <legend className=\"text-sm font-medium leading-none text-foreground\">Days of the week</legend>\n      <div className=\"flex gap-1.5\">\n        {items.map((item) => (\n          <label\n            key={`${id}-${item.value}`}\n            className=\"relative flex size-9 cursor-pointer flex-col items-center justify-center gap-3 rounded-full border border-input text-center shadow-sm shadow-black/5 outline-offset-2 transition-colors has-[[data-disabled]]:cursor-not-allowed has-[[data-state=checked]]:border-primary has-[[data-state=checked]]:bg-primary has-[[data-state=checked]]:text-primary-foreground has-[[data-disabled]]:opacity-50 has-[:focus-visible]:outline has-[:focus-visible]:outline-2 has-[:focus-visible]:outline-ring/70\"\n          >\n            <Checkbox\n              id={`${id}-${item.value}`}\n              value={item.value}\n              className=\"sr-only after:absolute after:inset-0\"\n              defaultChecked={item.defaultChecked}\n              disabled={item.disabled}\n            />\n            <span aria-hidden=\"true\" className=\"text-sm font-medium\">\n              {item.label[0]}\n            </span>\n            <span className=\"sr-only\">{item.label}</span>\n          </label>\n        ))}\n      </div>\n    </fieldset>\n  );\n}\n",
      "type": "registry:component",
      "target": ""
    }
  ],
  "meta": {
    "tags": [
      "checkbox",
      "label",
      "week",
      "calendar",
      "radix"
    ]
  }
}