{
  "$schema": "https://ui.shadcn.com/schema/registry-item.json",
  "name": "comp-242",
  "type": "registry:component",
  "registryDependencies": [
    "https://originui.com/r/label.json",
    "https://originui.com/r/slider.json"
  ],
  "files": [
    {
      "path": "registry/default/components/comp-242.tsx",
      "content": "import { Label } from \"@/registry/default/ui/label\";\nimport { Slider } from \"@/registry/default/ui/slider\";\n\nexport default function Component() {\n  return (\n    <div className=\"space-y-4\">\n      <Label>Slider with square thumb</Label>\n      <Slider\n        defaultValue={[25]}\n        max={100}\n        step={10}\n        className=\"[&>:last-child>span]:rounded\"\n        aria-label=\"Slider with square thumb\"\n      />\n    </div>\n  );\n}\n",
      "type": "registry:component",
      "target": ""
    }
  ],
  "meta": {
    "tags": [
      "slider",
      "label",
      "radix"
    ]
  }
}