{
  "$schema": "https://ui.shadcn.com/schema/registry-item.json",
  "name": "comp-299",
  "type": "registry:component",
  "dependencies": [
    "sonner"
  ],
  "registryDependencies": [
    "https://originui.com/r/button.json"
  ],
  "files": [
    {
      "path": "registry/default/components/comp-299.tsx",
      "content": "\"use client\";\n\nimport { Button } from \"@/registry/default/ui/button\";\nimport { toast } from \"sonner\";\n\nexport default function Component() {\n  return (\n    <Button\n      variant=\"outline\"\n      onClick={() => {\n        toast(\"Your request was completed!\", {\n          description: \"It was a long journey, but we made it!\",\n          action: {\n            label: \"Undo\",\n            onClick: () => console.log(\"Undo\"),\n          },\n        });\n      }}\n    >\n      Show sonner\n    </Button>\n  );\n}\n",
      "type": "registry:component",
      "target": ""
    }
  ],
  "meta": {
    "tags": [
      "notification",
      "toast",
      "radix"
    ],
    "colSpan": 2,
    "style": 1
  }
}