{
  "$schema": "https://ui.shadcn.com/schema/registry-item.json",
  "name": "comp-389",
  "type": "registry:component",
  "registryDependencies": [
    "https://originui.com/r/button.json",
    "https://originui.com/r/popover.json"
  ],
  "files": [
    {
      "path": "registry/default/components/comp-389.tsx",
      "content": "\"use client\";\n\nimport { Button } from \"@/registry/default/ui/button\";\nimport {\n  Popover,\n  PopoverAnchor,\n  PopoverContent,\n  PopoverTrigger,\n} from \"@/registry/default/ui/popover\";\nimport { useState } from \"react\";\n\nimport { Club, Diamond, Heart, LucideIcon, Spade } from \"lucide-react\";\n\ninterface TourStep {\n  icon: LucideIcon;\n  title: string;\n  description: string;\n}\n\nconst tourSteps: TourStep[] = [\n  {\n    icon: Heart,\n    title: \"Heart\",\n    description:\n      \"This is your new workspace. Here you'll find all your projects, recent activities, settings, and more.\",\n  },\n  {\n    icon: Diamond,\n    title: \"Diamond\",\n    description:\n      \"Use the toolbar above to create new projects, invite team members, or access settings.\",\n  },\n  {\n    icon: Club,\n    title: \"Club\",\n    description:\n      \"Click the support icon in the top right corner to access our help center and documentation.\",\n  },\n  {\n    icon: Spade,\n    title: \"Spade\",\n    description:\n      \"Press ⌘K to open the command palette. Use arrow keys to navigate and Enter to select an action.\",\n  },\n];\n\ninterface CardProps {\n  number: number;\n  isActive: boolean;\n}\n\nfunction Card({ number, isActive }: CardProps) {\n  const content = (\n    <div className=\"flex size-10 items-center justify-center rounded-lg bg-secondary text-sm font-medium text-muted-foreground\">\n      {number + 1}\n    </div>\n  );\n\n  return isActive ? <PopoverAnchor>{content}</PopoverAnchor> : content;\n}\n\nexport default function Component() {\n  const [currentTip, setCurrentTip] = useState(0);\n\n  const handleNavigation = () => {\n    if (currentTip === tourSteps.length - 1) {\n      setCurrentTip(0);\n    } else {\n      setCurrentTip(currentTip + 1);\n    }\n  };\n\n  return (\n    <div className=\"flex flex-col gap-4\">\n      <Popover\n        onOpenChange={(open) => {\n          if (open) setCurrentTip(0);\n        }}\n      >\n        <div className=\"grid grid-cols-2 place-items-center gap-4\">\n          {tourSteps.map((step, index) => (\n            <Card key={step.title} number={index} isActive={currentTip === index} />\n          ))}\n        </div>\n\n        <PopoverTrigger asChild>\n          <Button variant=\"outline\">Start tour</Button>\n        </PopoverTrigger>\n\n        <PopoverContent\n          className=\"max-w-[280px] py-3 shadow-none\"\n          side={currentTip % 2 === 0 ? \"left\" : \"right\"}\n          showArrow={true}\n        >\n          <div className=\"space-y-3\">\n            <div className=\"space-y-1\">\n              <p className=\"text-[13px] font-medium\">{tourSteps[currentTip].title}</p>\n              <p className=\"text-xs text-muted-foreground\">{tourSteps[currentTip].description}</p>\n            </div>\n            <div className=\"flex items-center justify-between gap-2\">\n              <span className=\"text-xs text-muted-foreground\">\n                {currentTip + 1}/{tourSteps.length}\n              </span>\n              <button className=\"text-xs font-medium hover:underline\" onClick={handleNavigation}>\n                {currentTip === tourSteps.length - 1 ? \"Start over\" : \"Next\"}\n              </button>\n            </div>\n          </div>\n        </PopoverContent>\n      </Popover>\n    </div>\n  );\n}\n",
      "type": "registry:component",
      "target": ""
    }
  ],
  "meta": {
    "tags": [
      "popover",
      "tour",
      "radix"
    ],
    "style": 1
  }
}