{
  "$schema": "https://ui.shadcn.com/schema/registry-item.json",
  "name": "comp-114",
  "type": "registry:component",
  "registryDependencies": [
    "https://originui.com/r/button.json"
  ],
  "files": [
    {
      "path": "registry/default/components/comp-114.tsx",
      "content": "import { Button } from \"@/registry/default/ui/button\";\nimport { ChevronDown, GitFork } from \"lucide-react\";\n\nexport default function Component() {\n  return (\n    <div className=\"inline-flex -space-x-px divide-x divide-primary-foreground/30 rounded-lg shadow-sm shadow-black/5 rtl:space-x-reverse\">\n      <Button className=\"rounded-none shadow-none first:rounded-s-lg last:rounded-e-lg focus-visible:z-10\">\n        <GitFork className=\"me-2 opacity-60\" size={16} strokeWidth={2} aria-hidden=\"true\" />\n        Fork\n        <span className=\"-me-1 ms-3 inline-flex h-5 max-h-full items-center rounded border border-primary-foreground/30 px-1 font-[inherit] text-[0.625rem] font-medium text-primary-foreground/60\">\n          18\n        </span>\n      </Button>\n      <Button\n        className=\"rounded-none shadow-none first:rounded-s-lg last:rounded-e-lg focus-visible:z-10\"\n        size=\"icon\"\n        aria-label=\"Options\"\n      >\n        <ChevronDown size={16} strokeWidth={2} aria-hidden=\"true\" />\n      </Button>\n    </div>\n  );\n}\n",
      "type": "registry:component",
      "target": ""
    }
  ],
  "meta": {
    "tags": [
      "button",
      "dropdown",
      "counter"
    ],
    "style": 2
  }
}