{
  "$schema": "https://ui.shadcn.com/schema/registry-item.json",
  "name": "comp-300",
  "type": "registry:component",
  "dependencies": [
    "sonner"
  ],
  "registryDependencies": [
    "https://originui.com/r/button.json"
  ],
  "files": [
    {
      "path": "registry/default/components/comp-300.tsx",
      "content": "\"use client\";\n\nimport { Button } from \"@/registry/default/ui/button\";\nimport { CircleCheck, X } from \"lucide-react\";\nimport { toast } from \"sonner\";\n\nexport default function Component() {\n  return (\n    <Button\n      variant=\"outline\"\n      onClick={() => {\n        toast.custom((t) => (\n          <div className=\"w-[var(--width)] rounded-lg border border-border bg-background px-4 py-3\">\n            <div className=\"flex gap-2\">\n              <div className=\"flex grow gap-3\">\n                <CircleCheck\n                  className=\"mt-0.5 shrink-0 text-emerald-500\"\n                  size={16}\n                  strokeWidth={2}\n                  aria-hidden=\"true\"\n                />\n                <div className=\"flex grow justify-between gap-12\">\n                  <p className=\"text-sm\">Message sent</p>\n                  <div className=\"whitespace-nowrap text-sm\">\n                    <button className=\"text-sm font-medium hover:underline\">View</button>{\" \"}\n                    <span className=\"mx-1 text-muted-foreground\">·</span>{\" \"}\n                    <button\n                      className=\"text-sm font-medium hover:underline\"\n                      onClick={() => toast.dismiss(t)}\n                    >\n                      Undo\n                    </button>\n                  </div>\n                </div>\n              </div>\n              <Button\n                variant=\"ghost\"\n                className=\"group -my-1.5 -me-2 size-8 shrink-0 p-0 hover:bg-transparent\"\n                onClick={() => toast.dismiss(t)}\n                aria-label=\"Close banner\"\n              >\n                <X\n                  size={16}\n                  strokeWidth={2}\n                  className=\"opacity-60 transition-opacity group-hover:opacity-100\"\n                  aria-hidden=\"true\"\n                />\n              </Button>\n            </div>\n          </div>\n        ));\n      }}\n    >\n      Custom sonner\n    </Button>\n  );\n}\n",
      "type": "registry:component",
      "target": ""
    }
  ],
  "meta": {
    "tags": [
      "notification",
      "toast",
      "success",
      "radix"
    ],
    "colSpan": 2,
    "style": 1
  }
}