{
  "$schema": "https://ui.shadcn.com/schema/registry-item.json",
  "name": "comp-296",
  "type": "registry:component",
  "registryDependencies": [
    "https://originui.com/r/button.json"
  ],
  "files": [
    {
      "path": "registry/default/components/comp-296.tsx",
      "content": "import { Button } from \"@/registry/default/ui/button\";\nimport { Radio, X } from \"lucide-react\";\n\nexport default function Component() {\n  return (\n    // To make the notification fixed, add classes like `fixed bottom-4 right-4` to the container element.\n    <div className=\"z-[100] max-w-[400px] rounded-lg border border-border bg-background p-4 shadow-lg shadow-black/5\">\n      <div className=\"flex items-center gap-2\">\n        <div\n          className=\"flex size-9 shrink-0 items-center justify-center rounded-full border border-border\"\n          aria-hidden=\"true\"\n        >\n          <Radio className=\"opacity-60\" size={16} strokeWidth={2} />\n        </div>\n        <div className=\"flex grow items-center gap-12\">\n          <div className=\"space-y-1\">\n            <p className=\"text-sm font-medium\">Live in 27 hours</p>\n            <p className=\"text-xs text-muted-foreground\">November 20 at 8:00 PM.</p>\n          </div>\n          <Button size=\"sm\">Notify me</Button>\n        </div>\n        <Button\n          variant=\"ghost\"\n          className=\"group -my-1.5 -me-2 size-8 shrink-0 p-0 hover:bg-transparent\"\n          aria-label=\"Close notification\"\n        >\n          <X\n            size={16}\n            strokeWidth={2}\n            className=\"opacity-60 transition-opacity group-hover:opacity-100\"\n            aria-hidden=\"true\"\n          />\n        </Button>\n      </div>\n    </div>\n  );\n}\n",
      "type": "registry:component",
      "target": ""
    }
  ],
  "meta": {
    "tags": [
      "notification",
      "button"
    ],
    "colSpan": 2,
    "style": 1
  }
}