{
  "$schema": "https://ui.shadcn.com/schema/registry-item.json",
  "name": "comp-34",
  "type": "registry:component",
  "registryDependencies": [
    "https://originui.com/r/input.json",
    "https://originui.com/r/label.json"
  ],
  "files": [
    {
      "path": "registry/default/components/comp-34.tsx",
      "content": "\"use client\";\n\nimport { useCharacterLimit } from \"@/registry/default/hooks/use-character-limit\";\nimport { Input } from \"@/registry/default/ui/input\";\nimport { Label } from \"@/registry/default/ui/label\";\nimport { useId } from \"react\";\n\nexport default function Component() {\n  const id = useId();\n  const maxLength = 50;\n  const {\n    value,\n    characterCount,\n    handleChange,\n    maxLength: limit,\n  } = useCharacterLimit({ maxLength });\n\n  return (\n    <div className=\"space-y-2\">\n      <Label htmlFor={id}>Input with character limit</Label>\n      <div className=\"relative\">\n        <Input\n          id={id}\n          className=\"peer pe-14\"\n          type=\"text\"\n          value={value}\n          maxLength={maxLength}\n          onChange={handleChange}\n          aria-describedby={`${id}-description`}\n        />\n        <div\n          id={`${id}-description`}\n          className=\"pointer-events-none absolute inset-y-0 end-0 flex items-center justify-center pe-3 text-xs tabular-nums text-muted-foreground peer-disabled:opacity-50\"\n          aria-live=\"polite\"\n          role=\"status\"\n        >\n          {characterCount}/{limit}\n        </div>\n      </div>\n    </div>\n  );\n}\n",
      "type": "registry:component",
      "target": ""
    },
    {
      "path": "registry/default/hooks/use-character-limit.ts",
      "content": "\"use client\";\n\nimport { ChangeEvent, useState } from \"react\";\n\ntype UseCharacterLimitProps = {\n  maxLength: number;\n  initialValue?: string;\n};\n\nexport function useCharacterLimit({ maxLength, initialValue = \"\" }: UseCharacterLimitProps) {\n  const [value, setValue] = useState(initialValue);\n  const [characterCount, setCharacterCount] = useState(initialValue.length);\n\n  const handleChange = (e: ChangeEvent<HTMLInputElement | HTMLTextAreaElement>) => {\n    const newValue = e.target.value;\n    if (newValue.length <= maxLength) {\n      setValue(newValue);\n      setCharacterCount(newValue.length);\n    }\n  };\n\n  return {\n    value,\n    characterCount,\n    handleChange,\n    maxLength,\n  };\n}\n",
      "type": "registry:hook",
      "target": ""
    }
  ],
  "meta": {
    "tags": [
      "input",
      "label"
    ]
  }
}