{
  "$schema": "https://ui.shadcn.com/schema/registry-item.json",
  "name": "comp-263",
  "type": "registry:component",
  "registryDependencies": [
    "https://originui.com/r/label.json",
    "https://originui.com/r/slider.json"
  ],
  "files": [
    {
      "path": "registry/default/components/comp-263.tsx",
      "content": "import { Label } from \"@/registry/default/ui/label\";\nimport { Slider } from \"@/registry/default/ui/slider\";\n\nexport default function Component() {\n  return (\n    <div className=\"space-y-4\">\n      <Label>Vertical dual range slider and tooltip</Label>\n      <div className=\"flex h-40 justify-center\">\n        <Slider\n          defaultValue={[2, 7]}\n          max={10}\n          orientation=\"vertical\"\n          aria-label=\"Vertical slider\"\n          showTooltip\n        />\n      </div>\n    </div>\n  );\n}\n",
      "type": "registry:component",
      "target": ""
    }
  ],
  "meta": {
    "tags": [
      "slider",
      "vertical slider",
      "range slider",
      "label",
      "radix"
    ]
  }
}