{
  "$schema": "https://ui.shadcn.com/schema/registry-item.json",
  "name": "comp-375",
  "type": "registry:component",
  "registryDependencies": [
    "https://originui.com/r/button.json",
    "https://originui.com/r/dropdown-menu.json"
  ],
  "files": [
    {
      "path": "registry/default/components/comp-375.tsx",
      "content": "import { Button } from \"@/registry/default/ui/button\";\nimport {\n  DropdownMenu,\n  DropdownMenuContent,\n  DropdownMenuGroup,\n  DropdownMenuItem,\n  DropdownMenuLabel,\n  DropdownMenuSeparator,\n  DropdownMenuTrigger,\n} from \"@/registry/default/ui/dropdown-menu\";\nimport { CircleUserRound } from \"lucide-react\";\n\nexport default function Component() {\n  return (\n    <DropdownMenu>\n      <DropdownMenuTrigger asChild>\n        <Button size=\"icon\" variant=\"outline\" aria-label=\"Open account menu\">\n          <CircleUserRound size={16} strokeWidth={2} aria-hidden=\"true\" />\n        </Button>\n      </DropdownMenuTrigger>\n      <DropdownMenuContent className=\"max-w-64\">\n        <DropdownMenuLabel className=\"flex flex-col\">\n          <span>Signed in as</span>\n          <span className=\"text-xs font-normal text-foreground\">k.kennedy@originui.com</span>\n        </DropdownMenuLabel>\n        <DropdownMenuSeparator />\n        <DropdownMenuGroup>\n          <DropdownMenuItem>Option 1</DropdownMenuItem>\n          <DropdownMenuItem>Option 2</DropdownMenuItem>\n          <DropdownMenuItem>Option 3</DropdownMenuItem>\n        </DropdownMenuGroup>\n        <DropdownMenuSeparator />\n        <DropdownMenuItem>Logout</DropdownMenuItem>\n      </DropdownMenuContent>\n    </DropdownMenu>\n  );\n}\n",
      "type": "registry:component",
      "target": ""
    }
  ],
  "meta": {
    "tags": [
      "dropdown",
      "user",
      "profile",
      "radix"
    ],
    "style": 1
  }
}