{
  "$schema": "https://ui.shadcn.com/schema/registry-item.json",
  "name": "comp-261",
  "type": "registry:component",
  "registryDependencies": [
    "https://originui.com/r/label.json",
    "https://originui.com/r/slider.json"
  ],
  "files": [
    {
      "path": "registry/default/components/comp-261.tsx",
      "content": "import { Label } from \"@/registry/default/ui/label\";\nimport { Slider } from \"@/registry/default/ui/slider\";\n\nexport default function Component() {\n  return (\n    <div className=\"space-y-4\">\n      <Label>Vertical slider</Label>\n      <div className=\"flex h-40 justify-center\">\n        <Slider defaultValue={[5]} max={10} orientation=\"vertical\" aria-label=\"Vertical slider\" />\n      </div>\n    </div>\n  );\n}\n",
      "type": "registry:component",
      "target": ""
    }
  ],
  "meta": {
    "tags": [
      "slider",
      "vertical slider",
      "label",
      "radix"
    ]
  }
}