{
  "$schema": "https://ui.shadcn.com/schema/registry-item.json",
  "name": "comp-20",
  "type": "registry:component",
  "registryDependencies": [
    "https://originui.com/r/input.json",
    "https://originui.com/r/label.json"
  ],
  "files": [
    {
      "path": "registry/default/components/comp-20.tsx",
      "content": "import { Input } from \"@/registry/default/ui/input\";\nimport { Label } from \"@/registry/default/ui/label\";\nimport { Download } from \"lucide-react\";\nimport { useId } from \"react\";\n\nexport default function Component() {\n  const id = useId();\n  return (\n    <div className=\"space-y-2\">\n      <Label htmlFor={id}>Input with end icon button</Label>\n      <div className=\"flex rounded-lg shadow-sm shadow-black/5\">\n        <Input\n          id={id}\n          className=\"-me-px flex-1 rounded-e-none shadow-none focus-visible:z-10\"\n          placeholder=\"Email\"\n          type=\"email\"\n        />\n        <button\n          className=\"inline-flex w-9 items-center justify-center rounded-e-lg border border-input bg-background text-sm text-muted-foreground/80 outline-offset-2 transition-colors hover:bg-accent hover:text-accent-foreground focus:z-10 focus-visible:outline focus-visible:outline-2 focus-visible:outline-ring/70 disabled:pointer-events-none disabled:cursor-not-allowed disabled:opacity-50\"\n          aria-label=\"Subscribe\"\n        >\n          <Download size={16} strokeWidth={2} aria-hidden=\"true\" />\n        </button>\n      </div>\n    </div>\n  );\n}\n",
      "type": "registry:component",
      "target": ""
    }
  ],
  "meta": {
    "tags": [
      "input",
      "label",
      "button"
    ]
  }
}