{
  "$schema": "https://ui.shadcn.com/schema/registry-item.json",
  "name": "comp-304",
  "type": "registry:component",
  "files": [
    {
      "path": "registry/default/components/comp-304.tsx",
      "content": "import { ArrowRight, Eclipse } from \"lucide-react\";\n\nexport default function Component() {\n  return (\n    <div className=\"dark bg-muted px-4 py-3 text-foreground\">\n      <div className=\"flex flex-col justify-between gap-2 md:flex-row\">\n        <div className=\"flex grow gap-3\">\n          <Eclipse\n            className=\"mt-0.5 shrink-0 opacity-60\"\n            size={16}\n            strokeWidth={2}\n            aria-hidden=\"true\"\n          />\n          <div className=\"flex grow flex-col justify-between gap-2 md:flex-row md:items-center\">\n            <p className=\"text-sm\">\n              We just added something awesome to make your experience even better.\n            </p>\n            <a href=\"#\" className=\"group whitespace-nowrap text-sm font-medium\">\n              Learn more\n              <ArrowRight\n                className=\"-mt-0.5 ms-1 inline-flex opacity-60 transition-transform group-hover:translate-x-0.5\"\n                size={16}\n                strokeWidth={2}\n                aria-hidden=\"true\"\n              />\n            </a>\n          </div>\n        </div>\n      </div>\n    </div>\n  );\n}\n",
      "type": "registry:component",
      "target": ""
    }
  ],
  "meta": {
    "tags": [
      "banner"
    ],
    "colSpan": 3
  }
}