{
  "$schema": "https://ui.shadcn.com/schema/registry-item.json",
  "name": "comp-227",
  "type": "registry:component",
  "registryDependencies": [
    "https://originui.com/r/select.json",
    "https://originui.com/r/label.json"
  ],
  "files": [
    {
      "path": "registry/default/components/comp-227.tsx",
      "content": "import { cn } from \"@/registry/default/lib/utils\";\nimport { Label } from \"@/registry/default/ui/label\";\nimport {\n  Select,\n  SelectContent,\n  SelectGroup,\n  SelectItem,\n  SelectLabel,\n  SelectTrigger,\n  SelectValue,\n} from \"@/registry/default/ui/select\";\nimport { useId } from \"react\";\n\nconst Square = ({ className, children }: { className?: string; children: React.ReactNode }) => (\n  <span\n    data-square\n    className={cn(\n      \"flex size-5 items-center justify-center rounded bg-muted text-xs font-medium text-muted-foreground\",\n      className,\n    )}\n    aria-hidden=\"true\"\n  >\n    {children}\n  </span>\n);\n\nexport default function Component() {\n  const id = useId();\n  return (\n    <div className=\"space-y-2\">\n      <Label htmlFor={id}>Options with placeholder avatar</Label>\n      <Select defaultValue=\"1\">\n        <SelectTrigger\n          id={id}\n          className=\"ps-2 [&>span]:flex [&>span]:items-center [&>span]:gap-2 [&>span_[data-square]]:shrink-0\"\n        >\n          <SelectValue placeholder=\"Select framework\" />\n        </SelectTrigger>\n        <SelectContent className=\"[&_*[role=option]>span]:end-2 [&_*[role=option]>span]:start-auto [&_*[role=option]>span]:flex [&_*[role=option]>span]:items-center [&_*[role=option]>span]:gap-2 [&_*[role=option]]:pe-8 [&_*[role=option]]:ps-2\">\n          <SelectGroup>\n            <SelectLabel className=\"ps-2\">Impersonate user</SelectLabel>\n            <SelectItem value=\"1\">\n              <Square className=\"bg-indigo-400/20 text-indigo-500\">F</Square>\n              <span className=\"truncate\">Frank Morris</span>\n            </SelectItem>\n            <SelectItem value=\"2\">\n              <Square className=\"bg-purple-400/20 text-purple-500\">X</Square>\n              <span className=\"truncate\">Xavier Guerra</span>\n            </SelectItem>\n            <SelectItem value=\"3\">\n              <Square className=\"bg-rose-400/20 text-rose-500\">A</Square>\n              <span className=\"truncate\">Anne Kelley</span>\n            </SelectItem>\n          </SelectGroup>\n        </SelectContent>\n      </Select>\n    </div>\n  );\n}\n",
      "type": "registry:component",
      "target": ""
    }
  ],
  "meta": {
    "tags": [
      "label",
      "select",
      "user",
      "avatar",
      "profile",
      "radix"
    ]
  }
}