{
  "$schema": "https://ui.shadcn.com/schema/registry-item.json",
  "name": "comp-379",
  "type": "registry:component",
  "registryDependencies": [
    "https://originui.com/r/button.json",
    "https://originui.com/r/dropdown-menu.json"
  ],
  "files": [
    {
      "path": "registry/default/components/comp-379.tsx",
      "content": "import { Button } from \"@/registry/default/ui/button\";\nimport {\n  DropdownMenu,\n  DropdownMenuContent,\n  DropdownMenuItem,\n  DropdownMenuLabel,\n  DropdownMenuTrigger,\n} from \"@/registry/default/ui/dropdown-menu\";\nimport { Plus } from \"lucide-react\";\n\nimport { Heading1, Heading2, Minus, TextQuote, Type } from \"lucide-react\";\n\nexport default function Component() {\n  return (\n    <DropdownMenu>\n      <DropdownMenuTrigger asChild>\n        <Button\n          size=\"icon\"\n          variant=\"ghost\"\n          className=\"rounded-full shadow-none\"\n          aria-label=\"Open edit menu\"\n        >\n          <Plus size={16} strokeWidth={2} aria-hidden=\"true\" />\n        </Button>\n      </DropdownMenuTrigger>\n      <DropdownMenuContent className=\"pb-2\">\n        <DropdownMenuLabel>Add block</DropdownMenuLabel>\n        <DropdownMenuItem>\n          <div\n            className=\"flex size-8 items-center justify-center rounded-lg border border-border bg-background\"\n            aria-hidden=\"true\"\n          >\n            <Type size={16} strokeWidth={2} className=\"opacity-60\" />\n          </div>\n          <div>\n            <div className=\"text-sm font-medium\">Text</div>\n            <div className=\"text-xs text-muted-foreground\">Start writing with plain text</div>\n          </div>\n        </DropdownMenuItem>\n        <DropdownMenuItem>\n          <div\n            className=\"flex size-8 items-center justify-center rounded-lg border border-border bg-background\"\n            aria-hidden=\"true\"\n          >\n            <TextQuote size={16} strokeWidth={2} className=\"opacity-60\" />\n          </div>\n          <div>\n            <div className=\"text-sm font-medium\">Quote</div>\n            <div className=\"text-xs text-muted-foreground\">Capture a quote</div>\n          </div>\n        </DropdownMenuItem>\n        <DropdownMenuItem>\n          <div\n            className=\"flex size-8 items-center justify-center rounded-lg border border-border bg-background\"\n            aria-hidden=\"true\"\n          >\n            <Minus size={16} strokeWidth={2} className=\"opacity-60\" />\n          </div>\n          <div>\n            <div className=\"text-sm font-medium\">Divider</div>\n            <div className=\"text-xs text-muted-foreground\">Visually divide blocks</div>\n          </div>\n        </DropdownMenuItem>\n        <DropdownMenuItem>\n          <div\n            className=\"flex size-8 items-center justify-center rounded-lg border border-border bg-background\"\n            aria-hidden=\"true\"\n          >\n            <Heading1 size={16} strokeWidth={2} className=\"opacity-60\" />\n          </div>\n          <div>\n            <div className=\"text-sm font-medium\">Heading 1</div>\n            <div className=\"text-xs text-muted-foreground\">Big section heading</div>\n          </div>\n        </DropdownMenuItem>\n        <DropdownMenuItem>\n          <div\n            className=\"flex size-8 items-center justify-center rounded-lg border border-border bg-background\"\n            aria-hidden=\"true\"\n          >\n            <Heading2 size={16} strokeWidth={2} className=\"opacity-60\" />\n          </div>\n          <div>\n            <div className=\"text-sm font-medium\">Heading 2</div>\n            <div className=\"text-xs text-muted-foreground\">Medium section subheading</div>\n          </div>\n        </DropdownMenuItem>\n      </DropdownMenuContent>\n    </DropdownMenu>\n  );\n}\n",
      "type": "registry:component",
      "target": ""
    }
  ],
  "meta": {
    "tags": [
      "dropdown",
      "text editor",
      "radix"
    ],
    "style": 1
  }
}