{
  "$schema": "https://ui.shadcn.com/schema/registry-item.json",
  "name": "comp-47",
  "type": "registry:component",
  "dependencies": [
    "react-payment-inputs"
  ],
  "devDependencies": [
    "@types/react-payment-inputs"
  ],
  "registryDependencies": [
    "https://originui.com/r/input.json",
    "https://originui.com/r/label.json"
  ],
  "files": [
    {
      "path": "registry/default/components/comp-47.tsx",
      "content": "\"use client\";\n\nimport { Input } from \"@/registry/default/ui/input\";\nimport { Label } from \"@/registry/default/ui/label\";\nimport { CreditCard } from \"lucide-react\";\nimport { useId } from \"react\";\nimport { usePaymentInputs } from \"react-payment-inputs\";\n\nexport default function Component() {\n  const id = useId();\n  const { getCardNumberProps } = usePaymentInputs();\n\n  return (\n    <div className=\"space-y-2\">\n      <Label htmlFor={`number-${id}`}>Card Number</Label>\n      <div className=\"relative\">\n        <Input\n          {...getCardNumberProps()}\n          id={`number-${id}`}\n          className=\"peer ps-9 [direction:inherit]\"\n        />\n        <div className=\"pointer-events-none absolute inset-y-0 start-0 flex items-center justify-center ps-3 text-muted-foreground/80 peer-disabled:opacity-50\">\n          <CreditCard size={16} strokeWidth={2} aria-hidden=\"true\" />\n        </div>\n      </div>\n      <p className=\"mt-2 text-xs text-muted-foreground\" role=\"region\" aria-live=\"polite\">\n        Built with{\" \"}\n        <a\n          className=\"underline hover:text-foreground\"\n          href=\"https://github.com/medipass/react-payment-inputs\"\n          target=\"_blank\"\n          rel=\"noopener nofollow\"\n        >\n          React Payment Inputs\n        </a>\n      </p>\n    </div>\n  );\n}\n",
      "type": "registry:component",
      "target": ""
    }
  ],
  "meta": {
    "tags": [
      "input",
      "label",
      "checkout",
      "payment",
      "credit card",
      "form"
    ]
  }
}