{
  "$schema": "https://ui.shadcn.com/schema/registry-item.json",
  "name": "comp-41",
  "type": "registry:component",
  "dependencies": [
    "react-aria-components"
  ],
  "registryDependencies": [
    "https://originui.com/r/calendar-rac.json",
    "https://originui.com/r/datefield-rac.json"
  ],
  "files": [
    {
      "path": "registry/default/components/comp-41.tsx",
      "content": "\"use client\";\n\nimport { Calendar } from \"@/registry/default/ui/calendar-rac\";\nimport { DateInput } from \"@/registry/default/ui/datefield-rac\";\nimport { CalendarIcon } from \"lucide-react\";\nimport { Button, DatePicker, Dialog, Group, Label, Popover } from \"react-aria-components\";\n\nexport default function Component() {\n  return (\n    <DatePicker className=\"space-y-2\">\n      <Label className=\"text-sm font-medium text-foreground\">Date picker</Label>\n      <div className=\"flex\">\n        <Group className=\"w-full\">\n          <DateInput className=\"pe-9\" />\n        </Group>\n        <Button className=\"z-10 -me-px -ms-9 flex w-9 items-center justify-center rounded-e-lg text-muted-foreground/80 outline-offset-2 transition-colors hover:text-foreground focus-visible:outline-none data-[focus-visible]:outline data-[focus-visible]:outline-2 data-[focus-visible]:outline-ring/70\">\n          <CalendarIcon size={16} strokeWidth={2} />\n        </Button>\n      </div>\n      <Popover\n        className=\"z-50 rounded-lg border border-border bg-background text-popover-foreground shadow-lg shadow-black/5 outline-none data-[entering]:animate-in data-[exiting]:animate-out data-[entering]:fade-in-0 data-[exiting]:fade-out-0 data-[entering]:zoom-in-95 data-[exiting]:zoom-out-95 data-[placement=bottom]:slide-in-from-top-2 data-[placement=left]:slide-in-from-right-2 data-[placement=right]:slide-in-from-left-2 data-[placement=top]:slide-in-from-bottom-2\"\n        offset={4}\n      >\n        <Dialog className=\"max-h-[inherit] overflow-auto p-2\">\n          <Calendar />\n        </Dialog>\n      </Popover>\n      <p className=\"mt-2 text-xs text-muted-foreground\" role=\"region\" aria-live=\"polite\">\n        Built with{\" \"}\n        <a\n          className=\"underline hover:text-foreground\"\n          href=\"https://react-spectrum.adobe.com/react-aria/DatePicker.html\"\n          target=\"_blank\"\n          rel=\"noopener nofollow\"\n        >\n          React Aria\n        </a>\n      </p>\n    </DatePicker>\n  );\n}\n",
      "type": "registry:component",
      "target": ""
    }
  ],
  "meta": {
    "tags": [
      "input",
      "label",
      "date",
      "calendar",
      "picker",
      "react aria"
    ]
  }
}