{
  "$schema": "https://ui.shadcn.com/schema/registry-item.json",
  "name": "comp-492",
  "type": "registry:component",
  "registryDependencies": [
    "https://originui.com/r/calendar.json"
  ],
  "files": [
    {
      "path": "registry/default/components/comp-492.tsx",
      "content": "import { Calendar } from \"@/registry/default/ui/calendar\";\nimport { addDays } from \"date-fns\";\n\nexport default function Component() {\n  const today = new Date();\n\n  return (\n    <div>\n      <Calendar\n        mode=\"range\"\n        disabled={[\n          { before: new Date() }, // Dates before today\n          new Date(), // Today\n          { dayOfWeek: [0, 6] }, // Weekends\n          {\n            from: addDays(today, 14), // 14th day from now\n            to: addDays(today, 16), // 16th day from now\n          },\n          {\n            from: addDays(today, 23), // 23th day from now\n            to: addDays(today, 24), // 24th day from now\n          },\n        ]}\n        excludeDisabled\n        className=\"rounded-lg border border-border p-2\"\n      />\n      <p\n        className=\"mt-4 text-center text-xs text-muted-foreground\"\n        role=\"region\"\n        aria-live=\"polite\"\n      >\n        Disabled dates -{\" \"}\n        <a\n          className=\"underline hover:text-foreground\"\n          href=\"https://daypicker.dev/\"\n          target=\"_blank\"\n          rel=\"noopener nofollow\"\n        >\n          React DayPicker\n        </a>\n      </p>\n    </div>\n  );\n}\n",
      "type": "registry:component",
      "target": ""
    }
  ],
  "meta": {
    "tags": [
      "calendar",
      "range calendar",
      "date",
      "disabled",
      "react daypicker"
    ],
    "style": 1
  }
}