{
  "$schema": "https://ui.shadcn.com/schema/registry-item.json",
  "name": "comp-308",
  "type": "registry:component",
  "registryDependencies": [
    "https://originui.com/r/button.json"
  ],
  "files": [
    {
      "path": "registry/default/components/comp-308.tsx",
      "content": "\"use client\";\n\nimport { Button } from \"@/registry/default/ui/button\";\nimport { Eclipse, X } from \"lucide-react\";\nimport { useState } from \"react\";\n\nexport default function Component() {\n  const [isVisible, setIsVisible] = useState(true);\n\n  if (!isVisible) return null;\n\n  return (\n    <div className=\"dark bg-muted px-4 py-3 text-foreground md:py-2\">\n      <div className=\"flex gap-2 md:items-center\">\n        <div className=\"flex grow gap-3 md:items-center md:justify-center\">\n          <Eclipse\n            className=\"shrink-0 opacity-60 max-md:mt-0.5\"\n            size={16}\n            strokeWidth={2}\n            aria-hidden=\"true\"\n          />\n          <div className=\"flex flex-col justify-between gap-3 md:flex-row md:items-center\">\n            <p className=\"text-sm\">\n              It&lsquo;s live and ready to use! Start exploring the latest addition to your toolkit.\n            </p>\n            <div className=\"flex gap-2 max-md:flex-wrap\">\n              <Button size=\"sm\" className=\"rounded-full\">\n                Learn more\n              </Button>\n            </div>\n          </div>\n        </div>\n        <Button\n          variant=\"ghost\"\n          className=\"group -my-1.5 -me-2 size-8 shrink-0 p-0 hover:bg-transparent\"\n          onClick={() => setIsVisible(false)}\n          aria-label=\"Close banner\"\n        >\n          <X\n            size={16}\n            strokeWidth={2}\n            className=\"opacity-60 transition-opacity group-hover:opacity-100\"\n            aria-hidden=\"true\"\n          />\n        </Button>\n      </div>\n    </div>\n  );\n}\n",
      "type": "registry:component",
      "target": ""
    }
  ],
  "meta": {
    "tags": [
      "banner"
    ],
    "colSpan": 3
  }
}