{
  "$schema": "https://ui.shadcn.com/schema/registry-item.json",
  "name": "comp-386",
  "type": "registry:component",
  "registryDependencies": [
    "https://originui.com/r/button.json",
    "https://originui.com/r/popover.json"
  ],
  "files": [
    {
      "path": "registry/default/components/comp-386.tsx",
      "content": "\"use client\";\n\nimport { Button } from \"@/registry/default/ui/button\";\nimport { Popover, PopoverContent, PopoverTrigger } from \"@/registry/default/ui/popover\";\nimport { ArrowLeft, ArrowRight } from \"lucide-react\";\nimport { useState } from \"react\";\n\nconst tips = [\n  {\n    title: \"Welcome to Dashboard\",\n    description:\n      \"This is your new workspace. Here you'll find all your projects, recent activities, settings, and more.\",\n  },\n  {\n    title: \"Quick Actions\",\n    description:\n      \"Use the toolbar above to create new projects, invite team members, or access settings.\",\n  },\n  {\n    title: \"Need Help?\",\n    description:\n      \"Click the support icon in the top right corner to access our help center and documentation.\",\n  },\n  {\n    title: \"Keyboard Shortcuts\",\n    description:\n      \"Press ⌘K to open the command palette. Use arrow keys to navigate and Enter to select an action.\",\n  },\n  {\n    title: \"Stay Updated\",\n    description:\n      \"Enable notifications to receive updates about your projects, team activity, and important deadlines.\",\n  },\n];\n\nexport default function Component() {\n  const [currentTip, setCurrentTip] = useState(0);\n\n  const handleNext = () => {\n    if (currentTip < tips.length - 1) {\n      setCurrentTip(currentTip + 1);\n    }\n  };\n\n  const handlePrev = () => {\n    if (currentTip > 0) {\n      setCurrentTip(currentTip - 1);\n    }\n  };\n\n  const isFirstTip = currentTip === 0;\n  const isLastTip = currentTip === tips.length - 1;\n\n  return (\n    <Popover>\n      <PopoverTrigger asChild>\n        <Button variant=\"outline\">Tooltip-like with nav</Button>\n      </PopoverTrigger>\n      <PopoverContent className=\"max-w-[280px] py-3 shadow-none\" side=\"top\">\n        <div className=\"space-y-3\">\n          <div className=\"space-y-1\">\n            <p className=\"text-[13px] font-medium\">{tips[currentTip].title}</p>\n            <p className=\"text-xs text-muted-foreground\">{tips[currentTip].description}</p>\n          </div>\n          <div className=\"flex items-center justify-between\">\n            <span className=\"text-xs text-muted-foreground\">\n              {currentTip + 1}/{tips.length}\n            </span>\n            <div className=\"flex gap-0.5\">\n              <Button\n                size=\"icon\"\n                variant=\"ghost\"\n                className=\"size-6\"\n                onClick={handlePrev}\n                disabled={isFirstTip}\n                aria-label=\"Previous tip\"\n              >\n                <ArrowLeft size={14} strokeWidth={2} aria-hidden=\"true\" />\n              </Button>\n              <Button\n                size=\"icon\"\n                variant=\"ghost\"\n                className=\"size-6\"\n                onClick={handleNext}\n                disabled={isLastTip}\n                aria-label=\"Next tip\"\n              >\n                <ArrowRight size={14} strokeWidth={2} aria-hidden=\"true\" />\n              </Button>\n            </div>\n          </div>\n        </div>\n      </PopoverContent>\n    </Popover>\n  );\n}\n",
      "type": "registry:component",
      "target": ""
    }
  ],
  "meta": {
    "tags": [
      "popover",
      "tooltip",
      "radix"
    ],
    "style": 1
  }
}