{
  "$schema": "https://ui.shadcn.com/schema/registry-item.json",
  "name": "comp-392",
  "type": "registry:component",
  "registryDependencies": [
    "https://originui.com/r/avatar.json"
  ],
  "files": [
    {
      "path": "registry/default/components/comp-392.tsx",
      "content": "import { Avatar, AvatarFallback } from \"@/registry/default/ui/avatar\";\nimport { UserRound } from \"lucide-react\";\n\nexport default function Component() {\n  return (\n    <Avatar>\n      <AvatarFallback>\n        <UserRound size={16} strokeWidth={2} className=\"opacity-60\" aria-hidden=\"true\" />\n      </AvatarFallback>\n    </Avatar>\n  );\n}\n",
      "type": "registry:component",
      "target": ""
    }
  ],
  "meta": {
    "tags": [
      "avatar",
      "user",
      "profile"
    ],
    "style": 1
  }
}