{
  "$schema": "https://ui.shadcn.com/schema/registry-item.json",
  "name": "comp-357",
  "type": "registry:component",
  "registryDependencies": [
    "https://originui.com/r/button.json",
    "https://originui.com/r/tooltip.json"
  ],
  "files": [
    {
      "path": "registry/default/components/comp-357.tsx",
      "content": "import { Button } from \"@/registry/default/ui/button\";\nimport {\n  Tooltip,\n  TooltipContent,\n  TooltipProvider,\n  TooltipTrigger,\n} from \"@/registry/default/ui/tooltip\";\n\nexport default function Component() {\n  return (\n    <TooltipProvider delayDuration={0}>\n      <Tooltip>\n        <TooltipTrigger asChild>\n          <Button variant=\"outline\" size=\"sm\">\n            W/ title\n          </Button>\n        </TooltipTrigger>\n        <TooltipContent className=\"py-3\">\n          <div className=\"space-y-1\">\n            <p className=\"text-[13px] font-medium\">Tooltip with title</p>\n            <p className=\"text-xs text-muted-foreground\">\n              Tooltips are made to be highly customizable, with features like dynamic placement,\n              rich content, and a robust API. You can even use them as a full-featured dropdown menu\n              by setting the <code>trigger</code> prop to <code>click</code>.\n            </p>\n          </div>\n        </TooltipContent>\n      </Tooltip>\n    </TooltipProvider>\n  );\n}\n",
      "type": "registry:component",
      "target": ""
    }
  ],
  "meta": {
    "tags": [
      "tooltip",
      "radix"
    ],
    "style": 1
  }
}