{
  "$schema": "https://ui.shadcn.com/schema/registry-item.json",
  "name": "comp-153",
  "type": "registry:component",
  "registryDependencies": [
    "https://originui.com/r/label.json",
    "https://originui.com/r/radio-group.json"
  ],
  "files": [
    {
      "path": "registry/default/components/comp-153.tsx",
      "content": "import { Label } from \"@/registry/default/ui/label\";\nimport { RadioGroup, RadioGroupItem } from \"@/registry/default/ui/radio-group\";\nimport { useId } from \"react\";\n\nexport default function Component() {\n  const id = useId();\n  return (\n    <RadioGroup\n      defaultValue=\"1\"\n      style={\n        { \"--primary\": \"238.7 83.5% 66.7%\", \"--ring\": \"238.7 83.5% 66.7%\" } as React.CSSProperties\n      }\n    >\n      <div className=\"flex items-center gap-2\">\n        <RadioGroupItem value=\"1\" id={`${id}-1`} />\n        <Label htmlFor={`${id}-1`}>Option 1</Label>\n      </div>\n      <div className=\"flex items-center gap-2\">\n        <RadioGroupItem value=\"2\" id={`${id}-2`} />\n        <Label htmlFor={`${id}-2`}>Option 2</Label>\n      </div>\n      <div className=\"flex items-center gap-2\">\n        <RadioGroupItem value=\"3\" id={`${id}-3`} />\n        <Label htmlFor={`${id}-3`}>Option 3</Label>\n      </div>\n    </RadioGroup>\n  );\n}\n",
      "type": "registry:component",
      "target": ""
    }
  ],
  "meta": {
    "tags": [
      "radio",
      "label",
      "radix"
    ]
  }
}