{
  "$schema": "https://ui.shadcn.com/schema/registry-item.json",
  "name": "comp-451",
  "type": "registry:component",
  "registryDependencies": [
    "https://originui.com/r/breadcrumb.json"
  ],
  "files": [
    {
      "path": "registry/default/components/comp-451.tsx",
      "content": "import {\n  Breadcrumb,\n  BreadcrumbItem,\n  BreadcrumbLink,\n  BreadcrumbList,\n  BreadcrumbPage,\n  BreadcrumbSeparator,\n} from \"@/registry/default/ui/breadcrumb\";\nimport { Home } from \"lucide-react\";\n\nexport default function Component() {\n  return (\n    <Breadcrumb>\n      <BreadcrumbList>\n        <BreadcrumbItem>\n          <BreadcrumbLink href=\"#\">\n            <Home size={16} strokeWidth={2} aria-hidden=\"true\" />\n            <span className=\"sr-only\">Home</span>\n          </BreadcrumbLink>\n        </BreadcrumbItem>\n        <BreadcrumbSeparator> · </BreadcrumbSeparator>\n        <BreadcrumbItem>\n          <BreadcrumbLink href=\"#\">Components</BreadcrumbLink>\n        </BreadcrumbItem>\n        <BreadcrumbSeparator> · </BreadcrumbSeparator>\n        <BreadcrumbItem>\n          <BreadcrumbPage>Breadcrumb</BreadcrumbPage>\n        </BreadcrumbItem>\n      </BreadcrumbList>\n    </Breadcrumb>\n  );\n}\n",
      "type": "registry:component",
      "target": ""
    }
  ],
  "meta": {
    "tags": [
      "breadcrumb",
      "radix"
    ],
    "colSpan": 2,
    "style": 1
  }
}