{
  "$schema": "https://ui.shadcn.com/schema/registry-item.json",
  "name": "comp-330",
  "type": "registry:component",
  "registryDependencies": [
    "https://originui.com/r/button.json",
    "https://originui.com/r/dialog.json",
    "https://originui.com/r/label.json",
    "https://originui.com/r/radio-group.json"
  ],
  "files": [
    {
      "path": "registry/default/components/comp-330.tsx",
      "content": "import { Button } from \"@/registry/default/ui/button\";\nimport {\n  Dialog,\n  DialogClose,\n  DialogContent,\n  DialogDescription,\n  DialogHeader,\n  DialogTitle,\n  DialogTrigger,\n} from \"@/registry/default/ui/dialog\";\nimport { Label } from \"@/registry/default/ui/label\";\nimport { RadioGroup, RadioGroupItem } from \"@/registry/default/ui/radio-group\";\nimport { Check, RefreshCcw } from \"lucide-react\";\nimport { useId } from \"react\";\n\nexport default function Component() {\n  const id = useId();\n  return (\n    <Dialog>\n      <DialogTrigger asChild>\n        <Button variant=\"outline\">Change plan</Button>\n      </DialogTrigger>\n      <DialogContent>\n        <div className=\"mb-2 flex flex-col gap-2\">\n          <div\n            className=\"flex size-11 shrink-0 items-center justify-center rounded-full border border-border\"\n            aria-hidden=\"true\"\n          >\n            <RefreshCcw className=\"opacity-80\" size={16} strokeWidth={2} />\n          </div>\n          <DialogHeader>\n            <DialogTitle className=\"text-left\">Change your plan</DialogTitle>\n            <DialogDescription className=\"text-left\">\n              Pick one of the following plans.\n            </DialogDescription>\n          </DialogHeader>\n        </div>\n\n        <form className=\"space-y-5\">\n          <RadioGroup className=\"gap-2\" defaultValue=\"2\">\n            {/* Radio card #1 */}\n            <div className=\"relative flex w-full items-center gap-2 rounded-lg border border-input px-4 py-3 shadow-sm shadow-black/5 has-[[data-state=checked]]:border-ring has-[[data-state=checked]]:bg-accent\">\n              <RadioGroupItem\n                value=\"1\"\n                id={`${id}-1`}\n                aria-describedby={`${id}-1-description`}\n                className=\"order-1 after:absolute after:inset-0\"\n              />\n              <div className=\"grid grow gap-1\">\n                <Label htmlFor={`${id}-1`}>Essential</Label>\n                <p id={`${id}-1-description`} className=\"text-xs text-muted-foreground\">\n                  $4 per member/month\n                </p>\n              </div>\n            </div>\n            {/* Radio card #2 */}\n            <div className=\"relative flex w-full items-center gap-2 rounded-lg border border-input px-4 py-3 shadow-sm shadow-black/5 has-[[data-state=checked]]:border-ring has-[[data-state=checked]]:bg-accent\">\n              <RadioGroupItem\n                value=\"2\"\n                id={`${id}-2`}\n                aria-describedby={`${id}-2-description`}\n                className=\"order-1 after:absolute after:inset-0\"\n              />\n              <div className=\"grid grow gap-1\">\n                <Label htmlFor={`${id}-2`}>Standard</Label>\n                <p id={`${id}-2-description`} className=\"text-xs text-muted-foreground\">\n                  $19 per member/month\n                </p>\n              </div>\n            </div>\n            {/* Radio card #3 */}\n            <div className=\"relative flex w-full items-center gap-2 rounded-lg border border-input px-4 py-3 shadow-sm shadow-black/5 has-[[data-state=checked]]:border-ring has-[[data-state=checked]]:bg-accent\">\n              <RadioGroupItem\n                value=\"3\"\n                id={`${id}-3`}\n                aria-describedby={`${id}-3-description`}\n                className=\"order-1 after:absolute after:inset-0\"\n              />\n              <div className=\"grid grow gap-1\">\n                <Label htmlFor={`${id}-3`}>Enterprise</Label>\n                <p id={`${id}-3-description`} className=\"text-xs text-muted-foreground\">\n                  $32 per member/month\n                </p>\n              </div>\n            </div>\n          </RadioGroup>\n\n          <div className=\"space-y-3\">\n            <p>\n              <strong className=\"text-sm font-medium\">Features include:</strong>\n            </p>\n            <ul className=\"space-y-2 text-sm text-muted-foreground\">\n              <li className=\"flex gap-2\">\n                <Check\n                  size={16}\n                  strokeWidth={2}\n                  className=\"mt-0.5 shrink-0 text-primary\"\n                  aria-hidden=\"true\"\n                />\n                Create unlimited projects.\n              </li>\n              <li className=\"flex gap-2\">\n                <Check\n                  size={16}\n                  strokeWidth={2}\n                  className=\"mt-0.5 shrink-0 text-primary\"\n                  aria-hidden=\"true\"\n                />\n                Remove watermarks.\n              </li>\n              <li className=\"flex gap-2\">\n                <Check\n                  size={16}\n                  strokeWidth={2}\n                  className=\"mt-0.5 shrink-0 text-primary\"\n                  aria-hidden=\"true\"\n                />\n                Add unlimited users and free viewers.\n              </li>\n              <li className=\"flex gap-2\">\n                <Check\n                  size={16}\n                  strokeWidth={2}\n                  className=\"mt-0.5 shrink-0 text-primary\"\n                  aria-hidden=\"true\"\n                />\n                Upload unlimited files.\n              </li>\n              <li className=\"flex gap-2\">\n                <Check\n                  size={16}\n                  strokeWidth={2}\n                  className=\"mt-0.5 shrink-0 text-primary\"\n                  aria-hidden=\"true\"\n                />\n                7-day money back guarantee.\n              </li>\n              <li className=\"flex gap-2\">\n                <Check\n                  size={16}\n                  strokeWidth={2}\n                  className=\"mt-0.5 shrink-0 text-primary\"\n                  aria-hidden=\"true\"\n                />\n                Advanced permissions.\n              </li>\n            </ul>\n          </div>\n\n          <div className=\"grid gap-2\">\n            <Button type=\"button\" className=\"w-full\">\n              Change plan\n            </Button>\n            <DialogClose asChild>\n              <Button type=\"button\" variant=\"ghost\" className=\"w-full\">\n                Cancel\n              </Button>\n            </DialogClose>\n          </div>\n        </form>\n      </DialogContent>\n    </Dialog>\n  );\n}\n",
      "type": "registry:component",
      "target": ""
    }
  ],
  "meta": {
    "tags": [
      "dialog",
      "modal",
      "user",
      "radix"
    ],
    "style": 1
  }
}