{
  "$schema": "https://ui.shadcn.com/schema/registry-item.json",
  "name": "comp-313",
  "type": "registry:component",
  "registryDependencies": [
    "https://originui.com/r/alert-dialog.json",
    "https://originui.com/r/button.json"
  ],
  "files": [
    {
      "path": "registry/default/components/comp-313.tsx",
      "content": "import {\n  AlertDialog,\n  AlertDialogAction,\n  AlertDialogCancel,\n  AlertDialogContent,\n  AlertDialogDescription,\n  AlertDialogFooter,\n  AlertDialogHeader,\n  AlertDialogTitle,\n  AlertDialogTrigger,\n} from \"@/registry/default/ui/alert-dialog\";\nimport { Button } from \"@/registry/default/ui/button\";\n\nexport default function AlertComponent() {\n  return (\n    <AlertDialog>\n      <AlertDialogTrigger asChild>\n        <Button variant=\"outline\">Alert dialog</Button>\n      </AlertDialogTrigger>\n      <AlertDialogContent>\n        <AlertDialogHeader>\n          <AlertDialogTitle>Are you sure?</AlertDialogTitle>\n          <AlertDialogDescription>\n            Take a moment to review the details provided to ensure you understand the implications.\n          </AlertDialogDescription>\n        </AlertDialogHeader>\n        <AlertDialogFooter>\n          <AlertDialogCancel>Cancel</AlertDialogCancel>\n          <AlertDialogAction>Okay</AlertDialogAction>\n        </AlertDialogFooter>\n      </AlertDialogContent>\n    </AlertDialog>\n  );\n}\n",
      "type": "registry:component",
      "target": ""
    }
  ],
  "meta": {
    "tags": [
      "dialog",
      "modal",
      "alert",
      "alert dialog",
      "radix"
    ],
    "style": 1
  }
}