{
  "$schema": "https://ui.shadcn.com/schema/registry-item.json",
  "name": "comp-131",
  "type": "registry:component",
  "registryDependencies": [
    "https://originui.com/r/button.json",
    "https://originui.com/r/dropdown-menu.json"
  ],
  "files": [
    {
      "path": "registry/default/components/comp-131.tsx",
      "content": "\"use client\";\n\nimport { Button } from \"@/registry/default/ui/button\";\nimport {\n  DropdownMenu,\n  DropdownMenuContent,\n  DropdownMenuRadioGroup,\n  DropdownMenuRadioItem,\n  DropdownMenuTrigger,\n} from \"@/registry/default/ui/dropdown-menu\";\nimport { ChevronDown } from \"lucide-react\";\nimport { useState } from \"react\";\n\nconst options = [\n  {\n    label: \"Merge pull request\",\n    description:\n      \"All commits from this branch will be added to the base branch via a commit version.\",\n  },\n  {\n    label: \"Squash and merge\",\n    description:\n      \"The 6 commits from this branch will be combined into one commit in the base branch.\",\n  },\n  {\n    label: \"Rebase and merge\",\n    description: \"The 6 commits from this branch will be rebased and added to the base branch.\",\n  },\n];\n\nexport default function Component() {\n  const [selectedIndex, setSelectedIndex] = useState(\"0\");\n\n  return (\n    <div className=\"inline-flex -space-x-px divide-x divide-primary-foreground/30 rounded-lg shadow-sm shadow-black/5 rtl:space-x-reverse\">\n      <Button className=\"rounded-none shadow-none first:rounded-s-lg last:rounded-e-lg focus-visible:z-10\">\n        {options[Number(selectedIndex)].label}\n      </Button>\n      <DropdownMenu>\n        <DropdownMenuTrigger asChild>\n          <Button\n            className=\"rounded-none shadow-none first:rounded-s-lg last:rounded-e-lg focus-visible:z-10\"\n            size=\"icon\"\n            aria-label=\"Options\"\n          >\n            <ChevronDown size={16} strokeWidth={2} aria-hidden=\"true\" />\n          </Button>\n        </DropdownMenuTrigger>\n        <DropdownMenuContent\n          className=\"max-w-64 md:max-w-xs\"\n          side=\"bottom\"\n          sideOffset={4}\n          align=\"end\"\n        >\n          <DropdownMenuRadioGroup value={selectedIndex} onValueChange={setSelectedIndex}>\n            {options.map((option, index) => (\n              <DropdownMenuRadioItem\n                key={option.label}\n                value={String(index)}\n                className=\"items-start [&>span]:pt-1.5\"\n              >\n                <div className=\"flex flex-col gap-1\">\n                  <span className=\"text-sm font-medium\">{option.label}</span>\n                  <span className=\"text-xs text-muted-foreground\">{option.description}</span>\n                </div>\n              </DropdownMenuRadioItem>\n            ))}\n          </DropdownMenuRadioGroup>\n        </DropdownMenuContent>\n      </DropdownMenu>\n    </div>\n  );\n}\n",
      "type": "registry:component",
      "target": ""
    }
  ],
  "meta": {
    "tags": [
      "button",
      "dropdown"
    ],
    "style": 2
  }
}