{
  "$schema": "https://ui.shadcn.com/schema/registry-item.json",
  "name": "comp-388",
  "type": "registry:component",
  "registryDependencies": [
    "https://originui.com/r/button.json",
    "https://originui.com/r/popover.json",
    "https://originui.com/r/textarea.json"
  ],
  "files": [
    {
      "path": "registry/default/components/comp-388.tsx",
      "content": "import { Button } from \"@/registry/default/ui/button\";\nimport { Popover, PopoverContent, PopoverTrigger } from \"@/registry/default/ui/popover\";\nimport { Textarea } from \"@/registry/default/ui/textarea\";\n\nexport default function Component() {\n  return (\n    <div className=\"flex flex-col gap-4\">\n      <Popover>\n        <PopoverTrigger asChild>\n          <Button variant=\"outline\">Feedback</Button>\n        </PopoverTrigger>\n        <PopoverContent className=\"w-72\">\n          <h2 className=\"mb-2 text-sm font-semibold\">Send us feedback</h2>\n          <form className=\"space-y-3\">\n            <Textarea\n              id=\"feedback\"\n              placeholder=\"How can we improve Origin UI?\"\n              aria-label=\"Send feedback\"\n            />\n            <div className=\"flex flex-col sm:flex-row sm:justify-end\">\n              <Button size=\"sm\">Send feedback</Button>\n            </div>\n          </form>\n        </PopoverContent>\n      </Popover>\n    </div>\n  );\n}\n",
      "type": "registry:component",
      "target": ""
    }
  ],
  "meta": {
    "tags": [
      "popover",
      "feedback",
      "form",
      "radix"
    ],
    "style": 1
  }
}