{
  "$schema": "https://ui.shadcn.com/schema/registry-item.json",
  "name": "comp-293",
  "type": "registry:component",
  "registryDependencies": [
    "https://originui.com/r/button.json"
  ],
  "files": [
    {
      "path": "registry/default/components/comp-293.tsx",
      "content": "import { Button } from \"@/registry/default/ui/button\";\nimport { X } from \"lucide-react\";\n\nexport default function Component() {\n  return (\n    // To make the notification fixed, add classes like `fixed bottom-4 right-4` to the container element.\n    <div className=\"z-[100] max-w-[400px] rounded-lg border border-border bg-background p-4 shadow-lg shadow-black/5\">\n      <div className=\"flex gap-2\">\n        <div className=\"flex grow flex-col gap-3\">\n          <div className=\"space-y-1\">\n            <p className=\"text-sm font-medium\">We Value Your Privacy 🍪</p>\n            <p className=\"text-sm text-muted-foreground\">\n              We use cookies to improve your experience, and show personalized content.\n            </p>\n          </div>\n          <div className=\"flex gap-2\">\n            <Button size=\"sm\">Accept</Button>\n            <Button size=\"sm\" variant=\"outline\">\n              Decline\n            </Button>\n          </div>\n        </div>\n        <Button\n          variant=\"ghost\"\n          className=\"group -my-1.5 -me-2 size-8 shrink-0 p-0 hover:bg-transparent\"\n          aria-label=\"Close notification\"\n        >\n          <X\n            size={16}\n            strokeWidth={2}\n            className=\"opacity-60 transition-opacity group-hover:opacity-100\"\n            aria-hidden=\"true\"\n          />\n        </Button>\n      </div>\n    </div>\n  );\n}\n",
      "type": "registry:component",
      "target": ""
    }
  ],
  "meta": {
    "tags": [
      "notification",
      "button",
      "cookies",
      "gdpr",
      "privacy"
    ],
    "colSpan": 2,
    "style": 1
  }
}