{
  "$schema": "https://ui.shadcn.com/schema/registry-item.json",
  "name": "comp-439",
  "type": "registry:component",
  "registryDependencies": [
    "https://originui.com/r/tabs.json"
  ],
  "files": [
    {
      "path": "registry/default/components/comp-439.tsx",
      "content": "import { Badge } from \"@/registry/default/ui/badge\";\nimport { Tabs, TabsContent, TabsList, TabsTrigger } from \"@/registry/default/ui/tabs\";\n\nexport default function Component() {\n  return (\n    <Tabs defaultValue=\"tab-1\">\n      <TabsList className=\"mx-auto flex max-w-xs bg-transparent\">\n        <TabsTrigger\n          value=\"tab-1\"\n          className=\"group flex-1 flex-col p-3 text-xs data-[state=active]:bg-muted data-[state=active]:shadow-none\"\n        >\n          <Badge className=\"mb-1.5 min-w-5 px-1 transition-opacity group-data-[state=inactive]:opacity-50\">\n            3\n          </Badge>\n          Overview\n        </TabsTrigger>\n        <TabsTrigger\n          value=\"tab-2\"\n          className=\"group flex-1 flex-col p-3 text-xs data-[state=active]:bg-muted data-[state=active]:shadow-none\"\n        >\n          <Badge className=\"mb-1.5 min-w-5 px-1 transition-opacity group-data-[state=inactive]:opacity-50\">\n            0\n          </Badge>\n          Projects\n        </TabsTrigger>\n        <TabsTrigger\n          value=\"tab-3\"\n          className=\"group flex-1 flex-col p-3 text-xs data-[state=active]:bg-muted data-[state=active]:shadow-none\"\n        >\n          <Badge className=\"mb-1.5 min-w-5 px-1 transition-opacity group-data-[state=inactive]:opacity-50\">\n            7\n          </Badge>\n          Packages\n        </TabsTrigger>\n      </TabsList>\n      <TabsContent value=\"tab-1\">\n        <p className=\"p-4 text-center text-xs text-muted-foreground\">Content for Tab 1</p>\n      </TabsContent>\n      <TabsContent value=\"tab-2\">\n        <p className=\"p-4 text-center text-xs text-muted-foreground\">Content for Tab 2</p>\n      </TabsContent>\n      <TabsContent value=\"tab-3\">\n        <p className=\"p-4 text-center text-xs text-muted-foreground\">Content for Tab 3</p>\n      </TabsContent>\n    </Tabs>\n  );\n}\n",
      "type": "registry:component",
      "target": ""
    }
  ],
  "meta": {
    "tags": [
      "tabs",
      "radix"
    ],
    "colSpan": 2,
    "style": 2
  }
}