{
  "$schema": "https://ui.shadcn.com/schema/registry-item.json",
  "name": "comp-257",
  "type": "registry:component",
  "registryDependencies": [
    "https://originui.com/r/label.json",
    "https://originui.com/r/slider.json"
  ],
  "files": [
    {
      "path": "registry/default/components/comp-257.tsx",
      "content": "\"use client\";\n\nimport { Label } from \"@/registry/default/ui/label\";\nimport { Slider } from \"@/registry/default/ui/slider\";\nimport { useState } from \"react\";\n\nexport default function Component() {\n  const [value, setValue] = useState([3]);\n\n  const emojis = [\"😡\", \"🙁\", \"😐\", \"🙂\", \"😍\"];\n  const labels = [\"Awful\", \"Poor\", \"Okay\", \"Good\", \"Amazing\"];\n\n  return (\n    <div className=\"space-y-3\">\n      <Label>Rate your experience</Label>\n      <div className=\"flex items-center gap-2\">\n        <Slider\n          value={value}\n          onValueChange={setValue}\n          min={1}\n          max={5}\n          showTooltip\n          tooltipContent={(value) => labels[value - 1]}\n          aria-label=\"Rate your experience\"\n        />\n        <span className=\"text-2xl\">{emojis[value[0] - 1]}</span>\n      </div>\n    </div>\n  );\n}\n",
      "type": "registry:component",
      "target": ""
    }
  ],
  "meta": {
    "tags": [
      "slider",
      "label",
      "vote",
      "rating",
      "radix"
    ]
  }
}