{
  "$schema": "https://ui.shadcn.com/schema/registry-item.json",
  "name": "comp-161",
  "type": "registry:component",
  "registryDependencies": [
    "https://originui.com/r/radio-group.json",
    "https://originui.com/r/label.json"
  ],
  "files": [
    {
      "path": "registry/default/components/comp-161.tsx",
      "content": "import { Label } from \"@/registry/default/ui/label\";\nimport { RadioGroup, RadioGroupItem } from \"@/registry/default/ui/radio-group\";\nimport { useId } from \"react\";\n\nexport default function Component() {\n  const id = useId();\n  return (\n    <RadioGroup className=\"gap-2\" defaultValue=\"1\">\n      {/* Radio card #1 */}\n      <div className=\"relative flex w-full items-start gap-2 rounded-lg border border-input p-4 shadow-sm shadow-black/5 has-[[data-state=checked]]:border-ring\">\n        <RadioGroupItem\n          value=\"1\"\n          id={`${id}-1`}\n          aria-describedby={`${id}-1-description`}\n          className=\"order-1 after:absolute after:inset-0\"\n        />\n        <div className=\"flex grow items-center gap-3\">\n          <svg\n            className=\"shrink-0\"\n            xmlns=\"http://www.w3.org/2000/svg\"\n            width={32}\n            height={32}\n            aria-hidden=\"true\"\n          >\n            <circle cx=\"16\" cy=\"16\" r=\"16\" fill=\"#121212\" />\n            <g clipPath=\"url(#sb-a)\">\n              <path\n                fill=\"url(#sb-b)\"\n                d=\"M17.63 25.52c-.506.637-1.533.287-1.545-.526l-.178-11.903h8.003c1.45 0 2.259 1.674 1.357 2.81l-7.637 9.618Z\"\n              />\n              <path\n                fill=\"url(#sb-c)\"\n                fillOpacity=\".2\"\n                d=\"M17.63 25.52c-.506.637-1.533.287-1.545-.526l-.178-11.903h8.003c1.45 0 2.259 1.674 1.357 2.81l-7.637 9.618Z\"\n              />\n              <path\n                fill=\"#3ECF8E\"\n                d=\"M14.375 6.367c.506-.638 1.532-.289 1.544.525l.078 11.903H8.094c-1.45 0-2.258-1.674-1.357-2.81l7.638-9.618Z\"\n              />\n            </g>\n            <defs>\n              <linearGradient\n                id=\"sb-b\"\n                x1=\"15.907\"\n                x2=\"23.02\"\n                y1=\"15.73\"\n                y2=\"18.713\"\n                gradientUnits=\"userSpaceOnUse\"\n              >\n                <stop stopColor=\"#249361\" />\n                <stop offset=\"1\" stopColor=\"#3ECF8E\" />\n              </linearGradient>\n              <linearGradient\n                id=\"sb-c\"\n                x1=\"12.753\"\n                x2=\"15.997\"\n                y1=\"11.412\"\n                y2=\"17.519\"\n                gradientUnits=\"userSpaceOnUse\"\n              >\n                <stop />\n                <stop offset=\"1\" stopOpacity=\"0\" />\n              </linearGradient>\n              <clipPath id=\"sb-a\">\n                <path fill=\"#fff\" d=\"M6.354 6h19.292v20H6.354z\" />\n              </clipPath>\n            </defs>\n          </svg>\n          <div className=\"grid grow gap-2\">\n            <Label htmlFor={`${id}-1`}>\n              Label{\" \"}\n              <span className=\"text-xs font-normal leading-[inherit] text-muted-foreground\">\n                (Sublabel)\n              </span>\n            </Label>\n            <p id={`${id}-1-description`} className=\"text-xs text-muted-foreground\">\n              You can use this card with a label and a description.\n            </p>\n          </div>\n        </div>\n      </div>\n      {/* Radio card #2 */}\n      <div className=\"relative flex items-center gap-2 rounded-lg border border-input p-4 shadow-sm shadow-black/5 has-[[data-state=checked]]:border-ring\">\n        <RadioGroupItem\n          value=\"2\"\n          id={`${id}-2`}\n          aria-describedby={`${id}-2-description`}\n          className=\"order-1 after:absolute after:inset-0\"\n        />\n        <div className=\"flex grow items-start gap-3\">\n          <svg\n            className=\"shrink-0\"\n            xmlns=\"http://www.w3.org/2000/svg\"\n            width={32}\n            height={32}\n            aria-hidden=\"true\"\n          >\n            <circle cx=\"16\" cy=\"16\" r=\"16\" fill=\"#090A15\" />\n            <path\n              fill=\"#fff\"\n              fillRule=\"evenodd\"\n              d=\"M8.004 19.728a.996.996 0 0 1-.008-1.054l7.478-12.199a.996.996 0 0 1 1.753.104l6.832 14.82a.996.996 0 0 1-.618 1.37l-10.627 3.189a.996.996 0 0 1-1.128-.42l-3.682-5.81Zm8.333-9.686a.373.373 0 0 1 .709-.074l4.712 10.904a.374.374 0 0 1-.236.506L14.18 23.57a.373.373 0 0 1-.473-.431l2.63-13.097Z\"\n              clipRule=\"evenodd\"\n            />\n          </svg>\n          <div className=\"grid grow gap-2\">\n            <Label htmlFor={`${id}-2`}>\n              Label{\" \"}\n              <span className=\"text-xs font-normal leading-[inherit] text-muted-foreground\">\n                (Sublabel)\n              </span>\n            </Label>\n            <p id={`${id}-2-description`} className=\"text-xs text-muted-foreground\">\n              You can use this card with a label and a description.\n            </p>\n          </div>\n        </div>\n      </div>\n    </RadioGroup>\n  );\n}\n",
      "type": "registry:component",
      "target": ""
    }
  ],
  "meta": {
    "tags": [
      "radio",
      "label",
      "card",
      "radix"
    ]
  }
}