{
  "$schema": "https://ui.shadcn.com/schema/registry-item.json",
  "name": "comp-158",
  "type": "registry:component",
  "registryDependencies": [
    "https://originui.com/r/radio-group.json"
  ],
  "files": [
    {
      "path": "registry/default/components/comp-158.tsx",
      "content": "import { RadioGroup, RadioGroupItem } from \"@/registry/default/ui/radio-group\";\nimport { useId } from \"react\";\n\nexport default function Component() {\n  const id = useId();\n  return (\n    <fieldset className=\"space-y-4\">\n      <legend className=\"text-sm font-medium leading-none text-foreground\">Choose a color</legend>\n      <RadioGroup className=\"flex gap-1.5\" defaultValue=\"blue\">\n        <RadioGroupItem\n          value=\"blue\"\n          id={id}\n          aria-label=\"Blue\"\n          className=\"size-6 border-blue-500 bg-blue-500 shadow-none data-[state=checked]:border-blue-500 data-[state=checked]:bg-blue-500\"\n        />\n        <RadioGroupItem\n          value=\"indigo\"\n          id={id}\n          aria-label=\"Indigo\"\n          className=\"size-6 border-indigo-500 bg-indigo-500 shadow-none data-[state=checked]:border-indigo-500 data-[state=checked]:bg-indigo-500\"\n        />\n        <RadioGroupItem\n          value=\"pink\"\n          id={id}\n          aria-label=\"Pink\"\n          className=\"size-6 border-pink-500 bg-pink-500 shadow-none data-[state=checked]:border-pink-500 data-[state=checked]:bg-pink-500\"\n        />\n        <RadioGroupItem\n          value=\"red\"\n          id={id}\n          aria-label=\"red\"\n          className=\"size-6 border-red-500 bg-red-500 shadow-none data-[state=checked]:border-red-500 data-[state=checked]:bg-red-500\"\n        />\n        <RadioGroupItem\n          value=\"orange\"\n          id={id}\n          aria-label=\"orange\"\n          className=\"size-6 border-orange-500 bg-orange-500 shadow-none data-[state=checked]:border-orange-500 data-[state=checked]:bg-orange-500\"\n        />\n        <RadioGroupItem\n          value=\"amber\"\n          id={id}\n          aria-label=\"amber\"\n          className=\"size-6 border-amber-500 bg-amber-500 shadow-none data-[state=checked]:border-amber-500 data-[state=checked]:bg-amber-500\"\n        />\n        <RadioGroupItem\n          value=\"emerald\"\n          id={id}\n          aria-label=\"emerald\"\n          className=\"size-6 border-emerald-500 bg-emerald-500 shadow-none data-[state=checked]:border-emerald-500 data-[state=checked]:bg-emerald-500\"\n        />\n      </RadioGroup>\n    </fieldset>\n  );\n}\n",
      "type": "registry:component",
      "target": ""
    }
  ],
  "meta": {
    "tags": [
      "radio",
      "label",
      "color",
      "picker",
      "radix"
    ]
  }
}