{
  "$schema": "https://ui.shadcn.com/schema/registry-item.json",
  "name": "comp-199",
  "type": "registry:component",
  "registryDependencies": [
    "https://originui.com/r/select-native.json",
    "https://originui.com/r/label.json"
  ],
  "files": [
    {
      "path": "registry/default/components/comp-199.tsx",
      "content": "import { Label } from \"@/registry/default/ui/label\";\nimport { SelectNative } from \"@/registry/default/ui/select-native\";\nimport { useId } from \"react\";\n\nexport default function Component() {\n  const id = useId();\n  return (\n    <div className=\"space-y-2\">\n      <Label htmlFor={id}>Select with option groups (native)</Label>\n      <SelectNative id={id}>\n        <optgroup label=\"Frontend\">\n          <option value=\"1\">React</option>\n          <option value=\"2\">Vue</option>\n          <option value=\"3\">Angular</option>\n        </optgroup>\n        <optgroup label=\"Backend\">\n          <option value=\"4\">Node.js</option>\n          <option value=\"5\">Python</option>\n          <option value=\"6\">Java</option>\n        </optgroup>\n      </SelectNative>\n    </div>\n  );\n}\n",
      "type": "registry:component",
      "target": ""
    }
  ],
  "meta": {
    "tags": [
      "label",
      "select",
      "native select"
    ]
  }
}