{
  "$schema": "https://ui.shadcn.com/schema/registry-item.json",
  "name": "comp-384",
  "type": "registry:component",
  "registryDependencies": [
    "https://originui.com/r/button.json",
    "https://originui.com/r/popover.json"
  ],
  "files": [
    {
      "path": "registry/default/components/comp-384.tsx",
      "content": "import { Button } from \"@/registry/default/ui/button\";\nimport { Popover, PopoverContent, PopoverTrigger } from \"@/registry/default/ui/popover\";\n\nexport default function Component() {\n  return (\n    <Popover>\n      <PopoverTrigger asChild>\n        <Button variant=\"outline\">Tooltip-like popover</Button>\n      </PopoverTrigger>\n      <PopoverContent className=\"max-w-[280px] py-3 shadow-none\" side=\"top\">\n        <div className=\"space-y-3\">\n          <div className=\"space-y-1\">\n            <p className=\"text-[13px] font-medium\">Popover with button</p>\n            <p className=\"text-xs text-muted-foreground\">\n              I am a popover that would like to look like a tooltip. I can&lsquo;t be a tooltip\n              because of the interactive element inside me.\n            </p>\n          </div>\n          <Button size=\"sm\" className=\"h-7 px-2\">\n            Know more\n          </Button>\n        </div>\n      </PopoverContent>\n    </Popover>\n  );\n}\n",
      "type": "registry:component",
      "target": ""
    }
  ],
  "meta": {
    "tags": [
      "popover",
      "tooltip",
      "radix"
    ],
    "style": 1
  }
}