{
  "$schema": "https://ui.shadcn.com/schema/registry-item.json",
  "name": "comp-303",
  "type": "registry:component",
  "files": [
    {
      "path": "registry/default/components/comp-303.tsx",
      "content": "import { Eclipse } from \"lucide-react\";\n\nexport default function Component() {\n  return (\n    <div className=\"dark bg-muted px-4 py-3 text-foreground\">\n      <p className=\"text-center text-sm\">\n        <Eclipse\n          className=\"-mt-0.5 me-3 inline-flex opacity-60\"\n          size={16}\n          strokeWidth={2}\n          aria-hidden=\"true\"\n        />\n        Get the most out of your app with real-time updates and analytics{\" \"}\n        <span className=\"text-muted-foreground\">·</span>{\" \"}\n        <a href=\"#\" className=\"font-medium underline hover:no-underline\">\n          Upgrade\n        </a>\n      </p>\n    </div>\n  );\n}\n",
      "type": "registry:component",
      "target": ""
    }
  ],
  "meta": {
    "tags": [
      "banner"
    ],
    "colSpan": 3
  }
}