{
  "$schema": "https://ui.shadcn.com/schema/registry-item.json",
  "name": "comp-218",
  "type": "registry:component",
  "registryDependencies": [
    "https://originui.com/r/select.json",
    "https://originui.com/r/label.json"
  ],
  "files": [
    {
      "path": "registry/default/components/comp-218.tsx",
      "content": "import { Label } from \"@/registry/default/ui/label\";\nimport {\n  Select,\n  SelectContent,\n  SelectItem,\n  SelectTrigger,\n  SelectValue,\n} from \"@/registry/default/ui/select\";\nimport { useId, useMemo } from \"react\";\n\nexport default function Component() {\n  const id = useId();\n\n  const timezones = Intl.supportedValuesOf(\"timeZone\");\n\n  const formattedTimezones = useMemo(() => {\n    return timezones\n      .map((timezone) => {\n        const formatter = new Intl.DateTimeFormat(\"en\", {\n          timeZone: timezone,\n          timeZoneName: \"shortOffset\",\n        });\n        const parts = formatter.formatToParts(new Date());\n        const offset = parts.find((part) => part.type === \"timeZoneName\")?.value || \"\";\n        const modifiedOffset = offset === \"GMT\" ? \"GMT+0\" : offset;\n\n        return {\n          value: timezone,\n          label: `(${modifiedOffset}) ${timezone.replace(/_/g, \" \")}`,\n          numericOffset: parseInt(offset.replace(\"GMT\", \"\").replace(\"+\", \"\") || \"0\"),\n        };\n      })\n      .sort((a, b) => a.numericOffset - b.numericOffset);\n  }, [timezones]);\n\n  return (\n    <div className=\"space-y-2\">\n      <Label htmlFor={id}>Timezone select</Label>\n      <Select defaultValue=\"Europe/London\">\n        <SelectTrigger id={id}>\n          <SelectValue placeholder=\"Select timezone\" />\n        </SelectTrigger>\n        <SelectContent>\n          {formattedTimezones.map(({ value, label }) => (\n            <SelectItem key={value} value={value}>\n              {label}\n            </SelectItem>\n          ))}\n        </SelectContent>\n      </Select>\n    </div>\n  );\n}\n",
      "type": "registry:component",
      "target": ""
    }
  ],
  "meta": {
    "tags": [
      "label",
      "select",
      "timezone",
      "time",
      "radix"
    ]
  }
}