{
  "$schema": "https://ui.shadcn.com/schema/registry-item.json",
  "name": "comp-188",
  "type": "registry:component",
  "registryDependencies": [
    "https://originui.com/r/switch.json",
    "https://originui.com/r/label.json"
  ],
  "files": [
    {
      "path": "registry/default/components/comp-188.tsx",
      "content": "import { Label } from \"@/registry/default/ui/label\";\nimport { Switch } from \"@/registry/default/ui/switch\";\nimport { useId } from \"react\";\n\nexport default function Component() {\n  const id = useId();\n  return (\n    <div className=\"relative flex w-full items-start gap-2 rounded-lg border border-input p-4 shadow-sm shadow-black/5 has-[[data-state=checked]]:border-ring\">\n      <Switch\n        id={id}\n        className=\"order-1 h-4 w-6 after:absolute after:inset-0 [&_span]:size-3 [&_span]:data-[state=checked]:translate-x-2 rtl:[&_span]:data-[state=checked]:-translate-x-2\"\n        aria-describedby={`${id}-description`}\n      />\n      <div className=\"flex grow items-center gap-3\">\n        <svg\n          className=\"shrink-0\"\n          xmlns=\"http://www.w3.org/2000/svg\"\n          width={32}\n          height={32}\n          aria-hidden=\"true\"\n        >\n          <circle cx=\"16\" cy=\"16\" r=\"16\" fill=\"#121212\" />\n          <g clipPath=\"url(#sb-a)\">\n            <path\n              fill=\"url(#sb-b)\"\n              d=\"M17.63 25.52c-.506.637-1.533.287-1.545-.526l-.178-11.903h8.003c1.45 0 2.259 1.674 1.357 2.81l-7.637 9.618Z\"\n            />\n            <path\n              fill=\"url(#sb-c)\"\n              fillOpacity=\".2\"\n              d=\"M17.63 25.52c-.506.637-1.533.287-1.545-.526l-.178-11.903h8.003c1.45 0 2.259 1.674 1.357 2.81l-7.637 9.618Z\"\n            />\n            <path\n              fill=\"#3ECF8E\"\n              d=\"M14.375 6.367c.506-.638 1.532-.289 1.544.525l.078 11.903H8.094c-1.45 0-2.258-1.674-1.357-2.81l7.638-9.618Z\"\n            />\n          </g>\n          <defs>\n            <linearGradient\n              id=\"sb-b\"\n              x1=\"15.907\"\n              x2=\"23.02\"\n              y1=\"15.73\"\n              y2=\"18.713\"\n              gradientUnits=\"userSpaceOnUse\"\n            >\n              <stop stopColor=\"#249361\" />\n              <stop offset=\"1\" stopColor=\"#3ECF8E\" />\n            </linearGradient>\n            <linearGradient\n              id=\"sb-c\"\n              x1=\"12.753\"\n              x2=\"15.997\"\n              y1=\"11.412\"\n              y2=\"17.519\"\n              gradientUnits=\"userSpaceOnUse\"\n            >\n              <stop />\n              <stop offset=\"1\" stopOpacity=\"0\" />\n            </linearGradient>\n            <clipPath id=\"sb-a\">\n              <path fill=\"#fff\" d=\"M6.354 6h19.292v20H6.354z\" />\n            </clipPath>\n          </defs>\n        </svg>\n        <div className=\"grid grow gap-2\">\n          <Label htmlFor={id}>\n            Label{\" \"}\n            <span className=\"text-xs font-normal leading-[inherit] text-muted-foreground\">\n              (Sublabel)\n            </span>\n          </Label>\n          <p id={`${id}-description`} className=\"text-xs text-muted-foreground\">\n            A short description goes here.\n          </p>\n        </div>\n      </div>\n    </div>\n  );\n}\n",
      "type": "registry:component",
      "target": ""
    }
  ],
  "meta": {
    "tags": [
      "switch",
      "label",
      "card",
      "radix"
    ],
    "style": 1
  }
}