{
  "$schema": "https://ui.shadcn.com/schema/registry-item.json",
  "name": "comp-175",
  "type": "registry:component",
  "registryDependencies": [
    "https://originui.com/r/switch.json",
    "https://originui.com/r/label.json"
  ],
  "files": [
    {
      "path": "registry/default/components/comp-175.tsx",
      "content": "import { Label } from \"@/registry/default/ui/label\";\nimport { Switch } from \"@/registry/default/ui/switch\";\nimport { useId } from \"react\";\n\nexport default function Component() {\n  const id = useId();\n  return (\n    <div className=\"inline-flex items-center gap-2\">\n      <Switch id={id} disabled />\n      <Label htmlFor={id} className=\"sr-only\">\n        Disabled\n      </Label>\n    </div>\n  );\n}\n",
      "type": "registry:component",
      "target": ""
    }
  ],
  "meta": {
    "tags": [
      "switch",
      "radix"
    ],
    "style": 1
  }
}