{
  "$schema": "https://ui.shadcn.com/schema/registry-item.json",
  "name": "comp-247",
  "type": "registry:component",
  "registryDependencies": [
    "https://originui.com/r/label.json",
    "https://originui.com/r/slider.json"
  ],
  "files": [
    {
      "path": "registry/default/components/comp-247.tsx",
      "content": "\"use client\";\n\nimport { Label } from \"@/registry/default/ui/label\";\nimport { Slider } from \"@/registry/default/ui/slider\";\nimport { useState } from \"react\";\n\nexport default function Component() {\n  const [value, setValue] = useState([25]);\n\n  return (\n    <div className=\"space-y-4\">\n      <div className=\"flex items-center justify-between gap-2\">\n        <Label className=\"leading-6\">Slider with output</Label>\n        <output className=\"text-sm font-medium tabular-nums\">{value[0]}</output>\n      </div>\n      <Slider value={value} onValueChange={setValue} aria-label=\"Slider with output\" />\n    </div>\n  );\n}\n",
      "type": "registry:component",
      "target": ""
    }
  ],
  "meta": {
    "tags": [
      "slider",
      "label",
      "radix"
    ]
  }
}