{
  "$schema": "https://ui.shadcn.com/schema/registry-item.json",
  "name": "comp-274",
  "type": "registry:component",
  "files": [
    {
      "path": "registry/default/components/comp-274.tsx",
      "content": "import { Info } from \"lucide-react\";\n\nexport default function Component() {\n  return (\n    <div className=\"rounded-lg border border-blue-500/50 px-4 py-3 text-blue-600\">\n      <p className=\"text-sm\">\n        <Info\n          className=\"-mt-0.5 me-3 inline-flex opacity-60\"\n          size={16}\n          strokeWidth={2}\n          aria-hidden=\"true\"\n        />\n        Just a quick note!\n      </p>\n    </div>\n  );\n}\n",
      "type": "registry:component",
      "target": ""
    }
  ],
  "meta": {
    "tags": [
      "alert",
      "info"
    ],
    "colSpan": 2
  }
}