{
  "$schema": "https://ui.shadcn.com/schema/registry-item.json",
  "name": "comp-18",
  "type": "registry:component",
  "registryDependencies": [
    "https://originui.com/r/input.json",
    "https://originui.com/r/label.json"
  ],
  "files": [
    {
      "path": "registry/default/components/comp-18.tsx",
      "content": "import { Input } from \"@/registry/default/ui/input\";\nimport { Label } from \"@/registry/default/ui/label\";\nimport { ChevronDown } from \"lucide-react\";\nimport { useId } from \"react\";\n\nexport default function Component() {\n  const id = useId();\n  return (\n    <div className=\"space-y-2\">\n      <Label htmlFor={id}>Input with end select</Label>\n      <div className=\"flex rounded-lg shadow-sm shadow-black/5\">\n        <Input\n          id={id}\n          className=\"-me-px rounded-e-none shadow-none focus-visible:z-10\"\n          placeholder=\"google\"\n          type=\"text\"\n        />\n        <div className=\"relative inline-flex\">\n          <select\n            className=\"peer inline-flex h-full appearance-none items-center rounded-none rounded-e-lg border border-input bg-background pe-8 ps-3 text-sm text-muted-foreground transition-shadow hover:bg-accent hover:text-accent-foreground focus:z-10 focus-visible:border-ring focus-visible:text-foreground focus-visible:outline-none focus-visible:ring-[3px] focus-visible:ring-ring/20 disabled:pointer-events-none disabled:cursor-not-allowed disabled:opacity-50\"\n            aria-label=\"Domain suffix\"\n          >\n            <option>.com</option>\n            <option>.org</option>\n            <option>.net</option>\n          </select>\n          <span className=\"pointer-events-none absolute inset-y-0 end-0 z-10 flex h-full w-9 items-center justify-center text-muted-foreground/80 peer-disabled:opacity-50\">\n            <ChevronDown size={16} strokeWidth={2} aria-hidden=\"true\" role=\"img\" />\n          </span>\n        </div>\n      </div>\n    </div>\n  );\n}\n",
      "type": "registry:component",
      "target": ""
    }
  ],
  "meta": {
    "tags": [
      "input",
      "label",
      "select",
      "native select"
    ]
  }
}