{
  "$schema": "https://ui.shadcn.com/schema/registry-item.json",
  "name": "comp-239",
  "type": "registry:component",
  "dependencies": [
    "react-aria-components"
  ],
  "registryDependencies": [
    "https://originui.com/r/label.json"
  ],
  "files": [
    {
      "path": "registry/default/components/comp-239.tsx",
      "content": "\"use client\";\n\nimport { Label } from \"@/registry/default/ui/label\";\nimport { Header, ListBox, ListBoxItem, ListBoxSection, Separator } from \"react-aria-components\";\n\nexport default function Component() {\n  return (\n    <div className=\"space-y-2\">\n      <Label>Listbox with option groups</Label>\n      <div className=\"overflow-hidden rounded-lg border border-input\">\n        <ListBox\n          className=\"max-h-72 min-h-20 space-y-2 overflow-auto bg-background p-1 text-sm shadow-sm shadow-black/5 transition-shadow\"\n          aria-label=\"Select some foods\"\n          selectionMode=\"multiple\"\n          defaultSelectedKeys={[\"lettuce\", \"tuna\"]}\n        >\n          <ListBoxSection className=\"space-y-1\">\n            <Header className=\"px-2 py-1.5 text-xs font-medium text-muted-foreground\">\n              Veggies\n            </Header>\n            <ListBoxItem\n              id=\"lettuce\"\n              className=\"relative rounded-md px-2 py-1.5 data-[disabled]:cursor-not-allowed data-[selected=true]:bg-accent data-[selected=true]:text-accent-foreground data-[disabled]:opacity-50 data-[focus-visible]:outline data-[focus-visible]:outline-2 data-[focus-visible]:outline-ring/70\"\n            >\n              Lettuce\n            </ListBoxItem>\n            <ListBoxItem\n              id=\"tomato\"\n              className=\"relative rounded-md px-2 py-1.5 data-[disabled]:cursor-not-allowed data-[selected=true]:bg-accent data-[selected=true]:text-accent-foreground data-[disabled]:opacity-50 data-[focus-visible]:outline data-[focus-visible]:outline-2 data-[focus-visible]:outline-ring/70\"\n            >\n              Tomato\n            </ListBoxItem>\n            <ListBoxItem\n              id=\"onion\"\n              className=\"relative rounded-md px-2 py-1.5 data-[disabled]:cursor-not-allowed data-[selected=true]:bg-accent data-[selected=true]:text-accent-foreground data-[disabled]:opacity-50 data-[focus-visible]:outline data-[focus-visible]:outline-2 data-[focus-visible]:outline-ring/70\"\n            >\n              Onion\n            </ListBoxItem>\n          </ListBoxSection>\n          <Separator className=\"-mx-1 my-1 h-px bg-border\" />\n          <ListBoxSection className=\"space-y-1\">\n            <Header className=\"px-2 py-1.5 text-xs font-medium text-muted-foreground\">\n              Protein\n            </Header>\n            <ListBoxItem\n              id=\"ham\"\n              className=\"relative rounded-md px-2 py-1.5 data-[disabled]:cursor-not-allowed data-[selected=true]:bg-accent data-[selected=true]:text-accent-foreground data-[disabled]:opacity-50 data-[focus-visible]:outline data-[focus-visible]:outline-2 data-[focus-visible]:outline-ring/70\"\n            >\n              Ham\n            </ListBoxItem>\n            <ListBoxItem\n              id=\"tuna\"\n              className=\"relative rounded-md px-2 py-1.5 data-[disabled]:cursor-not-allowed data-[selected=true]:bg-accent data-[selected=true]:text-accent-foreground data-[disabled]:opacity-50 data-[focus-visible]:outline data-[focus-visible]:outline-2 data-[focus-visible]:outline-ring/70\"\n            >\n              Tuna\n            </ListBoxItem>\n            <ListBoxItem\n              id=\"tofu\"\n              className=\"relative rounded-md px-2 py-1.5 data-[disabled]:cursor-not-allowed data-[selected=true]:bg-accent data-[selected=true]:text-accent-foreground data-[disabled]:opacity-50 data-[focus-visible]:outline data-[focus-visible]:outline-2 data-[focus-visible]:outline-ring/70\"\n            >\n              Tofu\n            </ListBoxItem>\n          </ListBoxSection>\n          <Separator className=\"-mx-1 my-1 h-px bg-border\" />\n          <ListBoxSection className=\"space-y-1\">\n            <Header className=\"px-2 py-1.5 text-xs font-medium text-muted-foreground\">\n              Condiments\n            </Header>\n            <ListBoxItem\n              id=\"mayo\"\n              className=\"relative rounded-md px-2 py-1.5 data-[disabled]:cursor-not-allowed data-[selected=true]:bg-accent data-[selected=true]:text-accent-foreground data-[disabled]:opacity-50 data-[focus-visible]:outline data-[focus-visible]:outline-2 data-[focus-visible]:outline-ring/70\"\n            >\n              Mayonaise\n            </ListBoxItem>\n            <ListBoxItem\n              id=\"mustard\"\n              className=\"relative rounded-md px-2 py-1.5 data-[disabled]:cursor-not-allowed data-[selected=true]:bg-accent data-[selected=true]:text-accent-foreground data-[disabled]:opacity-50 data-[focus-visible]:outline data-[focus-visible]:outline-2 data-[focus-visible]:outline-ring/70\"\n            >\n              Mustard\n            </ListBoxItem>\n            <ListBoxItem\n              id=\"ranch\"\n              className=\"relative rounded-md px-2 py-1.5 data-[disabled]:cursor-not-allowed data-[selected=true]:bg-accent data-[selected=true]:text-accent-foreground data-[disabled]:opacity-50 data-[focus-visible]:outline data-[focus-visible]:outline-2 data-[focus-visible]:outline-ring/70\"\n            >\n              Ranch\n            </ListBoxItem>\n          </ListBoxSection>\n        </ListBox>\n      </div>\n      <p className=\"mt-2 text-xs text-muted-foreground\" role=\"region\" aria-live=\"polite\">\n        Built with{\" \"}\n        <a\n          className=\"underline hover:text-foreground\"\n          href=\"https://react-spectrum.adobe.com/react-aria/ListBox.html\"\n          target=\"_blank\"\n          rel=\"noopener nofollow\"\n        >\n          React Aria\n        </a>\n      </p>\n    </div>\n  );\n}\n",
      "type": "registry:component",
      "target": ""
    }
  ],
  "meta": {
    "tags": [
      "label",
      "select",
      "multiselect",
      "react aria"
    ]
  }
}