{
  "$schema": "https://ui.shadcn.com/schema/registry-item.json",
  "name": "comp-370",
  "type": "registry:component",
  "registryDependencies": [
    "https://originui.com/r/button.json",
    "https://originui.com/r/dropdown-menu.json"
  ],
  "files": [
    {
      "path": "registry/default/components/comp-370.tsx",
      "content": "import { Button } from \"@/registry/default/ui/button\";\nimport {\n  DropdownMenu,\n  DropdownMenuContent,\n  DropdownMenuGroup,\n  DropdownMenuItem,\n  DropdownMenuLabel,\n  DropdownMenuSeparator,\n  DropdownMenuTrigger,\n} from \"@/registry/default/ui/dropdown-menu\";\nimport { Bolt, ChevronDown, CopyPlus, Files, Layers2, Trash } from \"lucide-react\";\n\nexport default function Component() {\n  return (\n    <DropdownMenu>\n      <DropdownMenuTrigger asChild>\n        <Button variant=\"outline\">\n          Labeled grouped items\n          <ChevronDown\n            className=\"-me-1 ms-2 opacity-60\"\n            size={16}\n            strokeWidth={2}\n            aria-hidden=\"true\"\n          />\n        </Button>\n      </DropdownMenuTrigger>\n      <DropdownMenuContent>\n        <DropdownMenuLabel>Label</DropdownMenuLabel>\n        <DropdownMenuGroup>\n          <DropdownMenuItem>\n            <CopyPlus size={16} strokeWidth={2} className=\"opacity-60\" aria-hidden=\"true\" />\n            Copy\n          </DropdownMenuItem>\n          <DropdownMenuItem>\n            <Bolt size={16} strokeWidth={2} className=\"opacity-60\" aria-hidden=\"true\" />\n            Edit\n          </DropdownMenuItem>\n        </DropdownMenuGroup>\n        <DropdownMenuSeparator />\n        <DropdownMenuLabel>Label</DropdownMenuLabel>\n        <DropdownMenuGroup>\n          <DropdownMenuItem>\n            <Layers2 size={16} strokeWidth={2} className=\"opacity-60\" aria-hidden=\"true\" />\n            Group\n          </DropdownMenuItem>\n          <DropdownMenuItem>\n            <Files size={16} strokeWidth={2} className=\"opacity-60\" aria-hidden=\"true\" />\n            Clone\n          </DropdownMenuItem>\n          <DropdownMenuItem className=\"text-destructive focus:text-destructive\">\n            <Trash size={16} strokeWidth={2} aria-hidden=\"true\" />\n            Delete\n          </DropdownMenuItem>\n        </DropdownMenuGroup>\n      </DropdownMenuContent>\n    </DropdownMenu>\n  );\n}\n",
      "type": "registry:component",
      "target": ""
    }
  ],
  "meta": {
    "tags": [
      "dropdown",
      "radix"
    ],
    "style": 1
  }
}