{
  "$schema": "https://ui.shadcn.com/schema/registry-item.json",
  "name": "comp-25",
  "type": "registry:component",
  "registryDependencies": [
    "https://originui.com/r/input.json",
    "https://originui.com/r/label.json"
  ],
  "files": [
    {
      "path": "registry/default/components/comp-25.tsx",
      "content": "import { Input } from \"@/registry/default/ui/input\";\nimport { Label } from \"@/registry/default/ui/label\";\nimport { useId } from \"react\";\n\nexport default function Component() {\n  const id = useId();\n  return (\n    <div className=\"space-y-2\">\n      <Label htmlFor={id}>Search input with &lt;kbd&gt;</Label>\n      <div className=\"relative\">\n        <Input id={id} className=\"pe-11\" placeholder=\"Search...\" type=\"search\" />\n        <div className=\"pointer-events-none absolute inset-y-0 end-0 flex items-center justify-center pe-2 text-muted-foreground\">\n          <kbd className=\"inline-flex h-5 max-h-full items-center rounded border border-border px-1 font-[inherit] text-[0.625rem] font-medium text-muted-foreground/70\">\n            ⌘K\n          </kbd>\n        </div>\n      </div>\n    </div>\n  );\n}\n",
      "type": "registry:component",
      "target": ""
    }
  ],
  "meta": {
    "tags": [
      "input",
      "label",
      "search",
      "kbd"
    ]
  }
}