{
  "$schema": "https://ui.shadcn.com/schema/registry-item.json",
  "name": "comp-371",
  "type": "registry:component",
  "registryDependencies": [
    "https://originui.com/r/button.json",
    "https://originui.com/r/dropdown-menu.json"
  ],
  "files": [
    {
      "path": "registry/default/components/comp-371.tsx",
      "content": "\"use client\";\n\nimport { Button } from \"@/registry/default/ui/button\";\nimport {\n  DropdownMenu,\n  DropdownMenuCheckboxItem,\n  DropdownMenuContent,\n  DropdownMenuTrigger,\n} from \"@/registry/default/ui/dropdown-menu\";\nimport { DropdownMenuCheckboxItemProps } from \"@radix-ui/react-dropdown-menu\";\nimport { ChevronDown } from \"lucide-react\";\nimport { useState } from \"react\";\n\ntype Checked = DropdownMenuCheckboxItemProps[\"checked\"];\n\nexport default function Component() {\n  const [nextjs, setNextjs] = useState<Checked>(false);\n  const [sveltekit, setSveltekit] = useState<Checked>(true);\n  const [astro, setAstro] = useState<Checked>(false);\n  const [remix, setRemix] = useState<Checked>(false);\n\n  return (\n    <DropdownMenu>\n      <DropdownMenuTrigger asChild>\n        <Button variant=\"outline\">\n          Checkbox items\n          <ChevronDown\n            className=\"-me-1 ms-2 opacity-60\"\n            size={16}\n            strokeWidth={2}\n            aria-hidden=\"true\"\n          />\n        </Button>\n      </DropdownMenuTrigger>\n      <DropdownMenuContent>\n        <DropdownMenuCheckboxItem checked={nextjs} onCheckedChange={setNextjs}>\n          Next.js\n        </DropdownMenuCheckboxItem>\n        <DropdownMenuCheckboxItem checked={sveltekit} onCheckedChange={setSveltekit}>\n          SvelteKit\n        </DropdownMenuCheckboxItem>\n        <DropdownMenuCheckboxItem checked={remix} onCheckedChange={setRemix} disabled>\n          Remix\n        </DropdownMenuCheckboxItem>\n        <DropdownMenuCheckboxItem checked={astro} onCheckedChange={setAstro}>\n          Astro\n        </DropdownMenuCheckboxItem>\n      </DropdownMenuContent>\n    </DropdownMenu>\n  );\n}\n",
      "type": "registry:component",
      "target": ""
    }
  ],
  "meta": {
    "tags": [
      "dropdown",
      "checkbox",
      "radix"
    ],
    "style": 1
  }
}