{
  "$schema": "https://ui.shadcn.com/schema/registry-item.json",
  "name": "comp-178",
  "type": "registry:component",
  "registryDependencies": [
    "https://originui.com/r/switch.json",
    "https://originui.com/r/label.json"
  ],
  "files": [
    {
      "path": "registry/default/components/comp-178.tsx",
      "content": "import { Label } from \"@/registry/default/ui/label\";\nimport { Switch } from \"@/registry/default/ui/switch\";\nimport { useId } from \"react\";\n\nexport default function Component() {\n  const id = useId();\n  return (\n    <div className=\"inline-flex items-center gap-2\">\n      <Switch\n        id={id}\n        className=\"data-[state=unchecked]:border-input data-[state=unchecked]:bg-transparent [&_span]:transition-all [&_span]:data-[state=unchecked]:size-4 [&_span]:data-[state=unchecked]:translate-x-0.5 [&_span]:data-[state=unchecked]:bg-input [&_span]:data-[state=unchecked]:shadow-none rtl:[&_span]:data-[state=unchecked]:-translate-x-0.5\"\n      />\n      <Label htmlFor={id} className=\"sr-only\">\n        M3-style switch\n      </Label>\n    </div>\n  );\n}\n",
      "type": "registry:component",
      "target": ""
    }
  ],
  "meta": {
    "tags": [
      "switch",
      "radix"
    ],
    "style": 1
  }
}