{
  "$schema": "https://ui.shadcn.com/schema/registry-item.json",
  "name": "comp-411",
  "type": "registry:component",
  "registryDependencies": [
    "https://originui.com/r/button.json"
  ],
  "files": [
    {
      "path": "registry/default/components/comp-411.tsx",
      "content": "import { Button } from \"@/registry/default/ui/button\";\n\nexport default function Component() {\n  return (\n    <div className=\"flex items-center rounded-full border border-border bg-background p-1 shadow shadow-black/5\">\n      <div className=\"flex -space-x-3\">\n        <img\n          className=\"rounded-full ring-2 ring-background\"\n          src=\"/avatar-80-03.jpg\"\n          width={40}\n          height={40}\n          alt=\"Avatar 01\"\n        />\n        <img\n          className=\"rounded-full ring-2 ring-background\"\n          src=\"/avatar-80-04.jpg\"\n          width={40}\n          height={40}\n          alt=\"Avatar 02\"\n        />\n        <img\n          className=\"rounded-full ring-2 ring-background\"\n          src=\"/avatar-80-05.jpg\"\n          width={40}\n          height={40}\n          alt=\"Avatar 03\"\n        />\n        <img\n          className=\"rounded-full ring-2 ring-background\"\n          src=\"/avatar-80-06.jpg\"\n          width={40}\n          height={40}\n          alt=\"Avatar 04\"\n        />\n      </div>\n      <Button\n        variant=\"secondary\"\n        className=\"flex items-center justify-center rounded-full bg-transparent px-3 text-xs text-muted-foreground shadow-none hover:bg-transparent hover:text-foreground\"\n      >\n        +3\n      </Button>\n    </div>\n  );\n}\n",
      "type": "registry:component",
      "target": ""
    }
  ],
  "meta": {
    "tags": [
      "avatar",
      "avatar group"
    ],
    "style": 1
  }
}