{
  "$schema": "https://ui.shadcn.com/schema/registry-item.json",
  "name": "comp-157",
  "type": "registry:component",
  "dependencies": [
    "@remixicon/react"
  ],
  "registryDependencies": [
    "https://originui.com/r/label.json",
    "https://originui.com/r/radio-group.json"
  ],
  "files": [
    {
      "path": "registry/default/components/comp-157.tsx",
      "content": "import { Label } from \"@/registry/default/ui/label\";\nimport { RadioGroup, RadioGroupItem } from \"@/registry/default/ui/radio-group\";\nimport { RiStarFill } from \"@remixicon/react\";\nimport { useId } from \"react\";\n\nexport default function Component() {\n  const id = useId();\n  return (\n    <RadioGroup defaultValue=\"all\">\n      <div className=\"flex items-center gap-2\">\n        <RadioGroupItem value=\"all\" id={`${id}-1`} />\n        <Label htmlFor={`${id}-1`}>\n          All reviews{\" \"}\n          <span className=\"text-xs font-normal leading-[inherit] text-muted-foreground\">\n            (12,921)\n          </span>\n        </Label>\n      </div>\n      <div className=\"flex items-center gap-2\">\n        <RadioGroupItem value=\"5-stars\" id={`${id}-2`} />\n        <Label htmlFor={`${id}-2`} className=\"inline-flex items-center gap-1\">\n          <span className=\"inline-flex items-center text-amber-500\" aria-hidden=\"true\">\n            <RiStarFill size={16} />\n            <RiStarFill size={16} />\n            <RiStarFill size={16} />\n            <RiStarFill size={16} />\n            <RiStarFill size={16} />\n          </span>\n          <span className=\"sr-only\">5 stars</span>{\" \"}\n          <span className=\"text-xs font-normal leading-[inherit] text-muted-foreground\">\n            (5,168)\n          </span>\n        </Label>\n      </div>\n      <div className=\"flex items-center gap-2\">\n        <RadioGroupItem value=\"4-stars\" id={`${id}-3`} />\n        <Label htmlFor={`${id}-3`} className=\"inline-flex items-center gap-1\">\n          <span className=\"inline-flex items-center text-amber-500\" aria-hidden=\"true\">\n            <RiStarFill size={16} />\n            <RiStarFill size={16} />\n            <RiStarFill size={16} />\n            <RiStarFill size={16} />\n            <RiStarFill size={16} className=\"opacity-30\" />\n          </span>\n          <span className=\"sr-only\">4 stars</span>{\" \"}\n          <span className=\"text-xs font-normal leading-[inherit] text-muted-foreground\">\n            (4,726)\n          </span>\n        </Label>\n      </div>\n      <div className=\"flex items-center gap-2\">\n        <RadioGroupItem value=\"3-stars\" id={`${id}-4`} />\n        <Label htmlFor={`${id}-4`} className=\"inline-flex items-center gap-1\">\n          <span className=\"inline-flex items-center text-amber-500\" aria-hidden=\"true\">\n            <RiStarFill size={16} />\n            <RiStarFill size={16} />\n            <RiStarFill size={16} />\n            <RiStarFill size={16} className=\"opacity-30\" />\n            <RiStarFill size={16} className=\"opacity-30\" />\n          </span>\n          <span className=\"sr-only\">3 stars</span>{\" \"}\n          <span className=\"text-xs font-normal leading-[inherit] text-muted-foreground\">\n            (3,234)\n          </span>\n        </Label>\n      </div>\n      <div className=\"flex items-center gap-2\">\n        <RadioGroupItem value=\"2-stars\" id={`${id}-5`} />\n        <Label htmlFor={`${id}-5`} className=\"inline-flex items-center gap-1\">\n          <span className=\"inline-flex items-center text-amber-500\" aria-hidden=\"true\">\n            <RiStarFill size={16} />\n            <RiStarFill size={16} />\n            <RiStarFill size={16} className=\"opacity-30\" />\n            <RiStarFill size={16} className=\"opacity-30\" />\n            <RiStarFill size={16} className=\"opacity-30\" />\n          </span>\n          <span className=\"sr-only\">2 stars</span>{\" \"}\n          <span className=\"text-xs font-normal leading-[inherit] text-muted-foreground\">\n            (1,842)\n          </span>\n        </Label>\n      </div>\n      <div className=\"flex items-center gap-2\">\n        <RadioGroupItem value=\"1-star\" id={`${id}-6`} />\n        <Label htmlFor={`${id}-6`} className=\"inline-flex items-center gap-1\">\n          <span className=\"inline-flex items-center text-amber-500\" aria-hidden=\"true\">\n            <RiStarFill size={16} />\n            <RiStarFill size={16} className=\"opacity-30\" />\n            <RiStarFill size={16} className=\"opacity-30\" />\n            <RiStarFill size={16} className=\"opacity-30\" />\n            <RiStarFill size={16} className=\"opacity-30\" />\n          </span>\n          <span className=\"sr-only\">1 star</span>{\" \"}\n          <span className=\"text-xs font-normal leading-[inherit] text-muted-foreground\">(452)</span>\n        </Label>\n      </div>\n    </RadioGroup>\n  );\n}\n",
      "type": "registry:component",
      "target": ""
    }
  ],
  "meta": {
    "tags": [
      "radio",
      "label",
      "rating",
      "radix"
    ]
  }
}