{
  "$schema": "https://ui.shadcn.com/schema/registry-item.json",
  "name": "comp-33",
  "type": "registry:component",
  "files": [
    {
      "path": "registry/default/components/comp-33.tsx",
      "content": "import { useId } from \"react\";\n\nexport default function Component() {\n  const id = useId();\n  return (\n    <div className=\"relative rounded-lg border border-input bg-background shadow-sm shadow-black/5 transition-shadow focus-within:border-ring focus-within:outline-none focus-within:ring-[3px] focus-within:ring-ring/20 has-[:disabled]:cursor-not-allowed has-[:disabled]:opacity-50 [&:has(input:is(:disabled))_*]:pointer-events-none\">\n      <label htmlFor={id} className=\"block px-3 pt-2 text-xs font-medium text-foreground\">\n        Input with inset label\n      </label>\n      <input\n        id={id}\n        className=\"flex h-10 w-full bg-transparent px-3 pb-2 text-sm text-foreground placeholder:text-muted-foreground/70 focus-visible:outline-none\"\n        placeholder=\"Email\"\n        type=\"email\"\n      />\n    </div>\n  );\n}\n",
      "type": "registry:component",
      "target": ""
    }
  ],
  "meta": {
    "tags": [
      "input",
      "label"
    ]
  }
}