{
  "$schema": "https://ui.shadcn.com/schema/registry-item.json",
  "name": "comp-322",
  "type": "registry:component",
  "registryDependencies": [
    "https://originui.com/r/button.json",
    "https://originui.com/r/dialog.json",
    "https://originui.com/r/textarea.json"
  ],
  "files": [
    {
      "path": "registry/default/components/comp-322.tsx",
      "content": "import { Button } from \"@/registry/default/ui/button\";\nimport {\n  Dialog,\n  DialogContent,\n  DialogDescription,\n  DialogHeader,\n  DialogTitle,\n  DialogTrigger,\n} from \"@/registry/default/ui/dialog\";\nimport { Textarea } from \"@/registry/default/ui/textarea\";\n\nexport default function Component() {\n  return (\n    <Dialog>\n      <DialogTrigger asChild>\n        <Button variant=\"outline\">Feedback</Button>\n      </DialogTrigger>\n      <DialogContent>\n        <DialogHeader>\n          <DialogTitle>Send us feedback</DialogTitle>\n          <DialogDescription>\n            Watch{\" \"}\n            <a className=\"text-foreground hover:underline\" href=\"#\">\n              tutorials\n            </a>\n            , read Origin UI&lsquo;s{\" \"}\n            <a className=\"text-foreground hover:underline\" href=\"#\">\n              documentation\n            </a>\n            , or join our{\" \"}\n            <a className=\"text-foreground hover:underline\" href=\"#\">\n              Discord\n            </a>{\" \"}\n            for community help.\n          </DialogDescription>\n        </DialogHeader>\n        <form className=\"space-y-5\">\n          <Textarea\n            id=\"feedback\"\n            placeholder=\"How can we improve Origin UI?\"\n            aria-label=\"Send feedback\"\n          />\n          <div className=\"flex flex-col sm:flex-row sm:justify-end\">\n            <Button type=\"button\">Send feedback</Button>\n          </div>\n        </form>\n      </DialogContent>\n    </Dialog>\n  );\n}\n",
      "type": "registry:component",
      "target": ""
    }
  ],
  "meta": {
    "tags": [
      "dialog",
      "modal",
      "feedback",
      "form",
      "radix"
    ],
    "style": 1
  }
}