{
  "$schema": "https://ui.shadcn.com/schema/registry-item.json",
  "name": "comp-421",
  "type": "registry:component",
  "registryDependencies": [
    "https://originui.com/r/badge.json"
  ],
  "files": [
    {
      "path": "registry/default/components/comp-421.tsx",
      "content": "import { Badge } from \"@/registry/default/ui/badge\";\n\nexport default function Component() {\n  return (\n    <Badge variant=\"outline\" className=\"gap-1.5\">\n      <span className=\"size-1.5 rounded-full bg-amber-500\" aria-hidden=\"true\"></span>\n      Badge\n    </Badge>\n  );\n}\n",
      "type": "registry:component",
      "target": ""
    }
  ],
  "meta": {
    "tags": [
      "badge",
      "chip",
      "status"
    ],
    "style": 1
  }
}