{
  "$schema": "https://ui.shadcn.com/schema/registry-item.json",
  "name": "comp-394",
  "type": "registry:component",
  "registryDependencies": [
    "https://originui.com/r/avatar.json"
  ],
  "files": [
    {
      "path": "registry/default/components/comp-394.tsx",
      "content": "import { Avatar, AvatarFallback, AvatarImage } from \"@/registry/default/ui/avatar\";\n\nexport default function Component() {\n  return (\n    <div className=\"relative\">\n      <Avatar>\n        <AvatarImage src=\"./avatar-80-07.jpg\" alt=\"Kelly King\" />\n        <AvatarFallback>KK</AvatarFallback>\n      </Avatar>\n      <span className=\"absolute bottom-0 end-0 size-3 rounded-full border-2 border-background bg-emerald-500\">\n        <span className=\"sr-only\">Online</span>\n      </span>\n    </div>\n  );\n}\n",
      "type": "registry:component",
      "target": ""
    }
  ],
  "meta": {
    "tags": [
      "avatar",
      "user",
      "profile",
      "status"
    ],
    "style": 1
  }
}