{
  "$schema": "https://ui.shadcn.com/schema/registry-item.json",
  "name": "comp-447",
  "type": "registry:component",
  "registryDependencies": [
    "https://originui.com/r/breadcrumb.json",
    "https://originui.com/r/dropdown-menu.json"
  ],
  "files": [
    {
      "path": "registry/default/components/comp-447.tsx",
      "content": "import {\n  Breadcrumb,\n  BreadcrumbItem,\n  BreadcrumbLink,\n  BreadcrumbList,\n  BreadcrumbPage,\n  BreadcrumbSeparator,\n} from \"@/registry/default/ui/breadcrumb\";\nimport {\n  DropdownMenu,\n  DropdownMenuContent,\n  DropdownMenuItem,\n  DropdownMenuTrigger,\n} from \"@/registry/default/ui/dropdown-menu\";\nimport { Folders } from \"lucide-react\";\n\nexport default function Component() {\n  return (\n    <Breadcrumb>\n      <BreadcrumbList>\n        <BreadcrumbItem>\n          <BreadcrumbLink href=\"#\">Home</BreadcrumbLink>\n        </BreadcrumbItem>\n        <BreadcrumbSeparator />\n        <BreadcrumbItem>\n          <DropdownMenu>\n            <DropdownMenuTrigger className=\"hover:text-foreground\">\n              <span\n                role=\"presentation\"\n                aria-hidden=\"true\"\n                className=\"flex size-5 items-center justify-center\"\n              >\n                <Folders size={16} strokeWidth={2} />\n              </span>\n              <span className=\"sr-only\">Toggle menu</span>\n            </DropdownMenuTrigger>\n            <DropdownMenuContent align=\"start\">\n              <DropdownMenuItem asChild>\n                <a href=\"#\">Documentation</a>\n              </DropdownMenuItem>\n              <DropdownMenuItem asChild>\n                <a href=\"#\">Themes</a>\n              </DropdownMenuItem>\n              <DropdownMenuItem asChild>\n                <a href=\"#\">GitHub</a>\n              </DropdownMenuItem>\n            </DropdownMenuContent>\n          </DropdownMenu>\n        </BreadcrumbItem>\n        <BreadcrumbSeparator />\n        <BreadcrumbItem>\n          <BreadcrumbPage>Breadcrumb</BreadcrumbPage>\n        </BreadcrumbItem>\n      </BreadcrumbList>\n    </Breadcrumb>\n  );\n}\n",
      "type": "registry:component",
      "target": ""
    }
  ],
  "meta": {
    "tags": [
      "breadcrumb",
      "dropdown",
      "radix"
    ],
    "colSpan": 2,
    "style": 1
  }
}