{
  "$schema": "https://ui.shadcn.com/schema/registry-item.json",
  "name": "comp-301",
  "type": "registry:component",
  "registryDependencies": [
    "https://originui.com/r/button.json"
  ],
  "files": [
    {
      "path": "registry/default/components/comp-301.tsx",
      "content": "import { Button } from \"@/registry/default/ui/button\";\n\nexport default function Component() {\n  return (\n    // To make the notification fixed, add classes like `fixed bottom-4 inset-x-4` to the container element.\n    <div className=\"z-[100] rounded-lg border border-border bg-background px-4 py-3 shadow-lg shadow-black/5\">\n      <div className=\"flex flex-col justify-between gap-3 md:flex-row md:items-center\">\n        <p className=\"text-sm\">\n          We use cookies to improve your experience, analyze site usage, and show personalized\n          content.\n        </p>\n        <div className=\"flex gap-2 max-md:flex-wrap\">\n          <Button size=\"sm\">Accept</Button>\n          <Button variant=\"outline\" size=\"sm\">\n            Decline\n          </Button>\n        </div>\n      </div>\n    </div>\n  );\n}\n",
      "type": "registry:component",
      "target": ""
    }
  ],
  "meta": {
    "tags": [
      "banner",
      "cookies",
      "gdpr",
      "privacy"
    ],
    "colSpan": 3
  }
}