{
  "$schema": "https://ui.shadcn.com/schema/registry-item.json",
  "name": "comp-252",
  "type": "registry:component",
  "registryDependencies": [
    "https://originui.com/r/label.json",
    "https://originui.com/r/slider.json"
  ],
  "files": [
    {
      "path": "registry/default/components/comp-252.tsx",
      "content": "\"use client\";\n\nimport { Label } from \"@/registry/default/ui/label\";\nimport { Slider } from \"@/registry/default/ui/slider\";\nimport { Volume2, VolumeX } from \"lucide-react\";\nimport { useState } from \"react\";\n\nexport default function Component() {\n  const [value, setValue] = useState([25]);\n\n  return (\n    <div className=\"space-y-3\">\n      <div className=\"flex items-center justify-between gap-2\">\n        <Label className=\"leading-6\">Volume</Label>\n        <output className=\"text-sm font-medium tabular-nums\">{value[0]}</output>\n      </div>\n      <div className=\"flex items-center gap-2\">\n        <VolumeX className=\"shrink-0 opacity-60\" size={16} strokeWidth={2} aria-hidden=\"true\" />\n        <Slider value={value} onValueChange={setValue} aria-label=\"Volume slider\" />\n        <Volume2 className=\"shrink-0 opacity-60\" size={16} strokeWidth={2} aria-hidden=\"true\" />\n      </div>\n    </div>\n  );\n}\n",
      "type": "registry:component",
      "target": ""
    }
  ],
  "meta": {
    "tags": [
      "slider",
      "label",
      "volume",
      "controls",
      "radix"
    ]
  }
}