{
  "$schema": "https://ui.shadcn.com/schema/registry-item.json",
  "name": "comp-113",
  "type": "registry:component",
  "registryDependencies": [
    "https://originui.com/r/button.json"
  ],
  "files": [
    {
      "path": "registry/default/components/comp-113.tsx",
      "content": "import { Button } from \"@/registry/default/ui/button\";\nimport { ChevronDown, Pin } from \"lucide-react\";\n\nexport default function Component() {\n  return (\n    <div className=\"inline-flex -space-x-px divide-x divide-primary-foreground/30 rounded-lg shadow-sm shadow-black/5 rtl:space-x-reverse\">\n      <Button\n        className=\"rounded-none shadow-none first:rounded-s-lg last:rounded-e-lg focus-visible:z-10\"\n        size=\"icon\"\n        aria-label=\"Options\"\n      >\n        <ChevronDown size={16} strokeWidth={2} aria-hidden=\"true\" />\n      </Button>\n      <Button className=\"rounded-none shadow-none first:rounded-s-lg last:rounded-e-lg focus-visible:z-10\">\n        <Pin className=\"-ms-1 me-2 opacity-60\" size={16} strokeWidth={2} aria-hidden=\"true\" />\n        Pinned\n      </Button>\n    </div>\n  );\n}\n",
      "type": "registry:component",
      "target": ""
    }
  ],
  "meta": {
    "tags": [
      "button",
      "dropdown"
    ],
    "style": 2
  }
}