{
  "$schema": "https://ui.shadcn.com/schema/registry-item.json",
  "name": "comp-159",
  "type": "registry:component",
  "registryDependencies": [
    "https://originui.com/r/label.json",
    "https://originui.com/r/radio-group.json"
  ],
  "files": [
    {
      "path": "registry/default/components/comp-159.tsx",
      "content": "import { Label } from \"@/registry/default/ui/label\";\nimport { RadioGroup, RadioGroupItem } from \"@/registry/default/ui/radio-group\";\nimport { useId } from \"react\";\n\nexport default function Component() {\n  const id = useId();\n  return (\n    <RadioGroup className=\"gap-2\" defaultValue=\"1\">\n      {/* Radio card #1 */}\n      <div className=\"relative flex w-full items-start gap-2 rounded-lg border border-input p-4 shadow-sm shadow-black/5 has-[[data-state=checked]]:border-ring\">\n        <RadioGroupItem\n          value=\"1\"\n          id={`${id}-1`}\n          aria-describedby={`${id}-1-description`}\n          className=\"order-1 after:absolute after:inset-0\"\n        />\n        <div className=\"grid grow gap-2\">\n          <Label htmlFor={`${id}-1`}>\n            Label{\" \"}\n            <span className=\"text-xs font-normal leading-[inherit] text-muted-foreground\">\n              (Sublabel)\n            </span>\n          </Label>\n          <p id={`${id}-1-description`} className=\"text-xs text-muted-foreground\">\n            You can use this card with a label and a description.\n          </p>\n        </div>\n      </div>\n      {/* Radio card #2 */}\n      <div className=\"relative flex w-full items-start gap-2 rounded-lg border border-input p-4 shadow-sm shadow-black/5 has-[[data-state=checked]]:border-ring\">\n        <RadioGroupItem\n          value=\"2\"\n          id={`${id}-2`}\n          aria-describedby={`${id}-2-description`}\n          className=\"order-1 after:absolute after:inset-0\"\n        />\n        <div className=\"grid grow gap-2\">\n          <Label htmlFor={`${id}-2`}>\n            Label{\" \"}\n            <span className=\"text-xs font-normal leading-[inherit] text-muted-foreground\">\n              (Sublabel)\n            </span>\n          </Label>\n          <p id={`${id}-2-description`} className=\"text-xs text-muted-foreground\">\n            You can use this card with a label and a description.\n          </p>\n        </div>\n      </div>\n    </RadioGroup>\n  );\n}\n",
      "type": "registry:component",
      "target": ""
    }
  ],
  "meta": {
    "tags": [
      "radio",
      "label",
      "card",
      "radix"
    ]
  }
}