{
  "$schema": "https://ui.shadcn.com/schema/registry-item.json",
  "name": "comp-246",
  "type": "registry:component",
  "registryDependencies": [
    "https://originui.com/r/label.json",
    "https://originui.com/r/slider.json"
  ],
  "files": [
    {
      "path": "registry/default/components/comp-246.tsx",
      "content": "import { cn } from \"@/registry/default/lib/utils\";\nimport { Label } from \"@/registry/default/ui/label\";\nimport { Slider } from \"@/registry/default/ui/slider\";\n\nexport default function Component() {\n  const max = 12;\n  const skipInterval = 2; // Set to 1 to allow no text skipping\n  const ticks = [...Array(max + 1)].map((_, i) => i);\n\n  return (\n    <div className=\"space-y-4\">\n      <Label>Slider with ticks</Label>\n      <div>\n        <Slider defaultValue={[5]} max={max} aria-label=\"Slider with ticks\" />\n        <span\n          className=\"mt-3 flex w-full items-center justify-between gap-1 px-2.5 text-xs font-medium text-muted-foreground\"\n          aria-hidden=\"true\"\n        >\n          {ticks.map((_, i) => (\n            <span key={i} className=\"flex w-0 flex-col items-center justify-center gap-2\">\n              <span\n                className={cn(\"h-1 w-px bg-muted-foreground/70\", i % skipInterval !== 0 && \"h-0.5\")}\n              />\n              <span className={cn(i % skipInterval !== 0 && \"opacity-0\")}>{i}</span>\n            </span>\n          ))}\n        </span>\n      </div>\n    </div>\n  );\n}\n",
      "type": "registry:component",
      "target": ""
    }
  ],
  "meta": {
    "tags": [
      "slider",
      "label",
      "radix"
    ]
  }
}