{
  "$schema": "https://ui.shadcn.com/schema/registry-item.json",
  "name": "comp-16",
  "type": "registry:component",
  "registryDependencies": [
    "https://originui.com/r/input.json",
    "https://originui.com/r/label.json"
  ],
  "files": [
    {
      "path": "registry/default/components/comp-16.tsx",
      "content": "import { Input } from \"@/registry/default/ui/input\";\nimport { Label } from \"@/registry/default/ui/label\";\nimport { useId } from \"react\";\n\nexport default function Component() {\n  const id = useId();\n  return (\n    <div className=\"space-y-2\">\n      <Label htmlFor={id}>Input with inline start and end add-on</Label>\n      <div className=\"relative flex rounded-lg shadow-sm shadow-black/5\">\n        <span className=\"pointer-events-none absolute inset-y-0 start-0 flex items-center justify-center ps-3 text-sm text-muted-foreground\">\n          €\n        </span>\n        <Input\n          id={id}\n          className=\"-me-px rounded-e-none ps-6 shadow-none\"\n          placeholder=\"0.00\"\n          type=\"text\"\n        />\n        <span className=\"-z-10 inline-flex items-center rounded-e-lg border border-input bg-background px-3 text-sm text-muted-foreground\">\n          EUR\n        </span>\n      </div>\n    </div>\n  );\n}\n",
      "type": "registry:component",
      "target": ""
    }
  ],
  "meta": {
    "tags": [
      "input",
      "label"
    ]
  }
}