{
  "$schema": "https://ui.shadcn.com/schema/registry-item.json",
  "name": "comp-365",
  "type": "registry:component",
  "registryDependencies": [
    "https://originui.com/r/hover-card.json"
  ],
  "files": [
    {
      "path": "registry/default/components/comp-365.tsx",
      "content": "import { HoverCard, HoverCardContent, HoverCardTrigger } from \"@/registry/default/ui/hover-card\";\n\nexport default function HoverCardDemo() {\n  return (\n    <div className=\"max-w-md text-sm\">\n      <HoverCard>\n        <HoverCardTrigger asChild>\n          <a className=\"flex size-16 overflow-hidden rounded-lg\" href=\"#\">\n            <img\n              className=\"h-full w-full object-cover\"\n              src=\"/dialog-content.png\"\n              width={382}\n              height={216}\n              alt=\"Content image\"\n            />\n          </a>\n        </HoverCardTrigger>\n        <HoverCardContent className=\"w-[320px]\" showArrow>\n          <div className=\"space-y-3\">\n            <div className=\"space-y-1\">\n              <h2 className=\"font-semibold\">\n                Building a Design System with Next.js and Tailwind CSS\n              </h2>\n              <p className=\"text-sm text-muted-foreground\">\n                Learn how to build a comprehensive design system using Tailwind CSS, including\n                component architecture, and theme customization.\n              </p>\n            </div>\n            <div className=\"flex items-center gap-2 text-xs text-muted-foreground\">\n              <span>8 min read</span>\n              <span>·</span>\n              <span>Updated 2 days ago</span>\n            </div>\n          </div>\n        </HoverCardContent>\n      </HoverCard>\n    </div>\n  );\n}\n",
      "type": "registry:component",
      "target": ""
    }
  ],
  "meta": {
    "tags": [
      "tooltip",
      "hover card",
      "image",
      "radix"
    ],
    "style": 1
  }
}