{
  "$schema": "https://ui.shadcn.com/schema/registry-item.json",
  "name": "comp-23",
  "type": "registry:component",
  "registryDependencies": [
    "https://originui.com/r/input.json",
    "https://originui.com/r/label.json"
  ],
  "files": [
    {
      "path": "registry/default/components/comp-23.tsx",
      "content": "\"use client\";\n\nimport { Input } from \"@/registry/default/ui/input\";\nimport { Label } from \"@/registry/default/ui/label\";\nimport { Eye, EyeOff } from \"lucide-react\";\nimport { useId, useState } from \"react\";\n\nexport default function Component() {\n  const id = useId();\n  const [isVisible, setIsVisible] = useState<boolean>(false);\n\n  const toggleVisibility = () => setIsVisible((prevState) => !prevState);\n\n  return (\n    <div className=\"space-y-2\">\n      <Label htmlFor={id}>Show/hide password input</Label>\n      <div className=\"relative\">\n        <Input\n          id={id}\n          className=\"pe-9\"\n          placeholder=\"Password\"\n          type={isVisible ? \"text\" : \"password\"}\n        />\n        <button\n          className=\"absolute inset-y-0 end-0 flex h-full w-9 items-center justify-center rounded-e-lg text-muted-foreground/80 outline-offset-2 transition-colors hover:text-foreground focus:z-10 focus-visible:outline focus-visible:outline-2 focus-visible:outline-ring/70 disabled:pointer-events-none disabled:cursor-not-allowed disabled:opacity-50\"\n          type=\"button\"\n          onClick={toggleVisibility}\n          aria-label={isVisible ? \"Hide password\" : \"Show password\"}\n          aria-pressed={isVisible}\n          aria-controls=\"password\"\n        >\n          {isVisible ? (\n            <EyeOff size={16} strokeWidth={2} aria-hidden=\"true\" />\n          ) : (\n            <Eye size={16} strokeWidth={2} aria-hidden=\"true\" />\n          )}\n        </button>\n      </div>\n    </div>\n  );\n}\n",
      "type": "registry:component",
      "target": ""
    }
  ],
  "meta": {
    "tags": [
      "input",
      "label",
      "button",
      "password"
    ]
  }
}