{
  "$schema": "https://ui.shadcn.com/schema/registry-item.json",
  "name": "comp-234",
  "type": "registry:component",
  "registryDependencies": [
    "https://originui.com/r/label.json",
    "https://originui.com/r/multiselect.json"
  ],
  "files": [
    {
      "path": "registry/default/components/comp-234.tsx",
      "content": "import { Label } from \"@/registry/default/ui/label\";\nimport MultipleSelector, { Option } from \"@/registry/default/ui/multiselect\";\nimport { useId } from \"react\";\n\nconst frameworks: Option[] = [\n  {\n    value: \"next.js\",\n    label: \"Next.js\",\n  },\n  {\n    value: \"sveltekit\",\n    label: \"SvelteKit\",\n  },\n  {\n    value: \"nuxt.js\",\n    label: \"Nuxt.js\",\n    disable: true,\n  },\n  {\n    value: \"remix\",\n    label: \"Remix\",\n  },\n  {\n    value: \"astro\",\n    label: \"Astro\",\n  },\n  {\n    value: \"angular\",\n    label: \"Angular\",\n  },\n  {\n    value: \"vue\",\n    label: \"Vue.js\",\n  },\n  {\n    value: \"react\",\n    label: \"React\",\n  },\n  {\n    value: \"ember\",\n    label: \"Ember.js\",\n  },\n  {\n    value: \"gatsby\",\n    label: \"Gatsby\",\n  },\n  {\n    value: \"eleventy\",\n    label: \"Eleventy\",\n    disable: true,\n  },\n  {\n    value: \"solid\",\n    label: \"SolidJS\",\n  },\n  {\n    value: \"preact\",\n    label: \"Preact\",\n  },\n  {\n    value: \"qwik\",\n    label: \"Qwik\",\n  },\n  {\n    value: \"alpine\",\n    label: \"Alpine.js\",\n  },\n  {\n    value: \"lit\",\n    label: \"Lit\",\n  },\n];\n\nexport default function Component() {\n  const id = useId();\n  return (\n    <div className=\"space-y-2\">\n      <Label>Multiselect</Label>\n      <MultipleSelector\n        commandProps={{\n          label: \"Select frameworks\",\n        }}\n        value={frameworks.slice(0, 2)}\n        defaultOptions={frameworks}\n        placeholder=\"Select frameworks\"\n        hideClearAllButton\n        hidePlaceholderWhenSelected\n        emptyIndicator={<p className=\"text-center text-sm\">No results found</p>}\n      />\n      <p className=\"mt-2 text-xs text-muted-foreground\" role=\"region\" aria-live=\"polite\">\n        Inspired by{\" \"}\n        <a\n          className=\"underline hover:text-foreground\"\n          href=\"https://shadcnui-expansions.typeart.cc/docs/multiple-selector\"\n          target=\"_blank\"\n          rel=\"noopener nofollow\"\n        >\n          shadcn/ui expansions\n        </a>\n      </p>\n    </div>\n  );\n}\n",
      "type": "registry:component",
      "target": ""
    }
  ],
  "meta": {
    "tags": [
      "label",
      "select",
      "multiselect",
      "tag",
      "input",
      "search",
      "autocomplete",
      "radix"
    ]
  }
}