{
  "$schema": "https://ui.shadcn.com/schema/registry-item.json",
  "name": "comp-229",
  "type": "registry:component",
  "registryDependencies": [
    "https://originui.com/r/button.json",
    "https://originui.com/r/command.json",
    "https://originui.com/r/label.json",
    "https://originui.com/r/popover.json"
  ],
  "files": [
    {
      "path": "registry/default/components/comp-229.tsx",
      "content": "\"use client\";\n\nimport { cn } from \"@/registry/default/lib/utils\";\nimport { Button } from \"@/registry/default/ui/button\";\nimport {\n  Command,\n  CommandEmpty,\n  CommandGroup,\n  CommandInput,\n  CommandItem,\n  CommandList,\n} from \"@/registry/default/ui/command\";\nimport { Label } from \"@/registry/default/ui/label\";\nimport { Popover, PopoverContent, PopoverTrigger } from \"@/registry/default/ui/popover\";\nimport { Check, ChevronDown } from \"lucide-react\";\nimport { useId, useState } from \"react\";\n\nconst frameworks = [\n  {\n    value: \"next.js\",\n    label: \"Next.js\",\n  },\n  {\n    value: \"sveltekit\",\n    label: \"SvelteKit\",\n  },\n  {\n    value: \"nuxt.js\",\n    label: \"Nuxt.js\",\n  },\n  {\n    value: \"remix\",\n    label: \"Remix\",\n  },\n  {\n    value: \"astro\",\n    label: \"Astro\",\n  },\n  {\n    value: \"angular\",\n    label: \"Angular\",\n  },\n  {\n    value: \"vue\",\n    label: \"Vue.js\",\n  },\n  {\n    value: \"react\",\n    label: \"React\",\n  },\n  {\n    value: \"ember\",\n    label: \"Ember.js\",\n  },\n  {\n    value: \"gatsby\",\n    label: \"Gatsby\",\n  },\n  {\n    value: \"eleventy\",\n    label: \"Eleventy\",\n  },\n  {\n    value: \"solid\",\n    label: \"SolidJS\",\n  },\n  {\n    value: \"preact\",\n    label: \"Preact\",\n  },\n  {\n    value: \"qwik\",\n    label: \"Qwik\",\n  },\n  {\n    value: \"alpine\",\n    label: \"Alpine.js\",\n  },\n  {\n    value: \"lit\",\n    label: \"Lit\",\n  },\n];\n\nexport default function Component() {\n  const id = useId();\n  const [open, setOpen] = useState<boolean>(false);\n  const [value, setValue] = useState<string>(\"\");\n\n  return (\n    <div className=\"space-y-2\">\n      <Label htmlFor={id}>Select with search</Label>\n      <Popover open={open} onOpenChange={setOpen}>\n        <PopoverTrigger asChild>\n          <Button\n            id={id}\n            variant=\"outline\"\n            role=\"combobox\"\n            aria-expanded={open}\n            className=\"w-full justify-between bg-background px-3 font-normal outline-offset-0 hover:bg-background focus-visible:border-ring focus-visible:outline-[3px] focus-visible:outline-ring/20\"\n          >\n            <span className={cn(\"truncate\", !value && \"text-muted-foreground\")}>\n              {value\n                ? frameworks.find((framework) => framework.value === value)?.label\n                : \"Select framework\"}\n            </span>\n            <ChevronDown\n              size={16}\n              strokeWidth={2}\n              className=\"shrink-0 text-muted-foreground/80\"\n              aria-hidden=\"true\"\n            />\n          </Button>\n        </PopoverTrigger>\n        <PopoverContent\n          className=\"w-full min-w-[var(--radix-popper-anchor-width)] border-input p-0\"\n          align=\"start\"\n        >\n          <Command>\n            <CommandInput placeholder=\"Search framework...\" />\n            <CommandList>\n              <CommandEmpty>No framework found.</CommandEmpty>\n              <CommandGroup>\n                {frameworks.map((framework) => (\n                  <CommandItem\n                    key={framework.value}\n                    value={framework.value}\n                    onSelect={(currentValue) => {\n                      setValue(currentValue === value ? \"\" : currentValue);\n                      setOpen(false);\n                    }}\n                  >\n                    {framework.label}\n                    {value === framework.value && (\n                      <Check size={16} strokeWidth={2} className=\"ml-auto\" />\n                    )}\n                  </CommandItem>\n                ))}\n              </CommandGroup>\n            </CommandList>\n          </Command>\n        </PopoverContent>\n      </Popover>\n    </div>\n  );\n}\n",
      "type": "registry:component",
      "target": ""
    }
  ],
  "meta": {
    "tags": [
      "label",
      "select",
      "command",
      "combobox",
      "popover",
      "search",
      "autocomplete",
      "radix"
    ]
  }
}