{
  "$schema": "https://ui.shadcn.com/schema/registry-item.json",
  "name": "comp-150",
  "type": "registry:component",
  "files": [
    {
      "path": "registry/default/components/comp-150.tsx",
      "content": "\"use client\";\n\nimport { Moon, Sun } from \"lucide-react\";\nimport { useId, useState } from \"react\";\n\nexport default function Component() {\n  const id = useId();\n  const [theme, setTheme] = useState<string>(\"light\");\n\n  return (\n    <div className=\"space-y-4\">\n      <legend className=\"text-sm font-medium leading-none text-foreground\">\n        Dark mode toggle checkbox\n      </legend>\n      <div className=\"flex flex-col justify-center\">\n        <input\n          type=\"checkbox\"\n          name={id}\n          id={id}\n          className=\"peer sr-only\"\n          checked={theme === \"dark\"}\n          onChange={() => setTheme((prev) => (prev === \"dark\" ? \"light\" : \"dark\"))}\n        />\n        <label\n          className=\"group relative inline-flex size-9 cursor-pointer items-center justify-center rounded-lg border border-input bg-background text-foreground shadow-sm shadow-black/5 transition-colors hover:bg-accent hover:text-accent-foreground peer-focus-visible:outline peer-focus-visible:outline-2 peer-focus-visible:outline-ring/70\"\n          htmlFor={id}\n          aria-label={`Switch to ${theme === \"dark\" ? \"light\" : \"dark\"} mode`}\n        >\n          {/* Note: After dark mode implementation, rely on dark: prefix rather than peer-checked:group-[]: */}\n          <Moon\n            size={16}\n            strokeWidth={2}\n            className=\"shrink-0 scale-0 opacity-0 transition-all peer-checked:group-[]:scale-100 peer-checked:group-[]:opacity-100\"\n            aria-hidden=\"true\"\n          />\n          <Sun\n            size={16}\n            strokeWidth={2}\n            className=\"absolute shrink-0 scale-100 opacity-100 transition-all peer-checked:group-[]:scale-0 peer-checked:group-[]:opacity-0\"\n            aria-hidden=\"true\"\n          />\n        </label>\n      </div>\n    </div>\n  );\n}\n",
      "type": "registry:component",
      "target": ""
    }
  ],
  "meta": {
    "tags": [
      "checkbox",
      "label",
      "toggle",
      "darkmode",
      "radix"
    ]
  }
}