{
  "$schema": "https://ui.shadcn.com/schema/registry-item.json",
  "name": "comp-193",
  "type": "registry:component",
  "registryDependencies": [
    "https://originui.com/r/select-native.json",
    "https://originui.com/r/label.json"
  ],
  "files": [
    {
      "path": "registry/default/components/comp-193.tsx",
      "content": "import { Label } from \"@/registry/default/ui/label\";\nimport { SelectNative } from \"@/registry/default/ui/select-native\";\nimport { useId } from \"react\";\n\nexport default function Component() {\n  const id = useId();\n  return (\n    <div\n      className=\"space-y-2\"\n      // NOTE: This inline style is to show how to set the --ring variable in your CSS file in order to change the focus ring color.\n      style={{ \"--ring\": \"234 89% 74%\" } as React.CSSProperties}\n    >\n      <Label htmlFor={id}>Select with colored border (native)</Label>\n      <SelectNative id={id}>\n        <option value=\"1\">React</option>\n        <option value=\"2\">Next.js</option>\n        <option value=\"3\">Astro</option>\n        <option value=\"4\">Gatsby</option>\n      </SelectNative>\n    </div>\n  );\n}\n",
      "type": "registry:component",
      "target": ""
    }
  ],
  "meta": {
    "tags": [
      "label",
      "select",
      "native select"
    ]
  }
}