{
  "$schema": "https://ui.shadcn.com/schema/registry-item.json",
  "name": "comp-312",
  "type": "registry:component",
  "registryDependencies": [
    "https://originui.com/r/button.json"
  ],
  "files": [
    {
      "path": "registry/default/components/comp-312.tsx",
      "content": "\"use client\";\n\nimport { Button } from \"@/registry/default/ui/button\";\nimport { Download, LoaderCircle } from \"lucide-react\";\nimport { useState } from \"react\";\n\nexport default function Component() {\n  const [isDownloading, setIsDownloading] = useState(false);\n\n  const handleDownload = () => {\n    setIsDownloading(true);\n    // Simulate download\n    setTimeout(() => {\n      setIsDownloading(false);\n    }, 2000);\n  };\n\n  return (\n    <div className=\"bg-muted px-4 py-3 md:py-2\">\n      <div className=\"flex flex-wrap items-center justify-center gap-x-4 gap-y-2\">\n        <p className=\"text-sm\">\n          <span className=\"font-medium\">v2.1.0</span>\n          <span className=\"mx-2 text-muted-foreground\">•</span>\n          New features and improvements available\n        </p>\n        <Button\n          size=\"sm\"\n          variant=\"outline\"\n          disabled={isDownloading}\n          onClick={handleDownload}\n          className=\"min-w-24\"\n        >\n          {isDownloading ? (\n            <>\n              <LoaderCircle\n                className=\"-ms-0.5 me-2 animate-spin\"\n                size={16}\n                strokeWidth={2}\n                aria-hidden=\"true\"\n              />\n              Updating...\n            </>\n          ) : (\n            <>\n              <Download size={16} className=\"-ms-0.5 me-2\" aria-hidden=\"true\" />\n              Update now\n            </>\n          )}\n        </Button>\n      </div>\n    </div>\n  );\n}\n",
      "type": "registry:component",
      "target": ""
    }
  ],
  "meta": {
    "tags": [
      "banner"
    ],
    "colSpan": 3
  }
}