{
  "$schema": "https://ui.shadcn.com/schema/registry-item.json",
  "name": "comp-479",
  "type": "registry:component",
  "dependencies": [
    "@tanstack/react-table"
  ],
  "registryDependencies": [
    "https://originui.com/r/table.json"
  ],
  "files": [
    {
      "path": "registry/default/components/comp-479.tsx",
      "content": "\"use client\";\n\nimport { cn } from \"@/registry/default/lib/utils\";\nimport {\n  Table,\n  TableBody,\n  TableCell,\n  TableHead,\n  TableHeader,\n  TableRow,\n} from \"@/registry/default/ui/table\";\nimport {\n  ColumnDef,\n  flexRender,\n  getCoreRowModel,\n  getSortedRowModel,\n  SortingState,\n  useReactTable,\n} from \"@tanstack/react-table\";\nimport { ChevronDown, ChevronUp } from \"lucide-react\";\nimport { useEffect, useState } from \"react\";\n\ntype Item = {\n  id: string;\n  name: string;\n  email: string;\n  location: string;\n  flag: string;\n  status: \"Active\" | \"Inactive\" | \"Pending\";\n  balance: number;\n  department: string;\n  role: string;\n  joinDate: string;\n  lastActive: string;\n  performance: \"Excellent\" | \"Good\" | \"Average\" | \"Poor\";\n};\n\nconst columns: ColumnDef<Item>[] = [\n  {\n    header: \"Name\",\n    accessorKey: \"name\",\n    cell: ({ row }) => <div className=\"truncate font-medium\">{row.getValue(\"name\")}</div>,\n    sortUndefined: \"last\",\n    sortDescFirst: false,\n  },\n  {\n    header: \"Email\",\n    accessorKey: \"email\",\n  },\n  {\n    header: \"Location\",\n    accessorKey: \"location\",\n    cell: ({ row }) => (\n      <div className=\"truncate\">\n        <span className=\"text-lg leading-none\">{row.original.flag}</span> {row.getValue(\"location\")}\n      </div>\n    ),\n  },\n  {\n    header: \"Status\",\n    accessorKey: \"status\",\n  },\n  {\n    header: \"Balance\",\n    accessorKey: \"balance\",\n    cell: ({ row }) => {\n      const amount = parseFloat(row.getValue(\"balance\"));\n      const formatted = new Intl.NumberFormat(\"en-US\", {\n        style: \"currency\",\n        currency: \"USD\",\n      }).format(amount);\n      return formatted;\n    },\n  },\n  {\n    header: \"Department\",\n    accessorKey: \"department\",\n  },\n  {\n    header: \"Role\",\n    accessorKey: \"role\",\n  },\n  {\n    header: \"Join Date\",\n    accessorKey: \"joinDate\",\n  },\n  {\n    header: \"Last Active\",\n    accessorKey: \"lastActive\",\n  },\n  {\n    header: \"Performance\",\n    accessorKey: \"performance\",\n  },\n];\n\nexport default function Component() {\n  const [data, setData] = useState<Item[]>([]);\n  const [sorting, setSorting] = useState<SortingState>([\n    {\n      id: \"name\",\n      desc: false,\n    },\n  ]);\n\n  useEffect(() => {\n    async function fetchPosts() {\n      const res = await fetch(\n        \"https://res.cloudinary.com/dlzlfasou/raw/upload/users-01_fertyx.json\",\n      );\n      const data = await res.json();\n      setData(data.slice(0, 5)); // Limit to 5 items\n    }\n    fetchPosts();\n  }, []);\n\n  const table = useReactTable({\n    data,\n    columns,\n    columnResizeMode: \"onChange\",\n    getCoreRowModel: getCoreRowModel(),\n    getSortedRowModel: getSortedRowModel(),\n    onSortingChange: setSorting,\n    state: {\n      sorting,\n    },\n    enableSortingRemoval: false,\n  });\n\n  return (\n    <div>\n      <Table\n        className=\"table-fixed\"\n        style={{\n          width: table.getCenterTotalSize(),\n        }}\n      >\n        <TableHeader>\n          {table.getHeaderGroups().map((headerGroup) => (\n            <TableRow key={headerGroup.id} className=\"bg-muted/50\">\n              {headerGroup.headers.map((header) => {\n                return (\n                  <TableHead\n                    key={header.id}\n                    className=\"relative h-10 select-none border-t [&>.cursor-col-resize]:last:opacity-0\"\n                    aria-sort={\n                      header.column.getIsSorted() === \"asc\"\n                        ? \"ascending\"\n                        : header.column.getIsSorted() === \"desc\"\n                          ? \"descending\"\n                          : \"none\"\n                    }\n                    {...{\n                      colSpan: header.colSpan,\n                      style: {\n                        width: header.getSize(),\n                      },\n                    }}\n                  >\n                    {header.isPlaceholder ? null : (\n                      <div\n                        className={cn(\n                          header.column.getCanSort() &&\n                            \"flex h-full cursor-pointer select-none items-center justify-between gap-2\",\n                        )}\n                        onClick={header.column.getToggleSortingHandler()}\n                        onKeyDown={(e) => {\n                          // Enhanced keyboard handling for sorting\n                          if (header.column.getCanSort() && (e.key === \"Enter\" || e.key === \" \")) {\n                            e.preventDefault();\n                            header.column.getToggleSortingHandler()?.(e);\n                          }\n                        }}\n                        tabIndex={header.column.getCanSort() ? 0 : undefined}\n                      >\n                        <span className=\"truncate\">\n                          {flexRender(header.column.columnDef.header, header.getContext())}\n                        </span>\n                        {{\n                          asc: (\n                            <ChevronUp\n                              className=\"shrink-0 opacity-60\"\n                              size={16}\n                              strokeWidth={2}\n                              aria-hidden=\"true\"\n                            />\n                          ),\n                          desc: (\n                            <ChevronDown\n                              className=\"shrink-0 opacity-60\"\n                              size={16}\n                              strokeWidth={2}\n                              aria-hidden=\"true\"\n                            />\n                          ),\n                        }[header.column.getIsSorted() as string] ?? null}\n                      </div>\n                    )}\n                    {header.column.getCanResize() && (\n                      <div\n                        {...{\n                          onDoubleClick: () => header.column.resetSize(),\n                          onMouseDown: header.getResizeHandler(),\n                          onTouchStart: header.getResizeHandler(),\n                          className:\n                            \"absolute top-0 h-full w-4 cursor-col-resize user-select-none touch-none -right-2 z-10 flex justify-center before:absolute before:w-px before:inset-y-0 before:bg-border before:translate-x-px\",\n                        }}\n                      />\n                    )}\n                  </TableHead>\n                );\n              })}\n            </TableRow>\n          ))}\n        </TableHeader>\n        <TableBody>\n          {table.getRowModel().rows?.length ? (\n            table.getRowModel().rows.map((row) => (\n              <TableRow key={row.id} data-state={row.getIsSelected() && \"selected\"}>\n                {row.getVisibleCells().map((cell) => (\n                  <TableCell key={cell.id} className=\"truncate\">\n                    {flexRender(cell.column.columnDef.cell, cell.getContext())}\n                  </TableCell>\n                ))}\n              </TableRow>\n            ))\n          ) : (\n            <TableRow>\n              <TableCell colSpan={columns.length} className=\"h-24 text-center\">\n                No results.\n              </TableCell>\n            </TableRow>\n          )}\n        </TableBody>\n      </Table>\n      <p className=\"mt-4 text-center text-sm text-muted-foreground\">\n        Resizable and sortable columns made with{\" \"}\n        <a\n          className=\"underline hover:text-foreground\"\n          href=\"https://tanstack.com/table\"\n          target=\"_blank\"\n          rel=\"noopener noreferrer\"\n        >\n          TanStack Table\n        </a>\n      </p>\n    </div>\n  );\n}\n",
      "type": "registry:component",
      "target": ""
    }
  ],
  "meta": {
    "tags": [
      "table",
      "tanstack",
      "flag",
      "sort",
      "resize"
    ],
    "colSpan": 3
  }
}