{
  "$schema": "https://ui.shadcn.com/schema/registry-item.json",
  "name": "comp-171",
  "type": "registry:component",
  "dependencies": [
    "@remixicon/react"
  ],
  "registryDependencies": [
    "https://originui.com/r/radio-group.json"
  ],
  "files": [
    {
      "path": "registry/default/components/comp-171.tsx",
      "content": "\"use client\";\n\nimport { RadioGroup, RadioGroupItem } from \"@/registry/default/ui/radio-group\";\nimport { RiStarFill } from \"@remixicon/react\";\nimport { useId, useState } from \"react\";\n\nexport default function Component() {\n  const id = useId();\n  const [hoverRating, setHoverRating] = useState(\"\");\n  const [currentRating, setCurrentRating] = useState(\"\");\n\n  return (\n    <fieldset className=\"space-y-4\">\n      <legend className=\"text-sm font-medium leading-none text-foreground\">\n        Rate your experience\n      </legend>\n      <RadioGroup className=\"inline-flex gap-0\" onValueChange={setCurrentRating}>\n        {[\"1\", \"2\", \"3\", \"4\", \"5\"].map((value) => (\n          <label\n            key={value}\n            className=\"group relative cursor-pointer rounded-lg p-0.5 has-[:focus-visible]:outline has-[:focus-visible]:outline-2 has-[:focus-visible]:outline-ring/70\"\n            onMouseEnter={() => setHoverRating(value)}\n            onMouseLeave={() => setHoverRating(\"\")}\n          >\n            <RadioGroupItem id={`${id}-${value}`} value={value} className=\"sr-only\" />\n            <RiStarFill\n              size={24}\n              className={`transition-all ${\n                (hoverRating || currentRating) >= value ? \"text-amber-500\" : \"text-input\"\n              } group-hover:scale-110`}\n            />\n            <span className=\"sr-only\">\n              {value} star{value === \"1\" ? \"\" : \"s\"}\n            </span>\n          </label>\n        ))}\n      </RadioGroup>\n    </fieldset>\n  );\n}\n",
      "type": "registry:component",
      "target": ""
    }
  ],
  "meta": {
    "tags": [
      "radio",
      "label",
      "rating",
      "vote",
      "radix"
    ],
    "style": 1
  }
}