{
  "$schema": "https://ui.shadcn.com/schema/registry-item.json",
  "name": "comp-323",
  "type": "registry:component",
  "registryDependencies": [
    "https://originui.com/r/button.json",
    "https://originui.com/r/dialog.json",
    "https://originui.com/r/label.json",
    "https://originui.com/r/radio-group.json",
    "https://originui.com/r/textarea.json"
  ],
  "files": [
    {
      "path": "registry/default/components/comp-323.tsx",
      "content": "import { Button } from \"@/registry/default/ui/button\";\nimport {\n  Dialog,\n  DialogContent,\n  DialogHeader,\n  DialogTitle,\n  DialogTrigger,\n} from \"@/registry/default/ui/dialog\";\nimport { Label } from \"@/registry/default/ui/label\";\nimport { RadioGroup, RadioGroupItem } from \"@/registry/default/ui/radio-group\";\nimport { Textarea } from \"@/registry/default/ui/textarea\";\n\nexport default function Component() {\n  return (\n    <Dialog>\n      <DialogTrigger asChild>\n        <Button variant=\"outline\">Rating</Button>\n      </DialogTrigger>\n      <DialogContent className=\"flex flex-col gap-0 p-0 [&>button:last-child]:top-3.5\">\n        <DialogHeader className=\"contents space-y-0 text-left\">\n          <DialogTitle className=\"border-b border-border px-6 py-4 text-base\">\n            Help us improve\n          </DialogTitle>\n        </DialogHeader>\n        <div className=\"px-6 py-4\">\n          <form className=\"space-y-5\">\n            <div className=\"space-y-4\">\n              <div>\n                <fieldset className=\"space-y-4\">\n                  <legend className=\"text-lg font-semibold leading-none text-foreground\">\n                    How hard was it to set up your account?\n                  </legend>\n                  <RadioGroup className=\"flex gap-0 -space-x-px rounded-lg shadow-sm shadow-black/5\">\n                    {[0, 1, 2, 3, 4, 5, 6, 7, 8].map((number) => (\n                      <label\n                        key={number}\n                        className=\"relative flex size-9 flex-1 cursor-pointer flex-col items-center justify-center gap-3 border border-input text-center text-sm outline-offset-2 transition-colors first:rounded-s-lg last:rounded-e-lg has-[[data-state=checked]]:z-10 has-[[data-disabled]]:cursor-not-allowed has-[[data-state=checked]]:border-ring has-[[data-state=checked]]:bg-accent has-[[data-disabled]]:opacity-50 has-[:focus-visible]:outline has-[:focus-visible]:outline-2 has-[:focus-visible]:outline-ring/70\"\n                      >\n                        <RadioGroupItem\n                          id={`radio-17-r${number}`}\n                          value={number.toString()}\n                          className=\"sr-only after:absolute after:inset-0\"\n                        />\n                        {number}\n                      </label>\n                    ))}\n                  </RadioGroup>\n                </fieldset>\n                <div className=\"mt-2 flex justify-between text-xs text-muted-foreground\">\n                  <p>Very easy</p>\n                  <p>Very dificult</p>\n                </div>\n              </div>\n\n              <div className=\"space-y-2\">\n                <Label>Why did you give this rating?</Label>\n                <Textarea\n                  id=\"feedback\"\n                  placeholder=\"How can we improve Origin UI?\"\n                  aria-label=\"Send feedback\"\n                />\n              </div>\n            </div>\n            <Button type=\"button\" className=\"w-full\">\n              Send feedback\n            </Button>\n          </form>\n        </div>\n      </DialogContent>\n    </Dialog>\n  );\n}\n",
      "type": "registry:component",
      "target": ""
    }
  ],
  "meta": {
    "tags": [
      "dialog",
      "modal",
      "rating",
      "feedback",
      "form",
      "radix"
    ],
    "style": 1
  }
}