{
  "$schema": "https://ui.shadcn.com/schema/registry-item.json",
  "name": "comp-117",
  "type": "registry:component",
  "registryDependencies": [
    "https://originui.com/r/button.json"
  ],
  "files": [
    {
      "path": "registry/default/components/comp-117.tsx",
      "content": "import { Button } from \"@/registry/default/ui/button\";\nimport { ThumbsUp } from \"lucide-react\";\n\nexport default function Component() {\n  return (\n    <Button className=\"py-0 pe-0\" variant=\"outline\">\n      <ThumbsUp className=\"me-2 opacity-60\" size={16} strokeWidth={2} aria-hidden=\"true\" />\n      Like\n      <span className=\"relative ms-3 inline-flex h-full items-center justify-center rounded-full px-3 text-xs font-medium text-muted-foreground before:absolute before:inset-0 before:left-0 before:w-px before:bg-input\">\n        86\n      </span>\n    </Button>\n  );\n}\n",
      "type": "registry:component",
      "target": ""
    }
  ],
  "meta": {
    "tags": [
      "button",
      "like",
      "counter"
    ],
    "style": 2
  }
}