{
  "$schema": "https://ui.shadcn.com/schema/registry-item.json",
  "name": "comp-191",
  "type": "registry:component",
  "registryDependencies": [
    "https://originui.com/r/select-native.json",
    "https://originui.com/r/label.json"
  ],
  "files": [
    {
      "path": "registry/default/components/comp-191.tsx",
      "content": "import { Label } from \"@/registry/default/ui/label\";\nimport { SelectNative } from \"@/registry/default/ui/select-native\";\nimport { Clock } from \"lucide-react\";\nimport { useId } from \"react\";\n\nexport default function Component() {\n  const id = useId();\n  return (\n    <div className=\"space-y-2\">\n      <Label htmlFor={id}>Select with icon (native)</Label>\n      <div className=\"group relative\">\n        <SelectNative id={id} className=\"ps-9\">\n          <option value=\"1\">00:00 AM - 11:59 PM</option>\n          <option value=\"2\">01:00 AM - 12:59 PM</option>\n          <option value=\"3\">02:00 AM - 01:59 PM</option>\n          <option value=\"4\">03:00 AM - 02:59 PM</option>\n        </SelectNative>\n        <div className=\"pointer-events-none absolute inset-y-0 start-0 flex items-center justify-center ps-3 text-muted-foreground/80 group-has-[[disabled]]:opacity-50\">\n          <Clock size={16} strokeWidth={2} aria-hidden=\"true\" />\n        </div>\n      </div>\n    </div>\n  );\n}\n",
      "type": "registry:component",
      "target": ""
    }
  ],
  "meta": {
    "tags": [
      "label",
      "select",
      "native select",
      "time"
    ]
  }
}