{
  "$schema": "https://ui.shadcn.com/schema/registry-item.json",
  "name": "comp-124",
  "type": "registry:component",
  "registryDependencies": [
    "https://originui.com/r/button.json"
  ],
  "files": [
    {
      "path": "registry/default/components/comp-124.tsx",
      "content": "import { Button } from \"@/registry/default/ui/button\";\nimport { ChevronLeft } from \"lucide-react\";\n\nexport default function Component() {\n  return (\n    <Button variant=\"link\">\n      <ChevronLeft className=\"me-1 opacity-60\" size={16} strokeWidth={2} aria-hidden=\"true\" />\n      Go back\n    </Button>\n  );\n}\n",
      "type": "registry:component",
      "target": ""
    }
  ],
  "meta": {
    "tags": [
      "button",
      "back"
    ],
    "style": 2
  }
}