{
  "$schema": "https://ui.shadcn.com/schema/registry-item.json",
  "name": "comp-483",
  "type": "registry:component",
  "dependencies": [
    "@tanstack/react-table"
  ],
  "registryDependencies": [
    "https://originui.com/r/badge.json",
    "https://originui.com/r/button.json",
    "https://originui.com/r/checkbox.json",
    "https://originui.com/r/label.json",
    "https://originui.com/r/pagination.json",
    "https://originui.com/r/select.json",
    "https://originui.com/r/table.json"
  ],
  "files": [
    {
      "path": "registry/default/components/comp-483.tsx",
      "content": "\"use client\";\nimport { cn } from \"@/registry/default/lib/utils\";\nimport { Badge } from \"@/registry/default/ui/badge\";\nimport { Button } from \"@/registry/default/ui/button\";\nimport { Checkbox } from \"@/registry/default/ui/checkbox\";\nimport { Label } from \"@/registry/default/ui/label\";\nimport { Pagination, PaginationContent, PaginationItem } from \"@/registry/default/ui/pagination\";\nimport {\n  Select,\n  SelectContent,\n  SelectItem,\n  SelectTrigger,\n  SelectValue,\n} from \"@/registry/default/ui/select\";\nimport {\n  Table,\n  TableBody,\n  TableCell,\n  TableHead,\n  TableHeader,\n  TableRow,\n} from \"@/registry/default/ui/table\";\nimport {\n  ColumnDef,\n  PaginationState,\n  SortingState,\n  flexRender,\n  getCoreRowModel,\n  getPaginationRowModel,\n  getSortedRowModel,\n  useReactTable,\n} from \"@tanstack/react-table\";\nimport {\n  ChevronDown,\n  ChevronFirst,\n  ChevronLast,\n  ChevronLeft,\n  ChevronRight,\n  ChevronUp,\n} from \"lucide-react\";\nimport { useEffect, useId, useState } from \"react\";\n\ntype Item = {\n  id: string;\n  name: string;\n  email: string;\n  location: string;\n  flag: string;\n  status: \"Active\" | \"Inactive\" | \"Pending\";\n  balance: number;\n};\n\nconst columns: ColumnDef<Item>[] = [\n  {\n    id: \"select\",\n    header: ({ table }) => (\n      <Checkbox\n        checked={\n          table.getIsAllPageRowsSelected() || (table.getIsSomePageRowsSelected() && \"indeterminate\")\n        }\n        onCheckedChange={(value) => table.toggleAllPageRowsSelected(!!value)}\n        aria-label=\"Select all\"\n      />\n    ),\n    cell: ({ row }) => (\n      <Checkbox\n        checked={row.getIsSelected()}\n        onCheckedChange={(value) => row.toggleSelected(!!value)}\n        aria-label=\"Select row\"\n      />\n    ),\n    size: 28,\n    enableSorting: false,\n  },\n  {\n    header: \"Name\",\n    accessorKey: \"name\",\n    cell: ({ row }) => <div className=\"font-medium\">{row.getValue(\"name\")}</div>,\n    size: 180,\n  },\n  {\n    header: \"Email\",\n    accessorKey: \"email\",\n    size: 200,\n  },\n  {\n    header: \"Location\",\n    accessorKey: \"location\",\n    cell: ({ row }) => (\n      <div>\n        <span className=\"text-lg leading-none\">{row.original.flag}</span> {row.getValue(\"location\")}\n      </div>\n    ),\n    size: 180,\n  },\n  {\n    header: \"Status\",\n    accessorKey: \"status\",\n    cell: ({ row }) => (\n      <Badge\n        className={cn(\n          row.getValue(\"status\") === \"Inactive\" && \"bg-muted-foreground/60 text-primary-foreground\",\n        )}\n      >\n        {row.getValue(\"status\")}\n      </Badge>\n    ),\n    size: 120,\n  },\n  {\n    header: \"Balance\",\n    accessorKey: \"balance\",\n    cell: ({ row }) => {\n      const amount = parseFloat(row.getValue(\"balance\"));\n      const formatted = new Intl.NumberFormat(\"en-US\", {\n        style: \"currency\",\n        currency: \"USD\",\n      }).format(amount);\n      return formatted;\n    },\n    size: 120,\n  },\n];\n\nexport default function Component() {\n  const id = useId();\n  const [pagination, setPagination] = useState<PaginationState>({\n    pageIndex: 0,\n    pageSize: 5,\n  });\n\n  const [sorting, setSorting] = useState<SortingState>([\n    {\n      id: \"name\",\n      desc: false,\n    },\n  ]);\n\n  const [data, setData] = useState<Item[]>([]);\n  useEffect(() => {\n    async function fetchPosts() {\n      const res = await fetch(\n        \"https://res.cloudinary.com/dlzlfasou/raw/upload/users-01_fertyx.json\",\n      );\n      const data = await res.json();\n      setData([...data, ...data]);\n    }\n    fetchPosts();\n  }, []);\n\n  const table = useReactTable({\n    data,\n    columns,\n    getCoreRowModel: getCoreRowModel(),\n    getSortedRowModel: getSortedRowModel(),\n    onSortingChange: setSorting,\n    enableSortingRemoval: false,\n    getPaginationRowModel: getPaginationRowModel(),\n    onPaginationChange: setPagination,\n    state: {\n      sorting,\n      pagination,\n    },\n  });\n\n  return (\n    <div className=\"space-y-4\">\n      <div className=\"overflow-hidden rounded-lg border border-border bg-background\">\n        <Table className=\"table-fixed\">\n          <TableHeader>\n            {table.getHeaderGroups().map((headerGroup) => (\n              <TableRow key={headerGroup.id} className=\"hover:bg-transparent\">\n                {headerGroup.headers.map((header) => {\n                  return (\n                    <TableHead\n                      key={header.id}\n                      style={{ width: `${header.getSize()}px` }}\n                      className=\"h-11\"\n                    >\n                      {header.isPlaceholder ? null : header.column.getCanSort() ? (\n                        <div\n                          className={cn(\n                            header.column.getCanSort() &&\n                              \"flex h-full cursor-pointer select-none items-center justify-between gap-2\",\n                          )}\n                          onClick={header.column.getToggleSortingHandler()}\n                          onKeyDown={(e) => {\n                            // Enhanced keyboard handling for sorting\n                            if (\n                              header.column.getCanSort() &&\n                              (e.key === \"Enter\" || e.key === \" \")\n                            ) {\n                              e.preventDefault();\n                              header.column.getToggleSortingHandler()?.(e);\n                            }\n                          }}\n                          tabIndex={header.column.getCanSort() ? 0 : undefined}\n                        >\n                          {flexRender(header.column.columnDef.header, header.getContext())}\n                          {{\n                            asc: (\n                              <ChevronUp\n                                className=\"shrink-0 opacity-60\"\n                                size={16}\n                                strokeWidth={2}\n                                aria-hidden=\"true\"\n                              />\n                            ),\n                            desc: (\n                              <ChevronDown\n                                className=\"shrink-0 opacity-60\"\n                                size={16}\n                                strokeWidth={2}\n                                aria-hidden=\"true\"\n                              />\n                            ),\n                          }[header.column.getIsSorted() as string] ?? null}\n                        </div>\n                      ) : (\n                        flexRender(header.column.columnDef.header, header.getContext())\n                      )}\n                    </TableHead>\n                  );\n                })}\n              </TableRow>\n            ))}\n          </TableHeader>\n          <TableBody>\n            {table.getRowModel().rows?.length ? (\n              table.getRowModel().rows.map((row) => (\n                <TableRow key={row.id} data-state={row.getIsSelected() && \"selected\"}>\n                  {row.getVisibleCells().map((cell) => (\n                    <TableCell key={cell.id}>\n                      {flexRender(cell.column.columnDef.cell, cell.getContext())}\n                    </TableCell>\n                  ))}\n                </TableRow>\n              ))\n            ) : (\n              <TableRow>\n                <TableCell colSpan={columns.length} className=\"h-24 text-center\">\n                  No results.\n                </TableCell>\n              </TableRow>\n            )}\n          </TableBody>\n        </Table>\n      </div>\n\n      {/* Pagination */}\n      <div className=\"flex items-center justify-between gap-8\">\n        {/* Results per page */}\n        <div className=\"flex items-center gap-3\">\n          <Label htmlFor={id} className=\"max-sm:sr-only\">\n            Rows per page\n          </Label>\n          <Select\n            value={table.getState().pagination.pageSize.toString()}\n            onValueChange={(value) => {\n              table.setPageSize(Number(value));\n            }}\n          >\n            <SelectTrigger id={id} className=\"w-fit whitespace-nowrap\">\n              <SelectValue placeholder=\"Select number of results\" />\n            </SelectTrigger>\n            <SelectContent className=\"[&_*[role=option]>span]:end-2 [&_*[role=option]>span]:start-auto [&_*[role=option]]:pe-8 [&_*[role=option]]:ps-2\">\n              {[5, 10, 25, 50].map((pageSize) => (\n                <SelectItem key={pageSize} value={pageSize.toString()}>\n                  {pageSize}\n                </SelectItem>\n              ))}\n            </SelectContent>\n          </Select>\n        </div>\n        {/* Page number information */}\n        <div className=\"flex grow justify-end whitespace-nowrap text-sm text-muted-foreground\">\n          <p className=\"whitespace-nowrap text-sm text-muted-foreground\" aria-live=\"polite\">\n            <span className=\"text-foreground\">\n              {table.getState().pagination.pageIndex * table.getState().pagination.pageSize + 1}-\n              {Math.min(\n                Math.max(\n                  table.getState().pagination.pageIndex * table.getState().pagination.pageSize +\n                    table.getState().pagination.pageSize,\n                  0,\n                ),\n                table.getRowCount(),\n              )}\n            </span>{\" \"}\n            of <span className=\"text-foreground\">{table.getRowCount().toString()}</span>\n          </p>\n        </div>\n        {/* Pagination buttons */}\n        <div>\n          <Pagination>\n            <PaginationContent>\n              {/* First page button */}\n              <PaginationItem>\n                <Button\n                  size=\"icon\"\n                  variant=\"outline\"\n                  className=\"disabled:pointer-events-none disabled:opacity-50\"\n                  onClick={() => table.firstPage()}\n                  disabled={!table.getCanPreviousPage()}\n                  aria-label=\"Go to first page\"\n                >\n                  <ChevronFirst size={16} strokeWidth={2} aria-hidden=\"true\" />\n                </Button>\n              </PaginationItem>\n              {/* Previous page button */}\n              <PaginationItem>\n                <Button\n                  size=\"icon\"\n                  variant=\"outline\"\n                  className=\"disabled:pointer-events-none disabled:opacity-50\"\n                  onClick={() => table.previousPage()}\n                  disabled={!table.getCanPreviousPage()}\n                  aria-label=\"Go to previous page\"\n                >\n                  <ChevronLeft size={16} strokeWidth={2} aria-hidden=\"true\" />\n                </Button>\n              </PaginationItem>\n              {/* Next page button */}\n              <PaginationItem>\n                <Button\n                  size=\"icon\"\n                  variant=\"outline\"\n                  className=\"disabled:pointer-events-none disabled:opacity-50\"\n                  onClick={() => table.nextPage()}\n                  disabled={!table.getCanNextPage()}\n                  aria-label=\"Go to next page\"\n                >\n                  <ChevronRight size={16} strokeWidth={2} aria-hidden=\"true\" />\n                </Button>\n              </PaginationItem>\n              {/* Last page button */}\n              <PaginationItem>\n                <Button\n                  size=\"icon\"\n                  variant=\"outline\"\n                  className=\"disabled:pointer-events-none disabled:opacity-50\"\n                  onClick={() => table.lastPage()}\n                  disabled={!table.getCanNextPage()}\n                  aria-label=\"Go to last page\"\n                >\n                  <ChevronLast size={16} strokeWidth={2} aria-hidden=\"true\" />\n                </Button>\n              </PaginationItem>\n            </PaginationContent>\n          </Pagination>\n        </div>\n      </div>\n      <p className=\"mt-4 text-center text-sm text-muted-foreground\">\n        Paginated table made with{\" \"}\n        <a\n          className=\"underline hover:text-foreground\"\n          href=\"https://tanstack.com/table\"\n          target=\"_blank\"\n          rel=\"noopener noreferrer\"\n        >\n          TanStack Table\n        </a>\n      </p>\n    </div>\n  );\n}\n",
      "type": "registry:component",
      "target": ""
    }
  ],
  "meta": {
    "tags": [
      "table",
      "tanstack",
      "checkbox",
      "sort",
      "flag",
      "badge",
      "chip",
      "pagination"
    ],
    "colSpan": 3
  }
}