{
  "$schema": "https://ui.shadcn.com/schema/registry-item.json",
  "name": "comp-309",
  "type": "registry:component",
  "registryDependencies": [
    "https://originui.com/r/button.json"
  ],
  "files": [
    {
      "path": "registry/default/components/comp-309.tsx",
      "content": "\"use client\";\n\nimport { Button } from \"@/registry/default/ui/button\";\nimport { Rocket, X } from \"lucide-react\";\nimport { useState } from \"react\";\n\nexport default function Component() {\n  const [isVisible, setIsVisible] = useState(true);\n\n  if (!isVisible) return null;\n\n  return (\n    <div className=\"dark bg-muted px-4 py-3 text-foreground\">\n      <div className=\"flex gap-2 md:items-center\">\n        <div className=\"flex grow gap-3 md:items-center\">\n          <div\n            className=\"flex size-9 shrink-0 items-center justify-center rounded-full bg-primary/15 max-md:mt-0.5\"\n            aria-hidden=\"true\"\n          >\n            <Rocket className=\"opacity-80\" size={16} strokeWidth={2} />\n          </div>\n          <div className=\"flex grow flex-col justify-between gap-3 md:flex-row md:items-center\">\n            <div className=\"space-y-0.5\">\n              <p className=\"text-sm font-medium\">Boost your experience with Origin UI</p>\n              <p className=\"text-sm text-muted-foreground\">\n                The new feature is live! Try it out and let us know what you think.\n              </p>\n            </div>\n            <div className=\"flex gap-2 max-md:flex-wrap\">\n              <Button size=\"sm\" className=\"text-sm\">\n                Try now\n              </Button>\n            </div>\n          </div>\n        </div>\n        <Button\n          variant=\"ghost\"\n          className=\"group -my-1.5 -me-2 size-8 shrink-0 p-0 hover:bg-transparent\"\n          onClick={() => setIsVisible(false)}\n          aria-label=\"Close banner\"\n        >\n          <X\n            size={16}\n            strokeWidth={2}\n            className=\"opacity-60 transition-opacity group-hover:opacity-100\"\n            aria-hidden=\"true\"\n          />\n        </Button>\n      </div>\n    </div>\n  );\n}\n",
      "type": "registry:component",
      "target": ""
    }
  ],
  "meta": {
    "tags": [
      "banner"
    ],
    "colSpan": 3
  }
}