{
  "$schema": "https://ui.shadcn.com/schema/registry-item.json",
  "name": "comp-455",
  "type": "registry:component",
  "registryDependencies": [
    "https://originui.com/r/button.json",
    "https://originui.com/r/pagination.json"
  ],
  "files": [
    {
      "path": "registry/default/components/comp-455.tsx",
      "content": "import { Button } from \"@/registry/default/ui/button\";\nimport { Pagination, PaginationContent, PaginationItem } from \"@/registry/default/ui/pagination\";\nimport { ArrowLeft, ArrowRight } from \"lucide-react\";\n\ntype PaginationProps = {\n  currentPage: number;\n  totalPages: number;\n};\n\nexport default function Component({ currentPage, totalPages }: PaginationProps) {\n  return (\n    <Pagination>\n      <PaginationContent className=\"w-full justify-between gap-3\">\n        <PaginationItem>\n          <Button\n            variant=\"ghost\"\n            className=\"group aria-disabled:pointer-events-none aria-disabled:opacity-50\"\n            aria-disabled={currentPage === 1 ? true : undefined}\n            role={currentPage === 1 ? \"link\" : undefined}\n          >\n            <ArrowLeft\n              className=\"-ms-1 me-2 opacity-60 transition-transform group-hover:-translate-x-0.5\"\n              size={16}\n              strokeWidth={2}\n              aria-hidden=\"true\"\n            />\n            Previous\n          </Button>\n        </PaginationItem>\n        <PaginationItem>\n          <Button\n            variant=\"ghost\"\n            className=\"group aria-disabled:pointer-events-none aria-disabled:opacity-50\"\n            aria-disabled={currentPage === totalPages ? true : undefined}\n            role={currentPage === totalPages ? \"link\" : undefined}\n          >\n            Next\n            <ArrowRight\n              className=\"-me-1 ms-2 opacity-60 transition-transform group-hover:translate-x-0.5\"\n              size={16}\n              strokeWidth={2}\n              aria-hidden=\"true\"\n            />\n          </Button>\n        </PaginationItem>\n      </PaginationContent>\n    </Pagination>\n  );\n}\n",
      "type": "registry:component",
      "target": ""
    }
  ],
  "meta": {
    "tags": [
      "pagination"
    ],
    "colSpan": 2
  }
}