{
  "$schema": "https://ui.shadcn.com/schema/registry-item.json",
  "name": "comp-144",
  "type": "registry:component",
  "registryDependencies": [
    "https://originui.com/r/checkbox.json",
    "https://originui.com/r/label.json"
  ],
  "files": [
    {
      "path": "registry/default/components/comp-144.tsx",
      "content": "import { Checkbox } from \"@/registry/default/ui/checkbox\";\nimport { Label } from \"@/registry/default/ui/label\";\nimport { useId } from \"react\";\n\nexport default function Component() {\n  const id = useId();\n  return (\n    <div className=\"relative flex w-full items-start gap-2 rounded-lg border border-input p-4 shadow-sm shadow-black/5 has-[[data-state=checked]]:border-ring\">\n      <Checkbox\n        id={id}\n        className=\"order-1 after:absolute after:inset-0\"\n        aria-describedby={`${id}-description`}\n      />\n      <div className=\"grid grow gap-2\">\n        <Label htmlFor={id}>\n          Label{\" \"}\n          <span className=\"text-xs font-normal leading-[inherit] text-muted-foreground\">\n            (Sublabel)\n          </span>\n        </Label>\n        <p id={`${id}-description`} className=\"text-xs text-muted-foreground\">\n          A short description goes here.\n        </p>\n      </div>\n    </div>\n  );\n}\n",
      "type": "registry:component",
      "target": ""
    }
  ],
  "meta": {
    "tags": [
      "checkbox",
      "label",
      "card",
      "radix"
    ]
  }
}