{
  "$schema": "https://ui.shadcn.com/schema/registry-item.json",
  "name": "comp-107",
  "type": "registry:component",
  "registryDependencies": [
    "https://originui.com/r/toggle-group.json"
  ],
  "files": [
    {
      "path": "registry/default/components/comp-107.tsx",
      "content": "\"use client\";\n\nimport { ToggleGroup, ToggleGroupItem } from \"@/registry/default/ui/toggle-group\";\nimport { AlignCenter, AlignJustify, AlignLeft, AlignRight } from \"lucide-react\";\nimport { useState } from \"react\";\n\nexport default function Component() {\n  const [value, setValue] = useState<string>(\"center\");\n\n  return (\n    <ToggleGroup\n      className=\"inline-flex gap-0 -space-x-px divide-x divide-background rounded-lg shadow-sm shadow-black/5 rtl:space-x-reverse\"\n      type=\"single\"\n      value={value}\n      onValueChange={(value) => {\n        if (value) setValue(value);\n      }}\n    >\n      <ToggleGroupItem\n        className=\"rounded-none bg-primary/80 text-primary-foreground shadow-none first:rounded-s-lg last:rounded-e-lg hover:bg-primary focus-visible:z-10 data-[state=on]:bg-primary data-[state=on]:text-primary-foreground\"\n        aria-label=\"Align Left\"\n        value=\"left\"\n      >\n        <AlignLeft size={16} strokeWidth={2} aria-hidden=\"true\" />\n      </ToggleGroupItem>\n      <ToggleGroupItem\n        className=\"rounded-none bg-primary/80 text-primary-foreground shadow-none first:rounded-s-lg last:rounded-e-lg hover:bg-primary focus-visible:z-10 data-[state=on]:bg-primary data-[state=on]:text-primary-foreground\"\n        aria-label=\"Align Center\"\n        value=\"center\"\n      >\n        <AlignCenter size={16} strokeWidth={2} aria-hidden=\"true\" />\n      </ToggleGroupItem>\n      <ToggleGroupItem\n        className=\"rounded-none bg-primary/80 text-primary-foreground shadow-none first:rounded-s-lg last:rounded-e-lg hover:bg-primary focus-visible:z-10 data-[state=on]:bg-primary data-[state=on]:text-primary-foreground\"\n        aria-label=\"Align Right\"\n        value=\"right\"\n      >\n        <AlignRight size={16} strokeWidth={2} aria-hidden=\"true\" />\n      </ToggleGroupItem>\n      <ToggleGroupItem\n        className=\"rounded-none bg-primary/80 text-primary-foreground shadow-none first:rounded-s-lg last:rounded-e-lg hover:bg-primary focus-visible:z-10 data-[state=on]:bg-primary data-[state=on]:text-primary-foreground\"\n        aria-label=\"Align Justify\"\n        value=\"justify\"\n      >\n        <AlignJustify size={16} strokeWidth={2} aria-hidden=\"true\" />\n      </ToggleGroupItem>\n    </ToggleGroup>\n  );\n}\n",
      "type": "registry:component",
      "target": ""
    }
  ],
  "meta": {
    "tags": [
      "button",
      "toggle group"
    ],
    "style": 2
  }
}