{
  "$schema": "https://ui.shadcn.com/schema/registry-item.json",
  "name": "comp-361",
  "type": "registry:component",
  "registryDependencies": [
    "https://originui.com/r/button.json",
    "https://originui.com/r/tooltip.json"
  ],
  "files": [
    {
      "path": "registry/default/components/comp-361.tsx",
      "content": "import { Button } from \"@/registry/default/ui/button\";\nimport {\n  Tooltip,\n  TooltipContent,\n  TooltipProvider,\n  TooltipTrigger,\n} from \"@/registry/default/ui/tooltip\";\n\nexport default function Component() {\n  return (\n    <TooltipProvider delayDuration={0}>\n      <Tooltip>\n        <TooltipTrigger asChild>\n          <Button variant=\"outline\" size=\"sm\">\n            Stats\n          </Button>\n        </TooltipTrigger>\n        <TooltipContent className=\"py-3\">\n          <ul className=\"grid gap-3 text-xs\">\n            <li className=\"grid gap-0.5\">\n              <span className=\"text-muted-foreground\">Status</span>\n              <span className=\"font-medium\">Completed</span>\n            </li>\n            <li className=\"grid gap-0.5\">\n              <span className=\"text-muted-foreground\">Code Coverage</span>\n              <span className=\"font-medium\">94.3%</span>\n            </li>\n            <li className=\"grid gap-0.5\">\n              <span className=\"text-muted-foreground\">Last Deploy</span>\n              <span className=\"font-medium\">Today at 15:42</span>\n            </li>\n            <li className=\"grid gap-0.5\">\n              <span className=\"text-muted-foreground\">Performance Score</span>\n              <span className=\"font-medium\">98/100</span>\n            </li>\n          </ul>\n        </TooltipContent>\n      </Tooltip>\n    </TooltipProvider>\n  );\n}\n",
      "type": "registry:component",
      "target": ""
    }
  ],
  "meta": {
    "tags": [
      "tooltip",
      "radix"
    ],
    "style": 1
  }
}