{
  "$schema": "https://ui.shadcn.com/schema/registry-item.json",
  "name": "comp-324",
  "type": "registry:component",
  "dependencies": [
    "input-otp"
  ],
  "registryDependencies": [
    "https://originui.com/r/button.json",
    "https://originui.com/r/dialog.json"
  ],
  "files": [
    {
      "path": "registry/default/components/comp-324.tsx",
      "content": "\"use client\";\n\nimport { cn } from \"@/registry/default/lib/utils\";\nimport { Button } from \"@/registry/default/ui/button\";\nimport {\n  Dialog,\n  DialogClose,\n  DialogContent,\n  DialogDescription,\n  DialogHeader,\n  DialogTitle,\n  DialogTrigger,\n} from \"@/registry/default/ui/dialog\";\nimport { OTPInput, SlotProps } from \"input-otp\";\nimport { useEffect, useRef, useState } from \"react\";\n\nconst CORRECT_CODE = \"6548\";\n\nexport default function Component() {\n  const [value, setValue] = useState(\"\");\n  const [hasGuessed, setHasGuessed] = useState<undefined | boolean>(undefined);\n  const inputRef = useRef<HTMLInputElement>(null);\n  const closeButtonRef = useRef<HTMLButtonElement>(null);\n\n  useEffect(() => {\n    if (hasGuessed) {\n      closeButtonRef.current?.focus();\n    }\n  }, [hasGuessed]);\n\n  async function onSubmit(e?: React.FormEvent<HTMLFormElement>) {\n    e?.preventDefault?.();\n\n    inputRef.current?.select();\n    await new Promise((r) => setTimeout(r, 1_00));\n\n    setHasGuessed(value === CORRECT_CODE);\n\n    setValue(\"\");\n    setTimeout(() => {\n      inputRef.current?.blur();\n    }, 20);\n  }\n\n  return (\n    <Dialog>\n      <DialogTrigger asChild>\n        <Button variant=\"outline\">OTP code</Button>\n      </DialogTrigger>\n      <DialogContent>\n        <div className=\"flex flex-col items-center gap-2\">\n          <div\n            className=\"flex size-11 shrink-0 items-center justify-center rounded-full border border-border\"\n            aria-hidden=\"true\"\n          >\n            <svg\n              className=\"stroke-zinc-800 dark:stroke-zinc-100\"\n              xmlns=\"http://www.w3.org/2000/svg\"\n              width=\"20\"\n              height=\"20\"\n              viewBox=\"0 0 32 32\"\n              aria-hidden=\"true\"\n            >\n              <circle cx=\"16\" cy=\"16\" r=\"12\" fill=\"none\" strokeWidth=\"8\" />\n            </svg>\n          </div>\n          <DialogHeader>\n            <DialogTitle className=\"sm:text-center\">\n              {hasGuessed ? \"Code verified!\" : \"Enter confirmation code\"}\n            </DialogTitle>\n            <DialogDescription className=\"sm:text-center\">\n              {hasGuessed\n                ? \"Your code has been successfully verified.\"\n                : `Check your email and enter the code - Try ${CORRECT_CODE}`}\n            </DialogDescription>\n          </DialogHeader>\n        </div>\n\n        {hasGuessed ? (\n          <div className=\"text-center\">\n            <DialogClose asChild>\n              <Button type=\"button\" ref={closeButtonRef}>\n                Close\n              </Button>\n            </DialogClose>\n          </div>\n        ) : (\n          <div className=\"space-y-4\">\n            <div className=\"flex justify-center\">\n              <OTPInput\n                id=\"cofirmation-code\"\n                ref={inputRef}\n                value={value}\n                onChange={setValue}\n                containerClassName=\"flex items-center gap-3 has-[:disabled]:opacity-50\"\n                maxLength={4}\n                onFocus={() => setHasGuessed(undefined)}\n                render={({ slots }) => (\n                  <div className=\"flex gap-2\">\n                    {slots.map((slot, idx) => (\n                      <Slot key={idx} {...slot} />\n                    ))}\n                  </div>\n                )}\n                onComplete={onSubmit}\n              />\n            </div>\n            {hasGuessed === false && (\n              <p\n                className=\"text-center text-xs text-muted-foreground\"\n                role=\"alert\"\n                aria-live=\"polite\"\n              >\n                Invalid code. Please try again.\n              </p>\n            )}\n            <p className=\"text-center text-sm\">\n              <a className=\"underline hover:no-underline\" href=\"#\">\n                Resend code\n              </a>\n            </p>\n          </div>\n        )}\n      </DialogContent>\n    </Dialog>\n  );\n}\n\nfunction Slot(props: SlotProps) {\n  return (\n    <div\n      className={cn(\n        \"flex size-9 items-center justify-center rounded-lg border border-input bg-background font-medium text-foreground shadow-sm shadow-black/5 transition-shadow\",\n        { \"z-10 border border-ring ring-[3px] ring-ring/20\": props.isActive },\n      )}\n    >\n      {props.char !== null && <div>{props.char}</div>}\n    </div>\n  );\n}\n",
      "type": "registry:component",
      "target": ""
    }
  ],
  "meta": {
    "tags": [
      "dialog",
      "modal",
      "otp",
      "radix"
    ],
    "style": 1
  }
}