{
  "$schema": "https://ui.shadcn.com/schema/registry-item.json",
  "name": "comp-253",
  "type": "registry:component",
  "registryDependencies": [
    "https://originui.com/r/label.json",
    "https://originui.com/r/slider.json"
  ],
  "files": [
    {
      "path": "registry/default/components/comp-253.tsx",
      "content": "\"use client\";\n\nimport { Label } from \"@/registry/default/ui/label\";\nimport { Slider } from \"@/registry/default/ui/slider\";\n\nexport default function Component() {\n  return (\n    <div className=\"space-y-4\">\n      <Label>Slider with multiple thumbs</Label>\n      <Slider\n        defaultValue={[25, 50, 100]}\n        aria-label=\"Slider with multiple thumbs\"\n        showTooltip\n        tooltipContent={(value) => `${value}%`}\n      />\n    </div>\n  );\n}\n",
      "type": "registry:component",
      "target": ""
    }
  ],
  "meta": {
    "tags": [
      "slider",
      "range slider",
      "label",
      "range",
      "radix"
    ]
  }
}