{
  "$schema": "https://ui.shadcn.com/schema/registry-item.json",
  "name": "comp-155",
  "type": "registry:component",
  "registryDependencies": [
    "https://originui.com/r/label.json",
    "https://originui.com/r/radio-group.json"
  ],
  "files": [
    {
      "path": "registry/default/components/comp-155.tsx",
      "content": "import { Label } from \"@/registry/default/ui/label\";\nimport { RadioGroup, RadioGroupItem } from \"@/registry/default/ui/radio-group\";\nimport { useId } from \"react\";\n\nexport default function Component() {\n  const id = useId();\n  return (\n    <RadioGroup className=\"gap-6\" defaultValue=\"1\">\n      <div className=\"flex items-start gap-2\">\n        <RadioGroupItem value=\"1\" id={`${id}-1`} aria-describedby={`${id}-1-description`} />\n        <div className=\"grid grow gap-2\">\n          <Label htmlFor={`${id}-1`}>\n            Small{\" \"}\n            <span className=\"text-xs font-normal leading-[inherit] text-muted-foreground\">\n              (Sublabel)\n            </span>\n          </Label>\n          <p id={`${id}-1-description`} className=\"text-xs text-muted-foreground\">\n            You can use this card with a label and a description.\n          </p>\n        </div>\n      </div>\n      <div className=\"flex items-start gap-2\">\n        <RadioGroupItem value=\"2\" id={`${id}-2`} aria-describedby={`${id}-2-description`} />\n        <div className=\"grid grow gap-2\">\n          <Label htmlFor={`${id}-2`}>\n            Large{\" \"}\n            <span className=\"text-xs font-normal leading-[inherit] text-muted-foreground\">\n              (Sublabel)\n            </span>\n          </Label>\n          <p id={`${id}-2-description`} className=\"text-xs text-muted-foreground\">\n            You can use this card with a label and a description.\n          </p>\n        </div>\n      </div>\n    </RadioGroup>\n  );\n}\n",
      "type": "registry:component",
      "target": ""
    }
  ],
  "meta": {
    "tags": [
      "radio",
      "label",
      "radix"
    ]
  }
}