{
  "$schema": "https://ui.shadcn.com/schema/registry-item.json",
  "name": "comp-205",
  "type": "registry:component",
  "registryDependencies": [
    "https://originui.com/r/select.json",
    "https://originui.com/r/label.json"
  ],
  "files": [
    {
      "path": "registry/default/components/comp-205.tsx",
      "content": "import { Label } from \"@/registry/default/ui/label\";\nimport {\n  Select,\n  SelectContent,\n  SelectItem,\n  SelectTrigger,\n  SelectValue,\n} from \"@/registry/default/ui/select\";\nimport { Clock } from \"lucide-react\";\nimport { useId } from \"react\";\n\nexport default function Component() {\n  const id = useId();\n  return (\n    <div className=\"space-y-2\">\n      <Label htmlFor={id}>Select with icon</Label>\n      <Select defaultValue=\"1\">\n        <SelectTrigger id={id} className=\"relative ps-9\">\n          <div className=\"pointer-events-none absolute inset-y-0 start-0 flex items-center justify-center ps-3 text-muted-foreground/80 group-has-[[disabled]]:opacity-50\">\n            <Clock size={16} strokeWidth={2} aria-hidden=\"true\" />\n          </div>\n          <SelectValue placeholder=\"Select time\" />\n        </SelectTrigger>\n        <SelectContent>\n          <SelectItem value=\"1\">00:00 AM - 11:59 PM</SelectItem>\n          <SelectItem value=\"2\">01:00 AM - 12:59 PM</SelectItem>\n          <SelectItem value=\"3\">02:00 AM - 01:59 PM</SelectItem>\n          <SelectItem value=\"4\">03:00 AM - 02:59 PM</SelectItem>\n        </SelectContent>\n      </Select>\n    </div>\n  );\n}\n",
      "type": "registry:component",
      "target": ""
    }
  ],
  "meta": {
    "tags": [
      "label",
      "select",
      "radix"
    ]
  }
}