{
  "$schema": "https://ui.shadcn.com/schema/registry-item.json",
  "name": "comp-28",
  "type": "registry:component",
  "dependencies": [
    "react-aria-components"
  ],
  "files": [
    {
      "path": "registry/default/components/comp-28.tsx",
      "content": "\"use client\";\n\nimport { Minus, Plus } from \"lucide-react\";\nimport { Button, Group, Input, Label, NumberField } from \"react-aria-components\";\n\nexport default function Component() {\n  return (\n    <NumberField defaultValue={2048} minValue={0}>\n      <div className=\"space-y-2\">\n        <Label className=\"text-sm font-medium text-foreground\">\n          Number input with plus/minus buttons\n        </Label>\n        <Group className=\"relative inline-flex h-9 w-full items-center overflow-hidden whitespace-nowrap rounded-lg border border-input text-sm shadow-sm shadow-black/5 transition-shadow data-[focus-within]:border-ring data-[disabled]:opacity-50 data-[focus-within]:outline-none data-[focus-within]:ring-[3px] data-[focus-within]:ring-ring/20\">\n          <Button\n            slot=\"decrement\"\n            className=\"-ms-px flex aspect-square h-[inherit] items-center justify-center rounded-s-lg border border-input bg-background text-sm text-muted-foreground/80 transition-shadow hover:bg-accent hover:text-foreground disabled:pointer-events-none disabled:cursor-not-allowed disabled:opacity-50\"\n          >\n            <Minus size={16} strokeWidth={2} aria-hidden=\"true\" />\n          </Button>\n          <Input className=\"w-full grow bg-background px-3 py-2 text-center tabular-nums text-foreground focus:outline-none\" />\n          <Button\n            slot=\"increment\"\n            className=\"-me-px flex aspect-square h-[inherit] items-center justify-center rounded-e-lg border border-input bg-background text-sm text-muted-foreground/80 transition-shadow hover:bg-accent hover:text-foreground disabled:pointer-events-none disabled:cursor-not-allowed disabled:opacity-50\"\n          >\n            <Plus size={16} strokeWidth={2} aria-hidden=\"true\" />\n          </Button>\n        </Group>\n      </div>\n      <p className=\"mt-2 text-xs text-muted-foreground\" role=\"region\" aria-live=\"polite\">\n        Built with{\" \"}\n        <a\n          className=\"underline hover:text-foreground\"\n          href=\"https://react-spectrum.adobe.com/react-aria/DateField.html\"\n          target=\"_blank\"\n          rel=\"noopener nofollow\"\n        >\n          React Aria\n        </a>\n      </p>\n    </NumberField>\n  );\n}\n",
      "type": "registry:component",
      "target": ""
    }
  ],
  "meta": {
    "tags": [
      "input",
      "label",
      "button",
      "number",
      "react aria"
    ]
  }
}