{
  "$schema": "https://ui.shadcn.com/schema/registry-item.json",
  "name": "comp-232",
  "type": "registry:component",
  "registryDependencies": [
    "https://originui.com/r/button.json",
    "https://originui.com/r/command.json",
    "https://originui.com/r/label.json",
    "https://originui.com/r/popover.json"
  ],
  "files": [
    {
      "path": "registry/default/components/comp-232.tsx",
      "content": "\"use client\";\n\nimport { Button } from \"@/registry/default/ui/button\";\nimport {\n  Command,\n  CommandEmpty,\n  CommandGroup,\n  CommandInput,\n  CommandItem,\n  CommandList,\n} from \"@/registry/default/ui/command\";\nimport { Label } from \"@/registry/default/ui/label\";\nimport { Popover, PopoverContent, PopoverTrigger } from \"@/registry/default/ui/popover\";\nimport { Check, ChevronDown } from \"lucide-react\";\nimport { Fragment, useId, useState } from \"react\";\n\nconst countries = [\n  {\n    continent: \"America\",\n    items: [\n      { value: \"United States\", flag: \"🇺🇸\" },\n      { value: \"Canada\", flag: \"🇨🇦\" },\n      { value: \"Mexico\", flag: \"🇲🇽\" },\n    ],\n  },\n  {\n    continent: \"Africa\",\n    items: [\n      { value: \"South Africa\", flag: \"🇿🇦\" },\n      { value: \"Nigeria\", flag: \"🇳🇬\" },\n      { value: \"Morocco\", flag: \"🇲🇦\" },\n    ],\n  },\n  {\n    continent: \"Asia\",\n    items: [\n      { value: \"China\", flag: \"🇨🇳\" },\n      { value: \"Japan\", flag: \"🇯🇵\" },\n      { value: \"India\", flag: \"🇮🇳\" },\n    ],\n  },\n  {\n    continent: \"Europe\",\n    items: [\n      { value: \"United Kingdom\", flag: \"🇬🇧\" },\n      { value: \"France\", flag: \"🇫🇷\" },\n      { value: \"Germany\", flag: \"🇩🇪\" },\n    ],\n  },\n  {\n    continent: \"Oceania\",\n    items: [\n      { value: \"Australia\", flag: \"🇦🇺\" },\n      { value: \"New Zealand\", flag: \"🇳🇿\" },\n    ],\n  },\n];\n\nexport default function Component() {\n  const id = useId();\n  const [open, setOpen] = useState<boolean>(false);\n  const [value, setValue] = useState<string>(\"\");\n\n  return (\n    <div className=\"space-y-2\">\n      <Label htmlFor={id}>Options with flag and search</Label>\n      <Popover open={open} onOpenChange={setOpen}>\n        <PopoverTrigger asChild>\n          <Button\n            id={id}\n            variant=\"outline\"\n            role=\"combobox\"\n            aria-expanded={open}\n            className=\"w-full justify-between bg-background px-3 font-normal outline-offset-0 hover:bg-background focus-visible:border-ring focus-visible:outline-[3px] focus-visible:outline-ring/20\"\n          >\n            {value ? (\n              <span className=\"flex min-w-0 items-center gap-2\">\n                <span className=\"text-lg leading-none\">\n                  {\n                    countries\n                      .map((group) => group.items.find((item) => item.value === value))\n                      .filter(Boolean)[0]?.flag\n                  }\n                </span>\n                <span className=\"truncate\">{value}</span>\n              </span>\n            ) : (\n              <span className=\"text-muted-foreground\">Select country</span>\n            )}\n            <ChevronDown\n              size={16}\n              strokeWidth={2}\n              className=\"shrink-0 text-muted-foreground/80\"\n              aria-hidden=\"true\"\n            />\n          </Button>\n        </PopoverTrigger>\n        <PopoverContent\n          className=\"w-full min-w-[var(--radix-popper-anchor-width)] border-input p-0\"\n          align=\"start\"\n        >\n          <Command>\n            <CommandInput placeholder=\"Search country...\" />\n            <CommandList>\n              <CommandEmpty>No country found.</CommandEmpty>\n              {countries.map((group) => (\n                <Fragment key={group.continent}>\n                  <CommandGroup heading={group.continent}>\n                    {group.items.map((country) => (\n                      <CommandItem\n                        key={country.value}\n                        value={country.value}\n                        onSelect={(currentValue) => {\n                          setValue(currentValue);\n                          setOpen(false);\n                        }}\n                      >\n                        <span className=\"text-lg leading-none\">{country.flag}</span> {country.value}\n                        {value === country.value && (\n                          <Check size={16} strokeWidth={2} className=\"ml-auto\" />\n                        )}\n                      </CommandItem>\n                    ))}\n                  </CommandGroup>\n                </Fragment>\n              ))}\n            </CommandList>\n          </Command>\n        </PopoverContent>\n      </Popover>\n    </div>\n  );\n}\n",
      "type": "registry:component",
      "target": ""
    }
  ],
  "meta": {
    "tags": [
      "label",
      "select",
      "command",
      "combobox",
      "popover",
      "search",
      "autocomplete",
      "flag",
      "radix"
    ]
  }
}