{
  "$schema": "https://ui.shadcn.com/schema/registry-item.json",
  "name": "comp-467",
  "type": "registry:component",
  "registryDependencies": [
    "https://originui.com/r/table.json"
  ],
  "files": [
    {
      "path": "registry/default/components/comp-467.tsx",
      "content": "import {\n  Table,\n  TableBody,\n  TableCell,\n  TableHead,\n  TableHeader,\n  TableRow,\n} from \"@/registry/default/ui/table\";\n\nconst items = [\n  {\n    id: \"1\",\n    name: \"Alex Thompson\",\n    username: \"@alexthompson\",\n    image: \"https://res.cloudinary.com/dlzlfasou/image/upload/v1736358071/avatar-40-02_upqrxi.jpg\",\n    email: \"alex.t@company.com\",\n    location: \"San Francisco, US\",\n    status: \"Active\",\n    balance: \"$1,250.00\",\n  },\n  {\n    id: \"2\",\n    name: \"Sarah Chen\",\n    username: \"@sarahchen\",\n    image: \"https://res.cloudinary.com/dlzlfasou/image/upload/v1736358073/avatar-40-01_ij9v7j.jpg\",\n    email: \"sarah.c@company.com\",\n    location: \"Singapore\",\n    status: \"Active\",\n    balance: \"$600.00\",\n  },\n  {\n    id: \"4\",\n    name: \"Maria Garcia\",\n    username: \"@mariagarcia\",\n    image: \"https://res.cloudinary.com/dlzlfasou/image/upload/v1736358072/avatar-40-03_dkeufx.jpg\",\n    email: \"m.garcia@company.com\",\n    location: \"Madrid, Spain\",\n    status: \"Active\",\n    balance: \"$0.00\",\n  },\n  {\n    id: \"5\",\n    name: \"David Kim\",\n    username: \"@davidkim\",\n    image: \"https://res.cloudinary.com/dlzlfasou/image/upload/v1736358070/avatar-40-05_cmz0mg.jpg\",\n    email: \"d.kim@company.com\",\n    location: \"Seoul, KR\",\n    status: \"Active\",\n    balance: \"-$1,000.00\",\n  },\n];\n\nexport default function Component() {\n  return (\n    <div>\n      <Table>\n        <TableHeader>\n          <TableRow className=\"hover:bg-transparent\">\n            <TableHead>Name</TableHead>\n            <TableHead>Email</TableHead>\n            <TableHead>Location</TableHead>\n            <TableHead>Status</TableHead>\n            <TableHead className=\"text-right\">Balance</TableHead>\n          </TableRow>\n        </TableHeader>\n        <TableBody>\n          {items.map((item) => (\n            <TableRow key={item.id}>\n              <TableCell>\n                <div className=\"flex items-center gap-3\">\n                  <img\n                    className=\"rounded-full\"\n                    src={item.image}\n                    width={40}\n                    height={40}\n                    alt={item.name}\n                  />\n                  <div>\n                    <div className=\"font-medium\">{item.name}</div>\n                    <span className=\"mt-0.5 text-xs text-muted-foreground\">{item.username}</span>\n                  </div>\n                </div>\n              </TableCell>\n              <TableCell>{item.email}</TableCell>\n              <TableCell>{item.location}</TableCell>\n              <TableCell>{item.status}</TableCell>\n              <TableCell className=\"text-right\">{item.balance}</TableCell>\n            </TableRow>\n          ))}\n        </TableBody>\n      </Table>\n      <p className=\"mt-4 text-center text-sm text-muted-foreground\">Table with images</p>\n    </div>\n  );\n}\n",
      "type": "registry:component",
      "target": ""
    }
  ],
  "meta": {
    "tags": [
      "table",
      "user",
      "avatar"
    ],
    "colSpan": 3
  }
}