{
  "$schema": "https://ui.shadcn.com/schema/registry-item.json",
  "name": "comp-32",
  "type": "registry:component",
  "registryDependencies": [
    "https://originui.com/r/input.json"
  ],
  "files": [
    {
      "path": "registry/default/components/comp-32.tsx",
      "content": "import { Input } from \"@/registry/default/ui/input\";\nimport { useId } from \"react\";\n\nexport default function Component() {\n  const id = useId();\n  return (\n    <div className=\"group relative\">\n      <label\n        htmlFor={id}\n        className=\"origin-start absolute top-1/2 block -translate-y-1/2 cursor-text px-1 text-sm text-muted-foreground/70 transition-all group-focus-within:pointer-events-none group-focus-within:top-0 group-focus-within:cursor-default group-focus-within:text-xs group-focus-within:font-medium group-focus-within:text-foreground has-[+input:not(:placeholder-shown)]:pointer-events-none has-[+input:not(:placeholder-shown)]:top-0 has-[+input:not(:placeholder-shown)]:cursor-default has-[+input:not(:placeholder-shown)]:text-xs has-[+input:not(:placeholder-shown)]:font-medium has-[+input:not(:placeholder-shown)]:text-foreground\"\n      >\n        <span className=\"inline-flex bg-background px-2\">Input with label animation</span>\n      </label>\n      <Input id={id} type=\"email\" placeholder=\"\" />\n    </div>\n  );\n}\n",
      "type": "registry:component",
      "target": ""
    }
  ],
  "meta": {
    "tags": [
      "input",
      "label"
    ]
  }
}