{
  "$schema": "https://ui.shadcn.com/schema/registry-item.json",
  "name": "comp-458",
  "type": "registry:component",
  "registryDependencies": [
    "https://originui.com/r/button.json",
    "https://originui.com/r/pagination.json"
  ],
  "files": [
    {
      "path": "registry/default/components/comp-458.tsx",
      "content": "import { Button } from \"@/registry/default/ui/button\";\nimport { Pagination, PaginationContent, PaginationItem } from \"@/registry/default/ui/pagination\";\n\ntype PaginationProps = {\n  currentPage: number;\n  totalPages: number;\n};\n\nexport default function Component({ currentPage, totalPages }: PaginationProps) {\n  return (\n    <div className=\"flex items-center justify-between gap-3\">\n      <p className=\"grow text-sm text-muted-foreground\" aria-live=\"polite\">\n        Page <span className=\"text-foreground\">{currentPage}</span> of{\" \"}\n        <span className=\"text-foreground\">{totalPages}</span>\n      </p>\n      <Pagination className=\"w-auto\">\n        <PaginationContent className=\"gap-3\">\n          <PaginationItem>\n            <Button\n              variant=\"outline\"\n              className=\"aria-disabled:pointer-events-none aria-disabled:opacity-50\"\n              aria-disabled={currentPage === 1 ? true : undefined}\n              role={currentPage === 1 ? \"link\" : undefined}\n              asChild\n            >\n              <a href={currentPage === 1 ? undefined : `#/page/${currentPage - 1}`}>Previous</a>\n            </Button>\n          </PaginationItem>\n          <PaginationItem>\n            <Button\n              variant=\"outline\"\n              className=\"aria-disabled:pointer-events-none aria-disabled:opacity-50\"\n              aria-disabled={currentPage === totalPages ? true : undefined}\n              role={currentPage === totalPages ? \"link\" : undefined}\n              asChild\n            >\n              <a href={currentPage === totalPages ? undefined : `#/page/${currentPage + 1}`}>\n                Next\n              </a>\n            </Button>\n          </PaginationItem>\n        </PaginationContent>\n      </Pagination>\n    </div>\n  );\n}\n",
      "type": "registry:component",
      "target": ""
    }
  ],
  "meta": {
    "tags": [
      "pagination"
    ],
    "colSpan": 2
  }
}