{
  "$schema": "https://ui.shadcn.com/schema/registry-item.json",
  "name": "comp-116",
  "type": "registry:component",
  "registryDependencies": [
    "https://originui.com/r/button.json"
  ],
  "files": [
    {
      "path": "registry/default/components/comp-116.tsx",
      "content": "import { Button } from \"@/registry/default/ui/button\";\nimport { ChevronRight } from \"lucide-react\";\n\nexport default function Component() {\n  return (\n    <Button className=\"relative pe-12\">\n      Next\n      <span className=\"pointer-events-none absolute inset-y-0 end-0 flex w-9 items-center justify-center bg-primary-foreground/15\">\n        <ChevronRight className=\"opacity-60\" size={16} strokeWidth={2} aria-hidden=\"true\" />\n      </span>\n    </Button>\n  );\n}\n",
      "type": "registry:component",
      "target": ""
    }
  ],
  "meta": {
    "tags": [
      "button",
      "next"
    ],
    "style": 2
  }
}