{
  "$schema": "https://ui.shadcn.com/schema/registry-item.json",
  "name": "comp-328",
  "type": "registry:component",
  "dependencies": [
    "react-payment-inputs"
  ],
  "devDependencies": [
    "@types/react-payment-inputs"
  ],
  "registryDependencies": [
    "https://originui.com/r/button.json",
    "https://originui.com/r/checkbox.json",
    "https://originui.com/r/dialog.json",
    "https://originui.com/r/input.json",
    "https://originui.com/r/label.json"
  ],
  "files": [
    {
      "path": "registry/default/components/comp-328.tsx",
      "content": "\"use client\";\n\nimport { Button } from \"@/registry/default/ui/button\";\nimport { Checkbox } from \"@/registry/default/ui/checkbox\";\nimport {\n  Dialog,\n  DialogContent,\n  DialogDescription,\n  DialogHeader,\n  DialogTitle,\n  DialogTrigger,\n} from \"@/registry/default/ui/dialog\";\nimport { Input } from \"@/registry/default/ui/input\";\nimport { Label } from \"@/registry/default/ui/label\";\nimport { CreditCard, Wallet } from \"lucide-react\";\nimport { useId } from \"react\";\nimport { usePaymentInputs } from \"react-payment-inputs\";\nimport images, { type CardImages } from \"react-payment-inputs/images\";\n\nexport default function Component() {\n  const id = useId();\n  const { meta, getCardNumberProps, getExpiryDateProps, getCVCProps, getCardImageProps } =\n    usePaymentInputs();\n\n  return (\n    <Dialog>\n      <DialogTrigger asChild>\n        <Button variant=\"outline\">Card details</Button>\n      </DialogTrigger>\n      <DialogContent>\n        <div className=\"flex flex-col gap-2\">\n          <div\n            className=\"flex size-11 shrink-0 items-center justify-center rounded-full border border-border\"\n            aria-hidden=\"true\"\n          >\n            <Wallet className=\"opacity-80\" size={16} strokeWidth={2} />\n          </div>\n          <DialogHeader>\n            <DialogTitle className=\"text-left\">Update your card</DialogTitle>\n            <DialogDescription className=\"text-left\">\n              Your new card will replace your current card.\n            </DialogDescription>\n          </DialogHeader>\n        </div>\n\n        <form className=\"space-y-5\">\n          <div className=\"space-y-4\">\n            <div className=\"space-y-2\">\n              <Label htmlFor={`name-${id}`}>Name on card</Label>\n              <Input id={`name-${id}`} type=\"text\" required />\n            </div>\n            <div className=\"space-y-2\">\n              <Label htmlFor={`number-${id}`}>Card Number</Label>\n              <div className=\"relative\">\n                <Input\n                  {...getCardNumberProps()}\n                  id={`number-${id}`}\n                  className=\"peer pe-9 [direction:inherit]\"\n                />\n                <div className=\"pointer-events-none absolute inset-y-0 end-0 flex items-center justify-center pe-3 text-muted-foreground/80 peer-disabled:opacity-50\">\n                  {meta.cardType ? (\n                    <svg\n                      className=\"overflow-hidden rounded-sm\"\n                      {...getCardImageProps({ images: images as unknown as CardImages })}\n                      width={20}\n                    />\n                  ) : (\n                    <CreditCard size={16} strokeWidth={2} aria-hidden=\"true\" />\n                  )}\n                </div>\n              </div>\n            </div>\n            <div className=\"flex gap-4\">\n              <div className=\"flex-1 space-y-2\">\n                <Label htmlFor={`expiry-${id}`}>Expiry date</Label>\n                <Input\n                  className=\"[direction:inherit]\"\n                  {...getExpiryDateProps()}\n                  id={`expiry-${id}`}\n                />\n              </div>\n              <div className=\"flex-1 space-y-2\">\n                <Label htmlFor={`cvc-${id}`}>CVC</Label>\n                <Input className=\"[direction:inherit]\" {...getCVCProps()} id={`cvc-${id}`} />\n              </div>\n            </div>\n          </div>\n          <div className=\"flex items-center gap-2\">\n            <Checkbox id={`primary-${id}`} />\n            <Label htmlFor={`primary-${id}`} className=\"font-normal text-muted-foreground\">\n              Set as default payment method\n            </Label>\n          </div>\n          <Button type=\"button\" className=\"w-full\">\n            Update card\n          </Button>\n        </form>\n      </DialogContent>\n    </Dialog>\n  );\n}\n",
      "type": "registry:component",
      "target": ""
    }
  ],
  "meta": {
    "tags": [
      "dialog",
      "modal",
      "checkout",
      "payment",
      "credit card",
      "form",
      "radix"
    ],
    "style": 1
  }
}