{
  "$schema": "https://ui.shadcn.com/schema/registry-item.json",
  "name": "comp-110",
  "type": "registry:component",
  "registryDependencies": [
    "https://originui.com/r/toggle-group.json"
  ],
  "files": [
    {
      "path": "registry/default/components/comp-110.tsx",
      "content": "\"use client\";\n\nimport { ToggleGroup, ToggleGroupItem } from \"@/registry/default/ui/toggle-group\";\nimport { useState } from \"react\";\n\nexport default function Component() {\n  const [value, setValue] = useState<string>(\"left\");\n\n  return (\n    <ToggleGroup\n      className=\"flex gap-0 -space-x-px rounded-lg shadow-sm shadow-black/5 rtl:space-x-reverse\"\n      type=\"single\"\n      variant=\"outline\"\n      value={value}\n      onValueChange={(value) => {\n        if (value) setValue(value);\n      }}\n    >\n      <ToggleGroupItem\n        className=\"flex-1 rounded-none shadow-none first:rounded-s-lg last:rounded-e-lg focus-visible:z-10\"\n        value=\"left\"\n      >\n        Left\n      </ToggleGroupItem>\n      <ToggleGroupItem\n        className=\"flex-1 rounded-none shadow-none first:rounded-s-lg last:rounded-e-lg focus-visible:z-10\"\n        value=\"center\"\n      >\n        Center\n      </ToggleGroupItem>\n      <ToggleGroupItem\n        className=\"flex-1 rounded-none shadow-none first:rounded-s-lg last:rounded-e-lg focus-visible:z-10\"\n        value=\"right\"\n      >\n        Right\n      </ToggleGroupItem>\n    </ToggleGroup>\n  );\n}\n",
      "type": "registry:component",
      "target": ""
    }
  ],
  "meta": {
    "tags": [
      "button",
      "toggle group"
    ],
    "style": 2
  }
}