{
  "$schema": "https://ui.shadcn.com/schema/registry-item.json",
  "name": "comp-278",
  "type": "registry:component",
  "files": [
    {
      "path": "registry/default/components/comp-278.tsx",
      "content": "import { CircleAlert } from \"lucide-react\";\n\nexport default function Component() {\n  return (\n    <div className=\"rounded-lg border border-red-500/50 px-4 py-3 text-red-600\">\n      <div className=\"flex gap-3\">\n        <CircleAlert\n          className=\"mt-0.5 shrink-0 opacity-60\"\n          size={16}\n          strokeWidth={2}\n          aria-hidden=\"true\"\n        />\n        <div className=\"grow space-y-1\">\n          <p className=\"text-sm font-medium\">Password does not meet requirements:</p>\n          <ul className=\"list-inside list-disc text-sm opacity-80\">\n            <li>Minimum 8 characters</li>\n            <li>Inlcude a special character</li>\n          </ul>\n        </div>\n      </div>\n    </div>\n  );\n}\n",
      "type": "registry:component",
      "target": ""
    }
  ],
  "meta": {
    "tags": [
      "alert",
      "error",
      "signup",
      "authentication"
    ],
    "colSpan": 2
  }
}