{
  "$schema": "https://ui.shadcn.com/schema/registry-item.json",
  "name": "comp-317",
  "type": "registry:component",
  "registryDependencies": [
    "https://originui.com/r/button.json",
    "https://originui.com/r/dialog.json"
  ],
  "files": [
    {
      "path": "registry/default/components/comp-317.tsx",
      "content": "import { Button } from \"@/registry/default/ui/button\";\nimport {\n  Dialog,\n  DialogClose,\n  DialogContent,\n  DialogDescription,\n  DialogFooter,\n  DialogHeader,\n  DialogTitle,\n  DialogTrigger,\n} from \"@/registry/default/ui/dialog\";\n\nexport default function Component() {\n  return (\n    <Dialog>\n      <DialogTrigger asChild>\n        <Button variant=\"outline\">Scrollable (sticky header)</Button>\n      </DialogTrigger>\n      <DialogContent className=\"flex flex-col gap-0 p-0 sm:max-h-[min(640px,80vh)] sm:max-w-lg [&>button:last-child]:top-3.5\">\n        <DialogHeader className=\"contents space-y-0 text-left\">\n          <DialogTitle className=\"border-b border-border px-6 py-4 text-base\">\n            Frequently Asked Questions (FAQ)\n          </DialogTitle>\n          <div className=\"overflow-y-auto\">\n            <DialogDescription asChild>\n              <div className=\"px-6 py-4\">\n                <div className=\"space-y-4 [&_strong]:font-semibold [&_strong]:text-foreground\">\n                  <div className=\"space-y-1\">\n                    <p>\n                      <strong>Account Management</strong>\n                    </p>\n                    <p>\n                      Navigate to the registration page, provide required information, and verify\n                      your email address. You can sign up using your email or through social media\n                      platforms.\n                    </p>\n                  </div>\n                  <div className=\"space-y-1\">\n                    <p>\n                      <strong>Password Reset Process</strong>\n                    </p>\n                    <p>\n                      Users can reset their password through the account settings page. Click\n                      &quot;Forgot Password&quot; and follow the email verification steps to regain\n                      account access quickly and securely.\n                    </p>\n                  </div>\n                  <div className=\"space-y-1\">\n                    <p>\n                      <strong>Service Pricing Tiers</strong>\n                    </p>\n                    <p>\n                      We offer three primary subscription levels designed to meet diverse user\n                      needs: Basic (free with limited features), Professional (monthly fee with\n                      comprehensive access), and Enterprise (custom pricing with full platform\n                      capabilities).\n                    </p>\n                  </div>\n                  <div className=\"space-y-1\">\n                    <p>\n                      <strong>Technical Support Channels</strong>\n                    </p>\n                    <p>\n                      Customer support is accessible through multiple communication methods\n                      including email support, live chat during business hours, an integrated\n                      support ticket system, and phone support specifically for enterprise-level\n                      customers.\n                    </p>\n                  </div>\n                  <div className=\"space-y-1\">\n                    <p>\n                      <strong>Data Protection Strategies</strong>\n                    </p>\n                    <p>\n                      Our platform implements rigorous security measures including 256-bit SSL\n                      encryption, regular comprehensive security audits, strict data access\n                      controls, and compliance with international privacy protection standards.\n                    </p>\n                  </div>\n                  <div className=\"space-y-1\">\n                    <p>\n                      <strong>Platform Compatibility</strong>\n                    </p>\n                    <p>\n                      The service supports multiple device and operating system environments,\n                      including web browsers like Chrome and Firefox, mobile applications for iOS\n                      and Android, and desktop applications compatible with Windows and macOS.\n                    </p>\n                  </div>\n                  <div className=\"space-y-1\">\n                    <p>\n                      <strong>Subscription Management</strong>\n                    </p>\n                    <p>\n                      Subscriptions can be cancelled at any time through account settings, with\n                      pro-rated refunds available within 30 days of payment. Both monthly and annual\n                      billing options are provided, with special discounts offered for annual\n                      commitments.\n                    </p>\n                  </div>\n                  <div className=\"space-y-1\">\n                    <p>\n                      <strong>Payment Method Options</strong>\n                    </p>\n                    <p>\n                      We accept a wide range of payment methods including major credit cards such as\n                      Visa, MasterCard, and American Express, digital payment platforms like PayPal,\n                      and direct bank transfers. Regional payment options may also be available\n                      depending on user location.\n                    </p>\n                  </div>\n                  <div className=\"space-y-1\">\n                    <p>\n                      <strong>Customer Support</strong>\n                    </p>\n                    <p>\n                      Our dedicated customer support team is available 24/7, providing quick and\n                      efficient assistance to address any inquiries or issues you may have.\n                    </p>\n                  </div>\n                  <div className=\"space-y-1\">\n                    <p>\n                      <strong>Privacy Policy</strong>\n                    </p>\n                    <p>\n                      Our privacy policy outlines how we collect, use, and protect your personal\n                      data, ensuring your privacy is protected at all times.\n                    </p>\n                  </div>\n                </div>\n              </div>\n            </DialogDescription>\n            <DialogFooter className=\"px-6 pb-6 sm:justify-start\">\n              <DialogClose asChild>\n                <Button type=\"button\">Okay</Button>\n              </DialogClose>\n            </DialogFooter>\n          </div>\n        </DialogHeader>\n      </DialogContent>\n    </Dialog>\n  );\n}\n",
      "type": "registry:component",
      "target": ""
    }
  ],
  "meta": {
    "tags": [
      "dialog",
      "modal",
      "radix"
    ],
    "style": 1
  }
}