{
  "$schema": "https://ui.shadcn.com/schema/registry-item.json",
  "name": "comp-22",
  "type": "registry:component",
  "registryDependencies": [
    "https://originui.com/r/input.json",
    "https://originui.com/r/label.json"
  ],
  "files": [
    {
      "path": "registry/default/components/comp-22.tsx",
      "content": "import { Button } from \"@/registry/default/ui/button\";\nimport { Input } from \"@/registry/default/ui/input\";\nimport { Label } from \"@/registry/default/ui/label\";\nimport { useId } from \"react\";\n\nexport default function Component() {\n  const id = useId();\n  return (\n    <div className=\"space-y-2\">\n      <Label htmlFor={id}>Input with button</Label>\n      <div className=\"flex gap-2\">\n        <Input id={id} className=\"flex-1\" placeholder=\"Email\" type=\"email\" />\n        <Button variant=\"outline\">Send</Button>\n      </div>\n    </div>\n  );\n}\n",
      "type": "registry:component",
      "target": ""
    }
  ],
  "meta": {
    "tags": [
      "input",
      "label",
      "button"
    ]
  }
}