{
  "$schema": "https://ui.shadcn.com/schema/registry-item.json",
  "name": "comp-15",
  "type": "registry:component",
  "registryDependencies": [
    "https://originui.com/r/input.json",
    "https://originui.com/r/label.json"
  ],
  "files": [
    {
      "path": "registry/default/components/comp-15.tsx",
      "content": "import { Input } from \"@/registry/default/ui/input\";\nimport { Label } from \"@/registry/default/ui/label\";\nimport { useId } from \"react\";\n\nexport default function Component() {\n  const id = useId();\n  return (\n    <div className=\"space-y-2\">\n      <Label htmlFor={id}>Input with end add-on</Label>\n      <div className=\"flex rounded-lg shadow-sm shadow-black/5\">\n        <Input\n          id={id}\n          className=\"-me-px rounded-e-none shadow-none\"\n          placeholder=\"google\"\n          type=\"text\"\n        />\n        <span className=\"-z-10 inline-flex items-center rounded-e-lg border border-input bg-background px-3 text-sm text-muted-foreground\">\n          .com\n        </span>\n      </div>\n    </div>\n  );\n}\n",
      "type": "registry:component",
      "target": ""
    }
  ],
  "meta": {
    "tags": [
      "input",
      "label"
    ]
  }
}