{
  "$schema": "https://ui.shadcn.com/schema/registry-item.json",
  "name": "comp-222",
  "type": "registry:component",
  "dependencies": [
    "@remixicon/react"
  ],
  "registryDependencies": [
    "https://originui.com/r/select.json",
    "https://originui.com/r/label.json"
  ],
  "files": [
    {
      "path": "registry/default/components/comp-222.tsx",
      "content": "import { Label } from \"@/registry/default/ui/label\";\nimport {\n  Select,\n  SelectContent,\n  SelectItem,\n  SelectTrigger,\n  SelectValue,\n} from \"@/registry/default/ui/select\";\nimport { RiGatsbyLine, RiNextjsLine, RiReactjsLine } from \"@remixicon/react\";\nimport { useId } from \"react\";\n\nexport default function Component() {\n  const id = useId();\n  return (\n    <div className=\"space-y-2\">\n      <Label htmlFor={id}>Options with icon</Label>\n      <Select defaultValue=\"3\">\n        <SelectTrigger\n          id={id}\n          className=\"[&>span]:flex [&>span]:items-center [&>span]:gap-2 [&>span_svg]:shrink-0 [&>span_svg]:text-muted-foreground/80\"\n        >\n          <SelectValue placeholder=\"Select framework\" />\n        </SelectTrigger>\n        <SelectContent className=\"[&_*[role=option]>span>svg]:shrink-0 [&_*[role=option]>span>svg]:text-muted-foreground/80 [&_*[role=option]>span]:flex [&_*[role=option]>span]:gap-2\">\n          <SelectItem value=\"1\">\n            <RiReactjsLine size={16} aria-hidden=\"true\" />\n            <span className=\"truncate\">React</span>\n          </SelectItem>\n          <SelectItem value=\"2\">\n            <RiNextjsLine size={16} aria-hidden=\"true\" />\n            <span className=\"truncate\">Next.js</span>\n          </SelectItem>\n          <SelectItem value=\"3\">\n            <RiGatsbyLine size={16} aria-hidden=\"true\" />\n            <span className=\"truncate\">Gatsby</span>\n          </SelectItem>\n        </SelectContent>\n      </Select>\n    </div>\n  );\n}\n",
      "type": "registry:component",
      "target": ""
    }
  ],
  "meta": {
    "tags": [
      "label",
      "select",
      "radix"
    ]
  }
}