{
  "$schema": "https://ui.shadcn.com/schema/registry-item.json",
  "name": "comp-231",
  "type": "registry:component",
  "registryDependencies": [
    "https://originui.com/r/button.json",
    "https://originui.com/r/command.json",
    "https://originui.com/r/label.json",
    "https://originui.com/r/popover.json"
  ],
  "files": [
    {
      "path": "registry/default/components/comp-231.tsx",
      "content": "\"use client\";\n\nimport { cn } from \"@/registry/default/lib/utils\";\nimport { Button } from \"@/registry/default/ui/button\";\nimport {\n  Command,\n  CommandEmpty,\n  CommandGroup,\n  CommandInput,\n  CommandItem,\n  CommandList,\n} from \"@/registry/default/ui/command\";\nimport { Label } from \"@/registry/default/ui/label\";\nimport { Popover, PopoverContent, PopoverTrigger } from \"@/registry/default/ui/popover\";\nimport { Check, ChevronDown } from \"lucide-react\";\nimport { useId, useMemo, useState } from \"react\";\n\nexport default function Component() {\n  const id = useId();\n  const [open, setOpen] = useState<boolean>(false);\n  const [value, setValue] = useState<string>(\"Europe/London\");\n\n  const timezones = Intl.supportedValuesOf(\"timeZone\");\n\n  const formattedTimezones = useMemo(() => {\n    return timezones\n      .map((timezone) => {\n        const formatter = new Intl.DateTimeFormat(\"en\", {\n          timeZone: timezone,\n          timeZoneName: \"shortOffset\",\n        });\n        const parts = formatter.formatToParts(new Date());\n        const offset = parts.find((part) => part.type === \"timeZoneName\")?.value || \"\";\n        const modifiedOffset = offset === \"GMT\" ? \"GMT+0\" : offset;\n\n        return {\n          value: timezone,\n          label: `(${modifiedOffset}) ${timezone.replace(/_/g, \" \")}`,\n          numericOffset: parseInt(offset.replace(\"GMT\", \"\").replace(\"+\", \"\") || \"0\"),\n        };\n      })\n      .sort((a, b) => a.numericOffset - b.numericOffset);\n  }, [timezones]);\n\n  return (\n    <div className=\"space-y-2\">\n      <Label htmlFor={id}>Timezone select with search</Label>\n      <Popover open={open} onOpenChange={setOpen}>\n        <PopoverTrigger asChild>\n          <Button\n            id={id}\n            variant=\"outline\"\n            role=\"combobox\"\n            aria-expanded={open}\n            className=\"w-full justify-between bg-background px-3 font-normal outline-offset-0 hover:bg-background focus-visible:border-ring focus-visible:outline-[3px] focus-visible:outline-ring/20\"\n          >\n            <span className={cn(\"truncate\", !value && \"text-muted-foreground\")}>\n              {value\n                ? formattedTimezones.find((timezone) => timezone.value === value)?.label\n                : \"Select timezone\"}\n            </span>\n            <ChevronDown\n              size={16}\n              strokeWidth={2}\n              className=\"shrink-0 text-muted-foreground/80\"\n              aria-hidden=\"true\"\n            />\n          </Button>\n        </PopoverTrigger>\n        <PopoverContent\n          className=\"w-full min-w-[var(--radix-popper-anchor-width)] border-input p-0\"\n          align=\"start\"\n        >\n          <Command\n            filter={(value, search) => {\n              const normalizedValue = value.toLowerCase();\n              const normalizedSearch = search.toLowerCase().replace(/\\s+/g, \"\");\n              return normalizedValue.includes(normalizedSearch) ? 1 : 0;\n            }}\n          >\n            <CommandInput placeholder=\"Search timezone...\" />\n            <CommandList>\n              <CommandEmpty>No timezone found.</CommandEmpty>\n              <CommandGroup>\n                {formattedTimezones.map(({ value: itemValue, label }) => (\n                  <CommandItem\n                    key={itemValue}\n                    value={itemValue}\n                    onSelect={(currentValue) => {\n                      setValue(currentValue === value ? \"\" : currentValue);\n                      setOpen(false);\n                    }}\n                  >\n                    {label}\n                    {value === itemValue && <Check size={16} strokeWidth={2} className=\"ml-auto\" />}\n                  </CommandItem>\n                ))}\n              </CommandGroup>\n            </CommandList>\n          </Command>\n        </PopoverContent>\n      </Popover>\n    </div>\n  );\n}\n",
      "type": "registry:component",
      "target": ""
    }
  ],
  "meta": {
    "tags": [
      "label",
      "select",
      "command",
      "combobox",
      "popover",
      "search",
      "autocomplete",
      "timezone",
      "time",
      "radix"
    ]
  }
}