{
  "$schema": "https://ui.shadcn.com/schema/registry-item.json",
  "name": "comp-366",
  "type": "registry:component",
  "registryDependencies": [
    "https://originui.com/r/button.json",
    "https://originui.com/r/dropdown-menu.json"
  ],
  "files": [
    {
      "path": "registry/default/components/comp-366.tsx",
      "content": "import { Button } from \"@/registry/default/ui/button\";\nimport {\n  DropdownMenu,\n  DropdownMenuContent,\n  DropdownMenuItem,\n  DropdownMenuTrigger,\n} from \"@/registry/default/ui/dropdown-menu\";\nimport { Ellipsis } from \"lucide-react\";\n\nexport default function Component() {\n  return (\n    <DropdownMenu>\n      <DropdownMenuTrigger asChild>\n        <Button\n          size=\"icon\"\n          variant=\"ghost\"\n          className=\"rounded-full shadow-none\"\n          aria-label=\"Open edit menu\"\n        >\n          <Ellipsis size={16} strokeWidth={2} aria-hidden=\"true\" />\n        </Button>\n      </DropdownMenuTrigger>\n      <DropdownMenuContent>\n        <DropdownMenuItem>Option 1</DropdownMenuItem>\n        <DropdownMenuItem>Option 2</DropdownMenuItem>\n        <DropdownMenuItem>Option 3</DropdownMenuItem>\n        <DropdownMenuItem>Option 4</DropdownMenuItem>\n      </DropdownMenuContent>\n    </DropdownMenu>\n  );\n}\n",
      "type": "registry:component",
      "target": ""
    }
  ],
  "meta": {
    "tags": [
      "dropdown",
      "radix"
    ],
    "style": 1
  }
}