{
  "$schema": "https://ui.shadcn.com/schema/registry-item.json",
  "name": "comp-183",
  "type": "registry:component",
  "registryDependencies": [
    "https://originui.com/r/switch.json",
    "https://originui.com/r/label.json"
  ],
  "files": [
    {
      "path": "registry/default/components/comp-183.tsx",
      "content": "\"use client\";\n\nimport { Label } from \"@/registry/default/ui/label\";\nimport { Switch } from \"@/registry/default/ui/switch\";\nimport { Moon, Sun } from \"lucide-react\";\nimport { useId, useState } from \"react\";\n\nexport default function Component() {\n  const id = useId();\n  const [checked, setChecked] = useState<boolean>(true);\n\n  return (\n    <div>\n      <div className=\"relative inline-grid h-9 grid-cols-[1fr_1fr] items-center text-sm font-medium\">\n        <Switch\n          id={id}\n          checked={checked}\n          onCheckedChange={setChecked}\n          className=\"peer absolute inset-0 h-[inherit] w-auto data-[state=checked]:bg-input/50 data-[state=unchecked]:bg-input/50 [&_span]:h-full [&_span]:w-1/2 [&_span]:transition-transform [&_span]:duration-300 [&_span]:[transition-timing-function:cubic-bezier(0.16,1,0.3,1)] data-[state=checked]:[&_span]:translate-x-full rtl:data-[state=checked]:[&_span]:-translate-x-full\"\n        />\n        <span className=\"pointer-events-none relative ms-0.5 flex min-w-8 items-center justify-center text-center peer-data-[state=checked]:text-muted-foreground/70\">\n          <Moon size={16} strokeWidth={2} aria-hidden=\"true\" />\n        </span>\n        <span className=\"pointer-events-none relative me-0.5 flex min-w-8 items-center justify-center text-center peer-data-[state=unchecked]:text-muted-foreground/70\">\n          <Sun size={16} strokeWidth={2} aria-hidden=\"true\" />\n        </span>\n      </div>\n      <Label htmlFor={id} className=\"sr-only\">\n        Labeled switch\n      </Label>\n    </div>\n  );\n}\n",
      "type": "registry:component",
      "target": ""
    }
  ],
  "meta": {
    "tags": [
      "switch",
      "label",
      "darkmode",
      "radix"
    ],
    "style": 1
  }
}