{
  "$schema": "https://ui.shadcn.com/schema/registry-item.json",
  "name": "comp-391",
  "type": "registry:component",
  "registryDependencies": [
    "https://originui.com/r/avatar.json"
  ],
  "files": [
    {
      "path": "registry/default/components/comp-391.tsx",
      "content": "import { Avatar, AvatarFallback } from \"@/registry/default/ui/avatar\";\n\nexport default function Component() {\n  return (\n    <Avatar>\n      <AvatarFallback>KK</AvatarFallback>\n    </Avatar>\n  );\n}\n",
      "type": "registry:component",
      "target": ""
    }
  ],
  "meta": {
    "tags": [
      "avatar",
      "user",
      "profile"
    ],
    "style": 1
  }
}