{
  "$schema": "https://ui.shadcn.com/schema/registry-item.json",
  "name": "comp-13",
  "type": "registry:component",
  "registryDependencies": [
    "https://originui.com/r/input.json",
    "https://originui.com/r/label.json"
  ],
  "files": [
    {
      "path": "registry/default/components/comp-13.tsx",
      "content": "import { Input } from \"@/registry/default/ui/input\";\nimport { Label } from \"@/registry/default/ui/label\";\nimport { useId } from \"react\";\n\nexport default function Component() {\n  const id = useId();\n  return (\n    <div className=\"space-y-2\">\n      <Label htmlFor={id}>Input with inline add-ons</Label>\n      <div className=\"relative\">\n        <Input id={id} className=\"peer pe-12 ps-6\" placeholder=\"0.00\" type=\"text\" />\n        <span className=\"pointer-events-none absolute inset-y-0 start-0 flex items-center justify-center ps-3 text-sm text-muted-foreground peer-disabled:opacity-50\">\n          €\n        </span>\n        <span className=\"pointer-events-none absolute inset-y-0 end-0 flex items-center justify-center pe-3 text-sm text-muted-foreground peer-disabled:opacity-50\">\n          EUR\n        </span>\n      </div>\n    </div>\n  );\n}\n",
      "type": "registry:component",
      "target": ""
    }
  ],
  "meta": {
    "tags": [
      "input",
      "label"
    ]
  }
}