{
  "$schema": "https://ui.shadcn.com/schema/registry-item.json",
  "name": "comp-372",
  "type": "registry:component",
  "registryDependencies": [
    "https://originui.com/r/button.json",
    "https://originui.com/r/dropdown-menu.json"
  ],
  "files": [
    {
      "path": "registry/default/components/comp-372.tsx",
      "content": "\"use client\";\n\nimport { Button } from \"@/registry/default/ui/button\";\nimport {\n  DropdownMenu,\n  DropdownMenuContent,\n  DropdownMenuRadioGroup,\n  DropdownMenuRadioItem,\n  DropdownMenuTrigger,\n} from \"@/registry/default/ui/dropdown-menu\";\nimport { ChevronDown } from \"lucide-react\";\nimport { useState } from \"react\";\n\nexport default function Component() {\n  const [framework, setFramework] = useState(\"nextjs\");\n\n  return (\n    <DropdownMenu>\n      <DropdownMenuTrigger asChild>\n        <Button variant=\"outline\">\n          Radio items\n          <ChevronDown\n            className=\"-me-1 ms-2 opacity-60\"\n            size={16}\n            strokeWidth={2}\n            aria-hidden=\"true\"\n          />\n        </Button>\n      </DropdownMenuTrigger>\n      <DropdownMenuContent>\n        <DropdownMenuRadioGroup value={framework} onValueChange={setFramework}>\n          <DropdownMenuRadioItem value=\"nextjs\">Next.js</DropdownMenuRadioItem>\n          <DropdownMenuRadioItem value=\"sveltekit\" disabled>\n            SvelteKit\n          </DropdownMenuRadioItem>\n          <DropdownMenuRadioItem value=\"remix\">Remix</DropdownMenuRadioItem>\n          <DropdownMenuRadioItem value=\"astro\">Astro</DropdownMenuRadioItem>\n        </DropdownMenuRadioGroup>\n      </DropdownMenuContent>\n    </DropdownMenu>\n  );\n}\n",
      "type": "registry:component",
      "target": ""
    }
  ],
  "meta": {
    "tags": [
      "dropdown",
      "radio",
      "radix"
    ],
    "style": 1
  }
}