{
  "$schema": "https://ui.shadcn.com/schema/registry-item.json",
  "name": "comp-174",
  "type": "registry:component",
  "registryDependencies": [
    "https://originui.com/r/switch.json",
    "https://originui.com/r/label.json"
  ],
  "files": [
    {
      "path": "registry/default/components/comp-174.tsx",
      "content": "import { Label } from \"@/registry/default/ui/label\";\nimport { Switch } from \"@/registry/default/ui/switch\";\nimport { useId } from \"react\";\n\nexport default function Component() {\n  const id = useId();\n  return (\n    <div\n      className=\"inline-flex items-center gap-2\"\n      style={\n        { \"--primary\": \"238.7 83.5% 66.7%\", \"--ring\": \"238.7 83.5% 66.7%\" } as React.CSSProperties\n      }\n    >\n      <Switch id={id} defaultChecked />\n      <Label htmlFor={id} className=\"sr-only\">\n        Colored switch\n      </Label>\n    </div>\n  );\n}\n",
      "type": "registry:component",
      "target": ""
    }
  ],
  "meta": {
    "tags": [
      "switch",
      "radix"
    ],
    "style": 1
  }
}