{
  "$schema": "https://ui.shadcn.com/schema/registry-item.json",
  "name": "comp-435",
  "type": "registry:component",
  "registryDependencies": [
    "https://originui.com/r/scroll-area.json",
    "https://originui.com/r/tabs.json"
  ],
  "files": [
    {
      "path": "registry/default/components/comp-435.tsx",
      "content": "import { ScrollArea, ScrollBar } from \"@/registry/default/ui/scroll-area\";\nimport { Tabs, TabsContent, TabsList, TabsTrigger } from \"@/registry/default/ui/tabs\";\nimport { Box, House, PanelsTopLeft } from \"lucide-react\";\n\nexport default function Component() {\n  return (\n    <Tabs defaultValue=\"tab-1\">\n      <ScrollArea>\n        <TabsList className=\"mb-3 h-auto -space-x-px bg-background p-0 shadow-sm shadow-black/5 rtl:space-x-reverse\">\n          <TabsTrigger\n            value=\"tab-1\"\n            className=\"relative overflow-hidden rounded-none border border-border py-2 after:pointer-events-none after:absolute after:inset-x-0 after:bottom-0 after:h-0.5 first:rounded-s last:rounded-e data-[state=active]:bg-muted data-[state=active]:after:bg-primary\"\n          >\n            <House\n              className=\"-ms-0.5 me-1.5 opacity-60\"\n              size={16}\n              strokeWidth={2}\n              aria-hidden=\"true\"\n            />\n            Overview\n          </TabsTrigger>\n          <TabsTrigger\n            value=\"tab-2\"\n            className=\"relative overflow-hidden rounded-none border border-border py-2 after:pointer-events-none after:absolute after:inset-x-0 after:bottom-0 after:h-0.5 first:rounded-s last:rounded-e data-[state=active]:bg-muted data-[state=active]:after:bg-primary\"\n          >\n            <PanelsTopLeft\n              className=\"-ms-0.5 me-1.5 opacity-60\"\n              size={16}\n              strokeWidth={2}\n              aria-hidden=\"true\"\n            />\n            Projects\n          </TabsTrigger>\n          <TabsTrigger\n            value=\"tab-3\"\n            className=\"relative overflow-hidden rounded-none border border-border py-2 after:pointer-events-none after:absolute after:inset-x-0 after:bottom-0 after:h-0.5 first:rounded-s last:rounded-e data-[state=active]:bg-muted data-[state=active]:after:bg-primary\"\n          >\n            <Box\n              className=\"-ms-0.5 me-1.5 opacity-60\"\n              size={16}\n              strokeWidth={2}\n              aria-hidden=\"true\"\n            />\n            Packages\n          </TabsTrigger>\n        </TabsList>\n        <ScrollBar orientation=\"horizontal\" />\n      </ScrollArea>\n      <TabsContent value=\"tab-1\">\n        <p className=\"p-4 pt-1 text-center text-xs text-muted-foreground\">Content for Tab 1</p>\n      </TabsContent>\n      <TabsContent value=\"tab-2\">\n        <p className=\"p-4 pt-1 text-center text-xs text-muted-foreground\">Content for Tab 2</p>\n      </TabsContent>\n      <TabsContent value=\"tab-3\">\n        <p className=\"p-4 pt-1 text-center text-xs text-muted-foreground\">Content for Tab 3</p>\n      </TabsContent>\n    </Tabs>\n  );\n}\n",
      "type": "registry:component",
      "target": ""
    }
  ],
  "meta": {
    "tags": [
      "tabs",
      "radix"
    ],
    "colSpan": 2,
    "style": 2
  }
}