{
  "$schema": "https://ui.shadcn.com/schema/registry-item.json",
  "name": "comp-320",
  "type": "registry:component",
  "registryDependencies": [
    "https://originui.com/r/button.json",
    "https://originui.com/r/dialog.json",
    "https://originui.com/r/input.json",
    "https://originui.com/r/label.json"
  ],
  "files": [
    {
      "path": "registry/default/components/comp-320.tsx",
      "content": "\"use client\";\n\nimport { Button } from \"@/registry/default/ui/button\";\nimport {\n  Dialog,\n  DialogClose,\n  DialogContent,\n  DialogDescription,\n  DialogFooter,\n  DialogHeader,\n  DialogTitle,\n  DialogTrigger,\n} from \"@/registry/default/ui/dialog\";\nimport { Input } from \"@/registry/default/ui/input\";\nimport { Label } from \"@/registry/default/ui/label\";\nimport { CircleAlert } from \"lucide-react\";\nimport { useId, useState } from \"react\";\n\nconst PROJECT_NAME = \"Origin UI\";\n\nexport default function Component() {\n  const id = useId();\n  const [inputValue, setInputValue] = useState(\"\");\n\n  return (\n    <Dialog>\n      <DialogTrigger asChild>\n        <Button variant=\"outline\">Delete project</Button>\n      </DialogTrigger>\n      <DialogContent>\n        <div className=\"flex flex-col items-center gap-2\">\n          <div\n            className=\"flex size-9 shrink-0 items-center justify-center rounded-full border border-border\"\n            aria-hidden=\"true\"\n          >\n            <CircleAlert className=\"opacity-80\" size={16} strokeWidth={2} />\n          </div>\n          <DialogHeader>\n            <DialogTitle className=\"sm:text-center\">Final confirmation</DialogTitle>\n            <DialogDescription className=\"sm:text-center\">\n              This action cannot be undone. To confirm, please enter the project name{\" \"}\n              <span className=\"text-foreground\">Origin UI</span>.\n            </DialogDescription>\n          </DialogHeader>\n        </div>\n\n        <form className=\"space-y-5\">\n          <div className=\"space-y-2\">\n            <Label htmlFor={id}>Project name</Label>\n            <Input\n              id={id}\n              type=\"text\"\n              placeholder=\"Type Origin UI to confirm\"\n              value={inputValue}\n              onChange={(e) => setInputValue(e.target.value)}\n            />\n          </div>\n          <DialogFooter>\n            <DialogClose asChild>\n              <Button type=\"button\" variant=\"outline\" className=\"flex-1\">\n                Cancel\n              </Button>\n            </DialogClose>\n            <Button type=\"button\" className=\"flex-1\" disabled={inputValue !== PROJECT_NAME}>\n              Delete\n            </Button>\n          </DialogFooter>\n        </form>\n      </DialogContent>\n    </Dialog>\n  );\n}\n",
      "type": "registry:component",
      "target": ""
    }
  ],
  "meta": {
    "tags": [
      "dialog",
      "modal",
      "delete",
      "radix"
    ],
    "style": 1
  }
}