{
  "$schema": "https://ui.shadcn.com/schema/registry-item.json",
  "name": "comp-387",
  "type": "registry:component",
  "registryDependencies": [
    "https://originui.com/r/button.json",
    "https://originui.com/r/input.json",
    "https://originui.com/r/popover.json",
    "https://originui.com/r/tooltip.json"
  ],
  "files": [
    {
      "path": "registry/default/components/comp-387.tsx",
      "content": "\"use client\";\n\nimport { cn } from \"@/registry/default/lib/utils\";\nimport { Button } from \"@/registry/default/ui/button\";\nimport { Input } from \"@/registry/default/ui/input\";\nimport { Popover, PopoverContent, PopoverTrigger } from \"@/registry/default/ui/popover\";\nimport {\n  Tooltip,\n  TooltipContent,\n  TooltipProvider,\n  TooltipTrigger,\n} from \"@/registry/default/ui/tooltip\";\nimport { RiCodeFill, RiFacebookFill, RiMailLine, RiTwitterXFill } from \"@remixicon/react\";\nimport { Check, Copy } from \"lucide-react\";\nimport { useId, useRef, useState } from \"react\";\n\nexport default function Component() {\n  const id = useId();\n  const [copied, setCopied] = useState<boolean>(false);\n  const inputRef = useRef<HTMLInputElement>(null);\n\n  const handleCopy = () => {\n    if (inputRef.current) {\n      navigator.clipboard.writeText(inputRef.current.value);\n      setCopied(true);\n      setTimeout(() => setCopied(false), 1500);\n    }\n  };\n\n  return (\n    <div className=\"flex flex-col gap-4\">\n      <Popover>\n        <PopoverTrigger asChild>\n          <Button variant=\"outline\">Share</Button>\n        </PopoverTrigger>\n        <PopoverContent className=\"w-72\">\n          <div className=\"flex flex-col gap-3 text-center\">\n            <div className=\"text-sm font-medium\">Share code</div>\n            <div className=\"flex flex-wrap justify-center gap-2\">\n              <Button size=\"icon\" variant=\"outline\" aria-label=\"Embed\">\n                <RiCodeFill size={16} strokeWidth={2} aria-hidden=\"true\" />\n              </Button>\n              <Button size=\"icon\" variant=\"outline\" aria-label=\"Share on Twitter\">\n                <RiTwitterXFill size={16} strokeWidth={2} aria-hidden=\"true\" />\n              </Button>\n              <Button size=\"icon\" variant=\"outline\" aria-label=\"Share on Facebook\">\n                <RiFacebookFill size={16} strokeWidth={2} aria-hidden=\"true\" />\n              </Button>\n              <Button size=\"icon\" variant=\"outline\" aria-label=\"Share via email\">\n                <RiMailLine size={16} strokeWidth={2} aria-hidden=\"true\" />\n              </Button>\n            </div>\n            <div className=\"space-y-2\">\n              <div className=\"relative\">\n                <Input\n                  ref={inputRef}\n                  id={id}\n                  className=\"pe-9\"\n                  type=\"text\"\n                  defaultValue=\"https://originui.com/Avx8HD\"\n                  aria-label=\"Share link\"\n                  readOnly\n                />\n                <TooltipProvider delayDuration={0}>\n                  <Tooltip>\n                    <TooltipTrigger asChild>\n                      <button\n                        onClick={handleCopy}\n                        className=\"absolute inset-y-0 end-0 flex h-full w-9 items-center justify-center rounded-e-lg border border-transparent text-muted-foreground/80 outline-offset-2 transition-colors hover:text-foreground focus-visible:text-foreground focus-visible:outline focus-visible:outline-2 focus-visible:outline-ring/70 disabled:pointer-events-none disabled:cursor-not-allowed\"\n                        aria-label={copied ? \"Copied\" : \"Copy to clipboard\"}\n                        disabled={copied}\n                      >\n                        <div\n                          className={cn(\n                            \"transition-all\",\n                            copied ? \"scale-100 opacity-100\" : \"scale-0 opacity-0\",\n                          )}\n                        >\n                          <Check\n                            className=\"stroke-emerald-500\"\n                            size={16}\n                            strokeWidth={2}\n                            aria-hidden=\"true\"\n                          />\n                        </div>\n                        <div\n                          className={cn(\n                            \"absolute transition-all\",\n                            copied ? \"scale-0 opacity-0\" : \"scale-100 opacity-100\",\n                          )}\n                        >\n                          <Copy size={16} strokeWidth={2} aria-hidden=\"true\" />\n                        </div>\n                      </button>\n                    </TooltipTrigger>\n                    <TooltipContent className=\"px-2 py-1 text-xs\">Copy to clipboard</TooltipContent>\n                  </Tooltip>\n                </TooltipProvider>\n              </div>\n            </div>\n          </div>\n        </PopoverContent>\n      </Popover>\n    </div>\n  );\n}\n",
      "type": "registry:component",
      "target": ""
    }
  ],
  "meta": {
    "tags": [
      "popover",
      "share",
      "social",
      "copy",
      "radix"
    ],
    "style": 1
  }
}