{
  "$schema": "https://ui.shadcn.com/schema/registry-item.json",
  "name": "comp-475",
  "type": "registry:component",
  "registryDependencies": [
    "https://originui.com/r/table.json"
  ],
  "files": [
    {
      "path": "registry/default/components/comp-475.tsx",
      "content": "import {\n  Table,\n  TableBody,\n  TableCell,\n  TableFooter,\n  TableHead,\n  TableHeader,\n  TableRow,\n} from \"@/registry/default/ui/table\";\n\nconst items = [\n  {\n    id: \"1\",\n    name: \"Alex Thompson\",\n    email: \"alex.t@company.com\",\n    location: \"San Francisco, US\",\n    status: \"Active\",\n    balance: \"$1,250.00\",\n  },\n  {\n    id: \"2\",\n    name: \"Sarah Chen\",\n    email: \"sarah.c@company.com\",\n    location: \"Singapore\",\n    status: \"Active\",\n    balance: \"$600.00\",\n  },\n  {\n    id: \"3\",\n    name: \"James Wilson\",\n    email: \"j.wilson@company.com\",\n    location: \"London, UK\",\n    status: \"Inactive\",\n    balance: \"$650.00\",\n  },\n  {\n    id: \"4\",\n    name: \"Maria Garcia\",\n    email: \"m.garcia@company.com\",\n    location: \"Madrid, Spain\",\n    status: \"Active\",\n    balance: \"$0.00\",\n  },\n  {\n    id: \"5\",\n    name: \"David Kim\",\n    email: \"d.kim@company.com\",\n    location: \"Seoul, KR\",\n    status: \"Active\",\n    balance: \"-$1,000.00\",\n  },\n  {\n    id: \"6\",\n    name: \"John Brown\",\n    email: \"john.brown@company.com\",\n    location: \"New York, US\",\n    status: \"Active\",\n    balance: \"$1,500.00\",\n  },\n  {\n    id: \"7\",\n    name: \"Jane Doe\",\n    email: \"jane.doe@company.com\",\n    location: \"Paris, FR\",\n    status: \"Inactive\",\n    balance: \"$200.00\",\n  },\n  {\n    id: \"8\",\n    name: \"Peter Smith\",\n    email: \"peter.smith@company.com\",\n    location: \"Berlin, DE\",\n    status: \"Active\",\n    balance: \"$1,000.00\",\n  },\n  {\n    id: \"9\",\n    name: \"Olivia Lee\",\n    email: \"olivia.lee@company.com\",\n    location: \"Tokyo, JP\",\n    status: \"Active\",\n    balance: \"$500.00\",\n  },\n  {\n    id: \"10\",\n    name: \"Liam Chen\",\n    email: \"liam.chen@company.com\",\n    location: \"Shanghai, CN\",\n    status: \"Inactive\",\n    balance: \"$300.00\",\n  },\n  {\n    id: \"11\",\n    name: \"Ethan Kim\",\n    email: \"ethan.kim@company.com\",\n    location: \"Busan, KR\",\n    status: \"Active\",\n    balance: \"$800.00\",\n  },\n  {\n    id: \"12\",\n    name: \"Ava Brown\",\n    email: \"ava.brown@company.com\",\n    location: \"London, UK\",\n    status: \"Active\",\n    balance: \"$1,200.00\",\n  },\n  {\n    id: \"13\",\n    name: \"Lily Lee\",\n    email: \"lily.lee@company.com\",\n    location: \"Seoul, KR\",\n    status: \"Active\",\n    balance: \"$400.00\",\n  },\n  {\n    id: \"14\",\n    name: \"Noah Smith\",\n    email: \"noah.smith@company.com\",\n    location: \"New York, US\",\n    status: \"Inactive\",\n    balance: \"$600.00\",\n  },\n  {\n    id: \"15\",\n    name: \"Eve Chen\",\n    email: \"eve.chen@company.com\",\n    location: \"Taipei, TW\",\n    status: \"Active\",\n    balance: \"$1,800.00\",\n  },\n];\n\nexport default function Component() {\n  return (\n    <div>\n      <div className=\"[&>div]:max-h-96\">\n        <Table className=\"border-separate border-spacing-0 [&_td]:border-border [&_tfoot_td]:border-t [&_th]:border-b [&_th]:border-border [&_tr:not(:last-child)_td]:border-b [&_tr]:border-none\">\n          <TableHeader className=\"sticky top-0 z-10 bg-background/90 backdrop-blur-sm\">\n            <TableRow className=\"hover:bg-transparent\">\n              <TableHead>Name</TableHead>\n              <TableHead>Email</TableHead>\n              <TableHead>Location</TableHead>\n              <TableHead>Status</TableHead>\n              <TableHead className=\"text-right\">Balance</TableHead>\n            </TableRow>\n          </TableHeader>\n          <TableBody>\n            {items.map((item) => (\n              <TableRow key={item.id}>\n                <TableCell className=\"font-medium\">{item.name}</TableCell>\n                <TableCell>{item.email}</TableCell>\n                <TableCell>{item.location}</TableCell>\n                <TableCell>{item.status}</TableCell>\n                <TableCell className=\"text-right\">{item.balance}</TableCell>\n              </TableRow>\n            ))}\n          </TableBody>\n          <TableFooter className=\"bg-transparent\">\n            <TableRow className=\"hover:bg-transparent\">\n              <TableCell colSpan={4}>Total</TableCell>\n              <TableCell className=\"text-right\">$2,500.00</TableCell>\n            </TableRow>\n          </TableFooter>\n        </Table>\n      </div>\n      <p className=\"mt-8 text-center text-sm text-muted-foreground\">Table with sticky header</p>\n    </div>\n  );\n}\n",
      "type": "registry:component",
      "target": ""
    }
  ],
  "meta": {
    "tags": [
      "table",
      "sticky"
    ],
    "colSpan": 3
  }
}