{
  "$schema": "https://ui.shadcn.com/schema/registry-item.json",
  "name": "comp-333",
  "type": "registry:component",
  "registryDependencies": [
    "https://originui.com/r/command.json"
  ],
  "files": [
    {
      "path": "registry/default/components/comp-333.tsx",
      "content": "\"use client\";\n\nimport { ArrowUpRight, CircleFadingPlus, FileInput, FolderPlus, Search } from \"lucide-react\";\nimport * as React from \"react\";\n\nimport {\n  CommandDialog,\n  CommandEmpty,\n  CommandGroup,\n  CommandInput,\n  CommandItem,\n  CommandList,\n  CommandSeparator,\n  CommandShortcut,\n} from \"@/registry/default/ui/command\";\n\nexport default function Component() {\n  const [open, setOpen] = React.useState(false);\n\n  React.useEffect(() => {\n    const down = (e: KeyboardEvent) => {\n      if (e.key === \"k\" && (e.metaKey || e.ctrlKey)) {\n        e.preventDefault();\n        setOpen((open) => !open);\n      }\n    };\n\n    document.addEventListener(\"keydown\", down);\n    return () => document.removeEventListener(\"keydown\", down);\n  }, []);\n\n  return (\n    <>\n      <button\n        className=\"inline-flex h-9 w-fit rounded-lg border border-input bg-background px-3 py-2 text-sm text-foreground shadow-sm shadow-black/5 transition-shadow placeholder:text-muted-foreground/70 focus-visible:border-ring focus-visible:outline-none focus-visible:ring-[3px] focus-visible:ring-ring/20\"\n        onClick={() => setOpen(true)}\n      >\n        <span className=\"flex grow items-center\">\n          <Search\n            className=\"-ms-1 me-3 text-muted-foreground/80\"\n            size={16}\n            strokeWidth={2}\n            aria-hidden=\"true\"\n          />\n          <span className=\"font-normal text-muted-foreground/70\">Search</span>\n        </span>\n        <kbd className=\"-me-1 ms-12 inline-flex h-5 max-h-full items-center rounded border border-border bg-background px-1 font-[inherit] text-[0.625rem] font-medium text-muted-foreground/70\">\n          ⌘K\n        </kbd>\n      </button>\n      <CommandDialog open={open} onOpenChange={setOpen}>\n        <CommandInput placeholder=\"Type a command or search...\" />\n        <CommandList>\n          <CommandEmpty>No results found.</CommandEmpty>\n          <CommandGroup heading=\"Quick start\">\n            <CommandItem>\n              <FolderPlus size={16} strokeWidth={2} className=\"opacity-60\" aria-hidden=\"true\" />\n              <span>New folder</span>\n              <CommandShortcut className=\"justify-center\">⌘N</CommandShortcut>\n            </CommandItem>\n            <CommandItem>\n              <FileInput size={16} strokeWidth={2} className=\"opacity-60\" aria-hidden=\"true\" />\n              <span>Import document</span>\n              <CommandShortcut className=\"justify-center\">⌘I</CommandShortcut>\n            </CommandItem>\n            <CommandItem>\n              <CircleFadingPlus\n                size={16}\n                strokeWidth={2}\n                className=\"opacity-60\"\n                aria-hidden=\"true\"\n              />\n              <span>Add block</span>\n              <CommandShortcut className=\"justify-center\">⌘B</CommandShortcut>\n            </CommandItem>\n          </CommandGroup>\n          <CommandSeparator />\n          <CommandGroup heading=\"Navigation\">\n            <CommandItem>\n              <ArrowUpRight size={16} strokeWidth={2} className=\"opacity-60\" aria-hidden=\"true\" />\n              <span>Go to dashboard</span>\n            </CommandItem>\n            <CommandItem>\n              <ArrowUpRight size={16} strokeWidth={2} className=\"opacity-60\" aria-hidden=\"true\" />\n              <span>Go to apps</span>\n            </CommandItem>\n            <CommandItem>\n              <ArrowUpRight size={16} strokeWidth={2} className=\"opacity-60\" aria-hidden=\"true\" />\n              <span>Go to connections</span>\n            </CommandItem>\n          </CommandGroup>\n        </CommandList>\n      </CommandDialog>\n    </>\n  );\n}\n",
      "type": "registry:component",
      "target": ""
    }
  ],
  "meta": {
    "tags": [
      "dialog",
      "modal",
      "command",
      "combobox",
      "popover",
      "search",
      "radix",
      "autocomplete",
      "radix",
      null
    ],
    "style": 1
  }
}