{
  "$schema": "https://ui.shadcn.com/schema/registry-item.json",
  "name": "comp-405",
  "type": "registry:component",
  "files": [
    {
      "path": "registry/default/components/comp-405.tsx",
      "content": "export default function Component() {\n  return (\n    <div className=\"flex -space-x-3\">\n      <img\n        className=\"rounded-full ring-2 ring-background\"\n        src=\"/avatar-80-03.jpg\"\n        width={40}\n        height={40}\n        alt=\"Avatar 01\"\n      />\n      <img\n        className=\"rounded-full ring-2 ring-background\"\n        src=\"/avatar-80-04.jpg\"\n        width={40}\n        height={40}\n        alt=\"Avatar 02\"\n      />\n      <img\n        className=\"rounded-full ring-2 ring-background\"\n        src=\"/avatar-80-05.jpg\"\n        width={40}\n        height={40}\n        alt=\"Avatar 03\"\n      />\n      <img\n        className=\"rounded-full ring-2 ring-background\"\n        src=\"/avatar-80-06.jpg\"\n        width={40}\n        height={40}\n        alt=\"Avatar 04\"\n      />\n    </div>\n  );\n}\n",
      "type": "registry:component",
      "target": ""
    }
  ],
  "meta": {
    "tags": [
      "avatar",
      "avatar group"
    ],
    "style": 1
  }
}