{
  "$schema": "https://ui.shadcn.com/schema/registry-item.json",
  "name": "comp-133",
  "type": "registry:component",
  "registryDependencies": [
    "https://originui.com/r/checkbox.json",
    "https://originui.com/r/label.json"
  ],
  "files": [
    {
      "path": "registry/default/components/comp-133.tsx",
      "content": "\"use client\";\n\nimport { Checkbox } from \"@/registry/default/ui/checkbox\";\nimport { Label } from \"@/registry/default/ui/label\";\nimport { useId, useState } from \"react\";\n\nexport default function Component() {\n  const id = useId();\n  const [checked, setChecked] = useState<boolean | \"indeterminate\">(\"indeterminate\");\n\n  return (\n    <div className=\"flex items-center gap-2\">\n      <Checkbox id={id} checked={checked} onCheckedChange={setChecked} />\n      <Label htmlFor={id}>Indeterminate checkbox</Label>\n    </div>\n  );\n}\n",
      "type": "registry:component",
      "target": ""
    }
  ],
  "meta": {
    "tags": [
      "checkbox",
      "label",
      "radix"
    ]
  }
}