{
  "$schema": "https://ui.shadcn.com/schema/registry-item.json",
  "name": "comp-237",
  "type": "registry:component",
  "dependencies": [
    "react-aria-components"
  ],
  "registryDependencies": [
    "https://originui.com/r/label.json"
  ],
  "files": [
    {
      "path": "registry/default/components/comp-237.tsx",
      "content": "\"use client\";\n\nimport { Label } from \"@/registry/default/ui/label\";\nimport { ListBox, ListBoxItem } from \"react-aria-components\";\n\nexport default function Component() {\n  return (\n    <div className=\"space-y-2\">\n      <Label>Listbox with single option</Label>\n      <div className=\"overflow-hidden rounded-lg border border-input\">\n        <ListBox\n          className=\"space-y-1 bg-background p-1 text-sm shadow-sm shadow-black/5 transition-shadow\"\n          aria-label=\"Select framework\"\n          selectionMode=\"single\"\n          defaultSelectedKeys={[\"svelte\"]}\n        >\n          <ListBoxItem\n            id=\"react\"\n            className=\"relative rounded-md px-2 py-1.5 data-[disabled]:cursor-not-allowed data-[selected=true]:bg-accent data-[selected=true]:text-accent-foreground data-[disabled]:opacity-50 data-[focus-visible]:outline data-[focus-visible]:outline-2 data-[focus-visible]:outline-ring/70\"\n          >\n            React\n          </ListBoxItem>\n          <ListBoxItem\n            id=\"vue\"\n            className=\"relative rounded-md px-2 py-1.5 data-[disabled]:cursor-not-allowed data-[selected=true]:bg-accent data-[selected=true]:text-accent-foreground data-[disabled]:opacity-50 data-[focus-visible]:outline data-[focus-visible]:outline-2 data-[focus-visible]:outline-ring/70\"\n          >\n            Vue\n          </ListBoxItem>\n          <ListBoxItem\n            id=\"angular\"\n            className=\"relative rounded-md px-2 py-1.5 data-[disabled]:cursor-not-allowed data-[selected=true]:bg-accent data-[selected=true]:text-accent-foreground data-[disabled]:opacity-50 data-[focus-visible]:outline data-[focus-visible]:outline-2 data-[focus-visible]:outline-ring/70\"\n            isDisabled\n          >\n            Angular\n          </ListBoxItem>\n          <ListBoxItem\n            id=\"svelte\"\n            className=\"relative rounded-md px-2 py-1.5 data-[disabled]:cursor-not-allowed data-[selected=true]:bg-accent data-[selected=true]:text-accent-foreground data-[disabled]:opacity-50 data-[focus-visible]:outline data-[focus-visible]:outline-2 data-[focus-visible]:outline-ring/70\"\n          >\n            Svelte\n          </ListBoxItem>\n        </ListBox>\n      </div>\n      <p className=\"mt-2 text-xs text-muted-foreground\" role=\"region\" aria-live=\"polite\">\n        Built with{\" \"}\n        <a\n          className=\"underline hover:text-foreground\"\n          href=\"https://react-spectrum.adobe.com/react-aria/ListBox.html\"\n          target=\"_blank\"\n          rel=\"noopener nofollow\"\n        >\n          React Aria\n        </a>\n      </p>\n    </div>\n  );\n}\n",
      "type": "registry:component",
      "target": ""
    }
  ],
  "meta": {
    "tags": [
      "label",
      "select",
      "multiselect",
      "react aria"
    ]
  }
}