{
  "$schema": "https://ui.shadcn.com/schema/registry-item.json",
  "name": "comp-164",
  "type": "registry:component",
  "registryDependencies": [
    "https://originui.com/r/radio-group.json"
  ],
  "files": [
    {
      "path": "registry/default/components/comp-164.tsx",
      "content": "import { RadioGroup, RadioGroupItem } from \"@/registry/default/ui/radio-group\";\nimport { useId } from \"react\";\n\nexport default function Component() {\n  const id = useId();\n\n  const items = [\n    { value: \"1\", label: \"2 CPU\" },\n    { value: \"2\", label: \"4 CPU\" },\n    { value: \"3\", label: \"6 CPU\" },\n    { value: \"4\", label: \"8 CPU\" },\n    { value: \"5\", label: \"12 CPU\" },\n    { value: \"6\", label: \"16 CPU\", disabled: true },\n  ];\n\n  return (\n    <fieldset className=\"space-y-4\">\n      <legend className=\"text-sm font-medium leading-none text-foreground\">CPU Cores</legend>\n      <RadioGroup className=\"grid grid-cols-3 gap-2\" defaultValue=\"1\">\n        {items.map((item) => (\n          <label\n            key={`${id}-${item.value}`}\n            className=\"relative flex cursor-pointer flex-col items-center gap-3 rounded-lg border border-input px-2 py-3 text-center shadow-sm shadow-black/5 outline-offset-2 transition-colors has-[[data-disabled]]:cursor-not-allowed has-[[data-state=checked]]:border-ring has-[[data-state=checked]]:bg-accent has-[[data-disabled]]:opacity-50 has-[:focus-visible]:outline has-[:focus-visible]:outline-2 has-[:focus-visible]:outline-ring/70\"\n          >\n            <RadioGroupItem\n              id={`${id}-${item.value}`}\n              value={item.value}\n              className=\"sr-only after:absolute after:inset-0\"\n              disabled={item.disabled}\n            />\n            <p className=\"text-sm font-medium leading-none text-foreground\">{item.label}</p>\n          </label>\n        ))}\n      </RadioGroup>\n    </fieldset>\n  );\n}\n",
      "type": "registry:component",
      "target": ""
    }
  ],
  "meta": {
    "tags": [
      "radio",
      "label",
      "card",
      "pricing",
      "radix"
    ]
  }
}