{
  "$schema": "https://ui.shadcn.com/schema/registry-item.json",
  "name": "comp-166",
  "type": "registry:component",
  "registryDependencies": [
    "https://originui.com/r/radio-group.json",
    "https://originui.com/r/label.json",
    "https://originui.com/r/badge.json"
  ],
  "files": [
    {
      "path": "registry/default/components/comp-166.tsx",
      "content": "import { Badge } from \"@/registry/default/ui/badge\";\nimport { Label } from \"@/registry/default/ui/label\";\nimport { RadioGroup, RadioGroupItem } from \"@/registry/default/ui/radio-group\";\nimport { useId } from \"react\";\n\nexport default function Component() {\n  const id = useId();\n\n  const items = [\n    { value: \"1\", label: \"Hobby\", price: \"$9/mo\" },\n    { value: \"2\", label: \"Plus\", price: \"$29/mo\" },\n    { value: \"3\", label: \"Team\", price: \"$49/mo\" },\n    { value: \"4\", label: \"Enterprise\", price: \"Custom\" },\n  ];\n\n  return (\n    <fieldset className=\"space-y-4\">\n      <legend className=\"text-sm font-medium leading-none text-foreground\">Choose plan</legend>\n      <RadioGroup\n        className=\"gap-0 -space-y-px rounded-lg shadow-sm shadow-black/5\"\n        defaultValue=\"2\"\n      >\n        {items.map((item) => (\n          <div\n            key={`${id}-${item.value}`}\n            className=\"relative flex flex-col gap-4 border border-input p-4 first:rounded-t-lg last:rounded-b-lg has-[[data-state=checked]]:z-10 has-[[data-state=checked]]:border-ring has-[[data-state=checked]]:bg-accent\"\n          >\n            <div className=\"flex items-center justify-between\">\n              <div className=\"flex items-center gap-2\">\n                <RadioGroupItem\n                  id={`${id}-${item.value}`}\n                  value={item.value}\n                  className=\"after:absolute after:inset-0\"\n                  aria-describedby={`${`${id}-${item.value}`}-price`}\n                />\n                <Label className=\"inline-flex items-start\" htmlFor={`${id}-${item.value}`}>\n                  {item.label}\n                  {item.value === \"2\" && <Badge className=\"-mt-1 ms-2\">Popular</Badge>}\n                </Label>\n              </div>\n              <div\n                id={`${`${id}-${item.value}`}-price`}\n                className=\"text-xs leading-[inherit] text-muted-foreground\"\n              >\n                {item.price}\n              </div>\n            </div>\n          </div>\n        ))}\n      </RadioGroup>\n    </fieldset>\n  );\n}\n",
      "type": "registry:component",
      "target": ""
    }
  ],
  "meta": {
    "tags": [
      "radio",
      "label",
      "pricing",
      "radix"
    ]
  }
}