{
  "$schema": "https://ui.shadcn.com/schema/registry-item.json",
  "name": "comp-474",
  "type": "registry:component",
  "registryDependencies": [
    "https://originui.com/r/table.json"
  ],
  "files": [
    {
      "path": "registry/default/components/comp-474.tsx",
      "content": "import { Table, TableBody, TableCell, TableRow } from \"@/registry/default/ui/table\";\n\nexport default function Component() {\n  return (\n    <div className=\"mx-auto max-w-lg\">\n      <div className=\"overflow-hidden rounded-lg border border-border bg-background\">\n        <Table>\n          <TableBody>\n            <TableRow className=\"*:border-border hover:bg-transparent [&>:not(:last-child)]:border-r\">\n              <TableCell className=\"bg-muted/50 py-2 font-medium\">Name</TableCell>\n              <TableCell className=\"py-2\">David Kim</TableCell>\n            </TableRow>\n            <TableRow className=\"*:border-border hover:bg-transparent [&>:not(:last-child)]:border-r\">\n              <TableCell className=\"bg-muted/50 py-2 font-medium\">Email</TableCell>\n              <TableCell className=\"py-2\">d.kim@company.com</TableCell>\n            </TableRow>\n            <TableRow className=\"*:border-border hover:bg-transparent [&>:not(:last-child)]:border-r\">\n              <TableCell className=\"bg-muted/50 py-2 font-medium\">Location</TableCell>\n              <TableCell className=\"py-2\">Seoul, KR</TableCell>\n            </TableRow>\n            <TableRow className=\"*:border-border hover:bg-transparent [&>:not(:last-child)]:border-r\">\n              <TableCell className=\"bg-muted/50 py-2 font-medium\">Status</TableCell>\n              <TableCell className=\"py-2\">Active</TableCell>\n            </TableRow>\n            <TableRow className=\"*:border-border hover:bg-transparent [&>:not(:last-child)]:border-r\">\n              <TableCell className=\"bg-muted/50 py-2 font-medium\">Balance</TableCell>\n              <TableCell className=\"py-2\">$1,000.00</TableCell>\n            </TableRow>\n          </TableBody>\n        </Table>\n      </div>\n      <p className=\"mt-4 text-center text-sm text-muted-foreground\">Vertical table</p>\n    </div>\n  );\n}\n",
      "type": "registry:component",
      "target": ""
    }
  ],
  "meta": {
    "tags": [
      "table",
      "vertical table"
    ],
    "colSpan": 3
  }
}