{
  "$schema": "https://ui.shadcn.com/schema/registry-item.json",
  "name": "comp-128",
  "type": "registry:component",
  "registryDependencies": [
    "https://originui.com/r/button.json"
  ],
  "files": [
    {
      "path": "registry/default/components/comp-128.tsx",
      "content": "import { Button } from \"@/registry/default/ui/button\";\nimport { ChevronRight } from \"lucide-react\";\n\nexport default function Component() {\n  return (\n    <Button className=\"group h-auto gap-4 py-3 text-left\" variant=\"outline\">\n      <div className=\"space-y-1\">\n        <h3>Talent Agency</h3>\n        <p className=\"whitespace-break-spaces font-normal text-muted-foreground\">\n          Matches for your roster\n        </p>\n      </div>\n      <ChevronRight\n        className=\"opacity-60 transition-transform group-hover:translate-x-0.5\"\n        size={16}\n        strokeWidth={2}\n        aria-hidden=\"true\"\n      />\n    </Button>\n  );\n}\n",
      "type": "registry:component",
      "target": ""
    }
  ],
  "meta": {
    "tags": [
      "button"
    ],
    "style": 2
  }
}