{
  "$schema": "https://ui.shadcn.com/schema/registry-item.json",
  "name": "comp-353",
  "type": "registry:component",
  "registryDependencies": [
    "https://originui.com/r/accordion.json",
    "https://originui.com/r/collapsible.json"
  ],
  "files": [
    {
      "path": "registry/default/components/comp-353.tsx",
      "content": "import {\n  Accordion,\n  AccordionContent,\n  AccordionItem,\n  AccordionTrigger,\n} from \"@/registry/default/ui/accordion\";\nimport {\n  Collapsible,\n  CollapsibleContent,\n  CollapsibleTrigger,\n} from \"@/registry/default/ui/collapsible\";\nimport {\n  AtSign,\n  ChevronDown,\n  CircleDashed,\n  Command,\n  Eclipse,\n  Gauge,\n  LucideIcon,\n  Zap,\n} from \"lucide-react\";\n\nconst items = [\n  {\n    id: \"1\",\n    title: \"What makes Origin UI different?\",\n    icon: Command,\n    collapsibles: [\n      {\n        title: \"What about performance?\",\n        content: \"We optimize every component for maximum performance and minimal bundle size.\",\n        icon: Gauge,\n      },\n      {\n        title: \"How is the documentation?\",\n        content:\n          \"Our documentation is comprehensive and includes live examples for every component.\",\n        icon: CircleDashed,\n      },\n    ],\n  },\n  {\n    id: \"2\",\n    title: \"How can I customize the components?\",\n    icon: Eclipse,\n    collapsibles: [\n      {\n        title: \"Can I use custom themes?\",\n        content:\n          \"Yes, our theming system is fully customizable and supports both light and dark modes.\",\n        icon: Gauge,\n      },\n      {\n        title: \"What about Tailwind support?\",\n        content: \"We have first-class support for Tailwind CSS with custom utility classes.\",\n        icon: CircleDashed,\n      },\n    ],\n  },\n  {\n    id: \"3\",\n    title: \"Is Origin UI optimized for performance?\",\n    icon: Zap,\n    collapsibles: [\n      {\n        title: \"What's the bundle size impact?\",\n        content:\n          \"Our components are tree-shakeable and typically add minimal overhead to your bundle.\",\n        open: true,\n        icon: Gauge,\n      },\n      {\n        title: \"How is code splitting handled?\",\n        content: \"We support automatic code splitting for optimal loading performance.\",\n        icon: CircleDashed,\n      },\n    ],\n  },\n  {\n    id: \"4\",\n    title: \"How accessible are the components?\",\n    icon: AtSign,\n    collapsibles: [\n      {\n        title: \"Which screen readers are supported?\",\n        content: \"We test with NVDA, VoiceOver, and JAWS to ensure broad compatibility.\",\n        icon: Gauge,\n      },\n      {\n        title: \"What about keyboard navigation?\",\n        content:\n          \"Full keyboard navigation support is implemented following WAI-ARIA best practices.\",\n        icon: CircleDashed,\n      },\n    ],\n  },\n];\n\nexport default function Component() {\n  return (\n    <div className=\"space-y-4\">\n      <h2 className=\"text-xl font-bold\">Multi-level w/ icon</h2>\n      <Accordion type=\"single\" collapsible className=\"w-full\" defaultValue=\"3\">\n        {items.map((item) => (\n          <AccordionItem value={item.id} key={item.id}>\n            <AccordionTrigger className=\"justify-start gap-3 text-[15px] leading-6 hover:no-underline [&>svg]:-order-1\">\n              <span className=\"flex items-center gap-3\">\n                <item.icon\n                  size={16}\n                  strokeWidth={2}\n                  className=\"shrink-0 opacity-60\"\n                  aria-hidden=\"true\"\n                />\n                <span>{item.title}</span>\n              </span>\n            </AccordionTrigger>\n            <AccordionContent className=\"p-0\">\n              {item.collapsibles.map((collapsible, index) => (\n                <CollapsibleDemo\n                  key={index}\n                  title={collapsible.title}\n                  content={collapsible.content}\n                  open={collapsible.open}\n                  icon={collapsible.icon}\n                />\n              ))}\n            </AccordionContent>\n          </AccordionItem>\n        ))}\n      </Accordion>\n    </div>\n  );\n}\n\nfunction CollapsibleDemo({\n  title,\n  content,\n  open,\n  icon: Icon,\n}: {\n  title: string;\n  content: string;\n  open?: boolean;\n  icon: LucideIcon;\n}) {\n  return (\n    <Collapsible className=\"space-y-1 border-t border-border py-3 pe-4 ps-6\" defaultOpen={open}>\n      <CollapsibleTrigger className=\"flex gap-2 text-[15px] font-semibold leading-6 [&[data-state=open]>svg]:rotate-180\">\n        <ChevronDown\n          size={16}\n          strokeWidth={2}\n          className=\"mt-1 shrink-0 opacity-60 transition-transform duration-200\"\n          aria-hidden=\"true\"\n        />\n        <span className=\"flex items-center gap-3\">\n          <Icon size={16} strokeWidth={2} className=\"shrink-0 opacity-60\" aria-hidden=\"true\" />\n          <span>{title}</span>\n        </span>\n      </CollapsibleTrigger>\n      <CollapsibleContent className=\"overflow-hidden ps-6 text-sm text-muted-foreground transition-all data-[state=closed]:animate-collapsible-up data-[state=open]:animate-collapsible-down\">\n        {content}\n      </CollapsibleContent>\n    </Collapsible>\n  );\n}\n",
      "type": "registry:component",
      "target": ""
    }
  ],
  "meta": {
    "tags": [
      "accordion",
      "collapsible",
      "radix"
    ],
    "colSpan": 2
  }
}