{
  "$schema": "https://ui.shadcn.com/schema/registry-item.json",
  "name": "comp-250",
  "type": "registry:component",
  "registryDependencies": [
    "https://originui.com/r/label.json",
    "https://originui.com/r/slider.json"
  ],
  "files": [
    {
      "path": "registry/default/components/comp-250.tsx",
      "content": "import { Label } from \"@/registry/default/ui/label\";\nimport { Slider } from \"@/registry/default/ui/slider\";\n\nexport default function Component() {\n  return (\n    <div className=\"space-y-4\">\n      <Label>Dual range slider</Label>\n      <Slider defaultValue={[25, 75]} step={10} aria-label=\"Dual range slider\" />\n    </div>\n  );\n}\n",
      "type": "registry:component",
      "target": ""
    }
  ],
  "meta": {
    "tags": [
      "slider",
      "range slider",
      "label",
      "range",
      "radix"
    ]
  }
}