{
  "$schema": "https://ui.shadcn.com/schema/registry-item.json",
  "name": "comp-412",
  "type": "registry:component",
  "files": [
    {
      "path": "registry/default/components/comp-412.tsx",
      "content": "export default function Component() {\n  return (\n    <div className=\"flex items-center rounded-full border border-border bg-background p-1 shadow shadow-black/5\">\n      <div className=\"flex -space-x-1.5\">\n        <img\n          className=\"rounded-full ring-1 ring-background\"\n          src=\"/avatar-80-03.jpg\"\n          width={20}\n          height={20}\n          alt=\"Avatar 01\"\n        />\n        <img\n          className=\"rounded-full ring-1 ring-background\"\n          src=\"/avatar-80-04.jpg\"\n          width={20}\n          height={20}\n          alt=\"Avatar 02\"\n        />\n        <img\n          className=\"rounded-full ring-1 ring-background\"\n          src=\"/avatar-80-05.jpg\"\n          width={20}\n          height={20}\n          alt=\"Avatar 03\"\n        />\n        <img\n          className=\"rounded-full ring-1 ring-background\"\n          src=\"/avatar-80-06.jpg\"\n          width={20}\n          height={20}\n          alt=\"Avatar 04\"\n        />\n      </div>\n      <p className=\"px-2 text-xs text-muted-foreground\">\n        Trusted by <strong className=\"font-medium text-foreground\">60K+</strong> developers.\n      </p>\n    </div>\n  );\n}\n",
      "type": "registry:component",
      "target": ""
    }
  ],
  "meta": {
    "tags": [
      "avatar",
      "avatar group"
    ],
    "style": 1
  }
}