{
  "$schema": "https://ui.shadcn.com/schema/registry-item.json",
  "name": "comp-476",
  "type": "registry:component",
  "registryDependencies": [
    "https://originui.com/r/table.json"
  ],
  "files": [
    {
      "path": "registry/default/components/comp-476.tsx",
      "content": "import {\n  Table,\n  TableBody,\n  TableCell,\n  TableHead,\n  TableHeader,\n  TableRow,\n} from \"@/registry/default/ui/table\";\nimport { Check, Monitor, Smartphone, X } from \"lucide-react\";\n\nconst items = [\n  {\n    feature: \"scroll-timeline\",\n    desktop: [\n      { name: \"Chrome\", supported: true, version: \"115\" },\n      { name: \"Edge\", supported: true, version: \"115\" },\n      { name: \"Firefox\", supported: false, version: \"111\" },\n      { name: \"Opera\", supported: true, version: \"101\" },\n      { name: \"Safari\", supported: false, version: \"No\" },\n    ],\n    mobile: [\n      { name: \"Chrome Android\", supported: true, version: \"115\" },\n      { name: \"Firefox Android\", supported: false, version: \"No\" },\n      { name: \"Opera Android\", supported: true, version: \"77\" },\n      { name: \"Safari iOS\", supported: false, version: \"No\" },\n      { name: \"Samsung Internet\", supported: true, version: \"23\" },\n    ],\n  },\n  {\n    feature: \"view-timeline\",\n    desktop: [\n      { name: \"Chrome\", supported: true, version: \"115\" },\n      { name: \"Edge\", supported: true, version: \"115\" },\n      { name: \"Firefox\", supported: false, version: \"114\" },\n      { name: \"Opera\", supported: true, version: \"101\" },\n      { name: \"Safari\", supported: false, version: \"No\" },\n    ],\n    mobile: [\n      { name: \"Chrome Android\", supported: true, version: \"115\" },\n      { name: \"Firefox Android\", supported: false, version: \"No\" },\n      { name: \"Opera Android\", supported: true, version: \"77\" },\n      { name: \"Safari iOS\", supported: false, version: \"No\" },\n      { name: \"Samsung Internet\", supported: true, version: \"23\" },\n    ],\n  },\n  {\n    feature: \"font-size-adjust\",\n    desktop: [\n      { name: \"Chrome\", supported: true, version: \"127\" },\n      { name: \"Edge\", supported: true, version: \"127\" },\n      { name: \"Firefox\", supported: false, version: \"3\" },\n      { name: \"Opera\", supported: true, version: \"113\" },\n      { name: \"Safari\", supported: true, version: \"16.4\" },\n    ],\n    mobile: [\n      { name: \"Chrome Android\", supported: true, version: \"127\" },\n      { name: \"Firefox Android\", supported: true, version: \"4\" },\n      { name: \"Opera Android\", supported: true, version: \"84\" },\n      { name: \"Safari iOS\", supported: true, version: \"16.4\" },\n      { name: \"Samsung Internet\", supported: false, version: \"No\" },\n    ],\n  },\n];\n\nexport default function Component() {\n  return (\n    <Table>\n      <TableHeader>\n        <TableRow className=\"border-y-0 *:border-border hover:bg-transparent [&>:not(:last-child)]:border-r\">\n          <TableCell></TableCell>\n          <TableHead className=\"border-b border-border text-center\" colSpan={5}>\n            <Monitor className=\"inline-flex\" size={16} strokeWidth={2} aria-hidden=\"true\" />\n            <span className=\"sr-only\">Desktop browsers</span>\n          </TableHead>\n          <TableHead className=\"border-b border-border text-center\" colSpan={5}>\n            <Smartphone className=\"inline-flex\" size={16} strokeWidth={2} aria-hidden=\"true\" />\n            <span className=\"sr-only\">Mobile browsers</span>\n          </TableHead>\n        </TableRow>\n      </TableHeader>\n      <TableHeader>\n        <TableRow className=\"*:border-border hover:bg-transparent [&>:not(:last-child)]:border-r\">\n          <TableCell></TableCell>\n          {items[0].desktop.map((browser) => (\n            <TableHead key={browser.name} className=\"h-auto py-3 align-bottom text-foreground\">\n              <span className=\"relative left-[calc(50%-.5rem)] block rotate-180 whitespace-nowrap leading-4 [text-orientation:sideways] [writing-mode:vertical-rl]\">\n                {browser.name}\n              </span>\n            </TableHead>\n          ))}\n          {items[0].mobile.map((browser) => (\n            <TableHead key={browser.name} className=\"h-auto py-3 align-bottom text-foreground\">\n              <span className=\"relative left-[calc(50%-.5rem)] block rotate-180 whitespace-nowrap leading-4 [text-orientation:sideways] [writing-mode:vertical-rl]\">\n                {browser.name}\n              </span>\n            </TableHead>\n          ))}\n        </TableRow>\n      </TableHeader>\n      <TableBody>\n        {items.map((item) => (\n          <TableRow key={item.feature} className=\"*:border-border [&>:not(:last-child)]:border-r\">\n            <TableHead className=\"font-medium text-foreground\">{item.feature}</TableHead>\n            {[...item.desktop, ...item.mobile].map((browser, index) => (\n              <TableCell key={`${browser.name}-${index}`} className=\"space-y-1 text-center\">\n                {browser.supported ? (\n                  <Check\n                    className=\"inline-flex stroke-emerald-600\"\n                    size={16}\n                    strokeWidth={2}\n                    aria-hidden=\"true\"\n                  />\n                ) : (\n                  <X\n                    className=\"inline-flex stroke-red-600\"\n                    size={16}\n                    strokeWidth={2}\n                    aria-hidden=\"true\"\n                  />\n                )}\n                <span className=\"sr-only\">{browser.supported ? \"Supported\" : \"Not supported\"}</span>\n                <div className=\"text-xs font-medium text-muted-foreground\">{browser.version}</div>\n              </TableCell>\n            ))}\n          </TableRow>\n        ))}\n      </TableBody>\n    </Table>\n  );\n}\n",
      "type": "registry:component",
      "target": ""
    }
  ],
  "meta": {
    "tags": [
      "table"
    ],
    "colSpan": 3
  }
}