{
  "$schema": "https://ui.shadcn.com/schema/registry-item.json",
  "name": "comp-216",
  "type": "registry:component",
  "registryDependencies": [
    "https://originui.com/r/select.json"
  ],
  "files": [
    {
      "path": "registry/default/components/comp-216.tsx",
      "content": "import {\n  Select,\n  SelectContent,\n  SelectItem,\n  SelectTrigger,\n  SelectValue,\n} from \"@/registry/default/ui/select\";\nimport { useId } from \"react\";\n\nexport default function Component() {\n  const id = useId();\n  return (\n    <div className=\"group relative\">\n      <label\n        htmlFor={id}\n        className=\"absolute start-1 top-0 z-10 block -translate-y-1/2 bg-background px-2 text-xs font-medium text-foreground group-has-[:disabled]:opacity-50\"\n      >\n        Select with overlapping label\n      </label>\n      <Select>\n        <SelectTrigger id={id}>\n          <SelectValue placeholder=\"Select framework\" />\n        </SelectTrigger>\n        <SelectContent>\n          <SelectItem value=\"1\">React</SelectItem>\n          <SelectItem value=\"2\">Next.js</SelectItem>\n          <SelectItem value=\"3\">Astro</SelectItem>\n          <SelectItem value=\"4\">Gatsby</SelectItem>\n        </SelectContent>\n      </Select>\n    </div>\n  );\n}\n",
      "type": "registry:component",
      "target": ""
    }
  ],
  "meta": {
    "tags": [
      "label",
      "select",
      "radix"
    ]
  }
}