{
  "$schema": "https://ui.shadcn.com/schema/registry-item.json",
  "name": "comp-05",
  "type": "registry:component",
  "registryDependencies": [
    "https://originui.com/r/input.json",
    "https://originui.com/r/label.json"
  ],
  "files": [
    {
      "path": "registry/default/components/comp-05.tsx",
      "content": "import { Input } from \"@/registry/default/ui/input\";\nimport { Label } from \"@/registry/default/ui/label\";\nimport { useId } from \"react\";\n\nexport default function Component() {\n  const id = useId();\n  return (\n    <div\n      className=\"space-y-2\"\n      // NOTE: This inline style is to show how to set the --ring variable in your CSS file in order to change the focus ring color.\n      style={{ \"--ring\": \"234 89% 74%\" } as React.CSSProperties}\n    >\n      <Label htmlFor={id}>Input with colored border and ring</Label>\n      <Input id={id} placeholder=\"Email\" type=\"email\" />\n    </div>\n  );\n}\n",
      "type": "registry:component",
      "target": ""
    }
  ],
  "meta": {
    "tags": [
      "input",
      "label"
    ]
  }
}