{
  "$schema": "https://ui.shadcn.com/schema/registry-item.json",
  "name": "comp-168",
  "type": "registry:component",
  "registryDependencies": [
    "https://originui.com/r/radio-group.json"
  ],
  "files": [
    {
      "path": "registry/default/components/comp-168.tsx",
      "content": "import { RadioGroup, RadioGroupItem } from \"@/registry/default/ui/radio-group\";\nimport { useId } from \"react\";\n\nexport default function Component() {\n  const id = useId();\n  return (\n    <>\n      <fieldset className=\"space-y-4\">\n        <legend className=\"text-sm font-medium leading-none text-foreground\">\n          How likely are you to recommend us?\n        </legend>\n        <RadioGroup className=\"flex gap-0 -space-x-px rounded-lg shadow-sm shadow-black/5\">\n          {[\"0\", \"1\", \"2\", \"3\", \"4\", \"5\"].map((value) => (\n            <label\n              key={value}\n              className=\"relative flex size-9 flex-1 cursor-pointer flex-col items-center justify-center gap-3 border border-input text-center text-sm font-medium outline-offset-2 transition-colors first:rounded-s-lg last:rounded-e-lg has-[[data-state=checked]]:z-10 has-[[data-disabled]]:cursor-not-allowed has-[[data-state=checked]]:border-ring has-[[data-state=checked]]:bg-accent has-[[data-disabled]]:opacity-50 has-[:focus-visible]:outline has-[:focus-visible]:outline-2 has-[:focus-visible]:outline-ring/70\"\n            >\n              <RadioGroupItem\n                id={`${id}-${value}`}\n                value={value}\n                className=\"sr-only after:absolute after:inset-0\"\n              />\n              {value}\n            </label>\n          ))}\n        </RadioGroup>\n      </fieldset>\n      <div className=\"mt-1 flex justify-between text-xs font-medium\">\n        <p>\n          <span className=\"text-base\">😡</span> Not likely\n        </p>\n        <p>\n          Very Likely <span className=\"text-base\">😍</span>\n        </p>\n      </div>\n    </>\n  );\n}\n",
      "type": "registry:component",
      "target": ""
    }
  ],
  "meta": {
    "tags": [
      "radio",
      "label",
      "rating",
      "vote",
      "radix"
    ]
  }
}