{
  "$schema": "https://ui.shadcn.com/schema/registry-item.json",
  "name": "comp-374",
  "type": "registry:component",
  "registryDependencies": [
    "https://originui.com/r/button.json",
    "https://originui.com/r/dropdown-menu.json"
  ],
  "files": [
    {
      "path": "registry/default/components/comp-374.tsx",
      "content": "\"use client\";\n\nimport { Button } from \"@/registry/default/ui/button\";\nimport {\n  DropdownMenu,\n  DropdownMenuCheckboxItem,\n  DropdownMenuContent,\n  DropdownMenuGroup,\n  DropdownMenuItem,\n  DropdownMenuPortal,\n  DropdownMenuRadioGroup,\n  DropdownMenuRadioItem,\n  DropdownMenuSeparator,\n  DropdownMenuShortcut,\n  DropdownMenuSub,\n  DropdownMenuSubContent,\n  DropdownMenuSubTrigger,\n  DropdownMenuTrigger,\n} from \"@/registry/default/ui/dropdown-menu\";\nimport { ArchiveRestore, ChevronDown, Plus, Share2, Trash } from \"lucide-react\";\nimport { useState } from \"react\";\n\nexport default function Component() {\n  const [framework, setFramework] = useState(\"nextjs\");\n  const [emailNotifications, setEmailNotifications] = useState(false);\n  const [pushNotifications, setPushNotifications] = useState(true);\n\n  return (\n    <DropdownMenu>\n      <DropdownMenuTrigger asChild>\n        <Button variant=\"outline\">\n          Rich menu with icons\n          <ChevronDown\n            className=\"-me-1 ms-2 opacity-60\"\n            size={16}\n            strokeWidth={2}\n            aria-hidden=\"true\"\n          />\n        </Button>\n      </DropdownMenuTrigger>\n      <DropdownMenuContent>\n        <DropdownMenuGroup>\n          <DropdownMenuItem>\n            <Plus size={16} strokeWidth={2} className=\"opacity-60\" aria-hidden=\"true\" />\n            <span>New</span>\n            <DropdownMenuShortcut>⌘N</DropdownMenuShortcut>\n          </DropdownMenuItem>\n        </DropdownMenuGroup>\n        <DropdownMenuSeparator />\n        <DropdownMenuGroup>\n          <DropdownMenuSub>\n            <DropdownMenuSubTrigger inset>Framework</DropdownMenuSubTrigger>\n            <DropdownMenuPortal>\n              <DropdownMenuSubContent>\n                <DropdownMenuRadioGroup value={framework} onValueChange={setFramework}>\n                  <DropdownMenuRadioItem value=\"nextjs\">Next.js</DropdownMenuRadioItem>\n                  <DropdownMenuRadioItem value=\"sveltekit\" disabled>\n                    SvelteKit\n                  </DropdownMenuRadioItem>\n                  <DropdownMenuRadioItem value=\"remix\">Remix</DropdownMenuRadioItem>\n                  <DropdownMenuRadioItem value=\"astro\">Astro</DropdownMenuRadioItem>\n                </DropdownMenuRadioGroup>\n              </DropdownMenuSubContent>\n            </DropdownMenuPortal>\n          </DropdownMenuSub>\n          <DropdownMenuSub>\n            <DropdownMenuSubTrigger inset>Notifications</DropdownMenuSubTrigger>\n            <DropdownMenuPortal>\n              <DropdownMenuSubContent>\n                <DropdownMenuCheckboxItem\n                  checked={emailNotifications}\n                  onCheckedChange={setEmailNotifications}\n                >\n                  Email\n                </DropdownMenuCheckboxItem>\n                <DropdownMenuCheckboxItem\n                  checked={pushNotifications}\n                  onCheckedChange={setPushNotifications}\n                >\n                  Push\n                </DropdownMenuCheckboxItem>\n              </DropdownMenuSubContent>\n            </DropdownMenuPortal>\n          </DropdownMenuSub>\n        </DropdownMenuGroup>\n        <DropdownMenuSeparator />\n        <DropdownMenuGroup>\n          <DropdownMenuItem>\n            <Share2 size={16} strokeWidth={2} className=\"opacity-60\" aria-hidden=\"true\" />\n            <span>Share</span>\n          </DropdownMenuItem>\n          <DropdownMenuItem>\n            <ArchiveRestore size={16} strokeWidth={2} className=\"opacity-60\" aria-hidden=\"true\" />\n            <span>Archive</span>\n          </DropdownMenuItem>\n        </DropdownMenuGroup>\n        <DropdownMenuSeparator />\n        <DropdownMenuItem className=\"text-destructive focus:text-destructive\">\n          <Trash size={16} strokeWidth={2} aria-hidden=\"true\" />\n          <span>Delete</span>\n          <DropdownMenuShortcut>⌘⌫</DropdownMenuShortcut>\n        </DropdownMenuItem>\n      </DropdownMenuContent>\n    </DropdownMenu>\n  );\n}\n",
      "type": "registry:component",
      "target": ""
    }
  ],
  "meta": {
    "tags": [
      "dropdown",
      "checkbox",
      "radio",
      "delete",
      "radix"
    ],
    "style": 1
  }
}