{
  "$schema": "https://ui.shadcn.com/schema/registry-item.json",
  "name": "comp-356",
  "type": "registry:component",
  "registryDependencies": [
    "https://originui.com/r/button.json",
    "https://originui.com/r/tooltip.json"
  ],
  "files": [
    {
      "path": "registry/default/components/comp-356.tsx",
      "content": "import { Button } from \"@/registry/default/ui/button\";\nimport {\n  Tooltip,\n  TooltipContent,\n  TooltipProvider,\n  TooltipTrigger,\n} from \"@/registry/default/ui/tooltip\";\n\nexport default function Component() {\n  return (\n    <TooltipProvider delayDuration={0}>\n      <Tooltip>\n        <TooltipTrigger asChild>\n          <Button variant=\"outline\" size=\"sm\">\n            W/ arrow\n          </Button>\n        </TooltipTrigger>\n        <TooltipContent className=\"dark px-2 py-1 text-xs\" showArrow={true}>\n          This tooltip has an arrow\n        </TooltipContent>\n      </Tooltip>\n    </TooltipProvider>\n  );\n}\n",
      "type": "registry:component",
      "target": ""
    }
  ],
  "meta": {
    "tags": [
      "tooltip",
      "radix"
    ],
    "style": 1
  }
}