{
  "$schema": "https://ui.shadcn.com/schema/registry-item.json",
  "name": "comp-486",
  "type": "registry:component",
  "registryDependencies": [
    "https://originui.com/r/input.json",
    "https://originui.com/r/label.json"
  ],
  "files": [
    {
      "path": "registry/default/components/comp-486.tsx",
      "content": "import { Input } from \"@/registry/default/ui/input\";\nimport { Label } from \"@/registry/default/ui/label\";\nimport { useId } from \"react\";\n\nexport default function Component() {\n  const id = useId();\n  return (\n    <div className=\"space-y-2\">\n      <Label className=\"flex-1\">Range</Label>\n      <div className=\"flex\">\n        <Input\n          id={`${id}-1`}\n          className=\"flex-1 rounded-e-none [-moz-appearance:_textfield] focus:z-10 [&::-webkit-inner-spin-button]:m-0 [&::-webkit-inner-spin-button]:appearance-none [&::-webkit-outer-spin-button]:m-0 [&::-webkit-outer-spin-button]:appearance-none\"\n          placeholder=\"From\"\n          type=\"number\"\n          aria-label=\"Min Value\"\n        />\n        <Input\n          id={`${id}-2`}\n          className=\"-ms-px flex-1 rounded-s-none [-moz-appearance:_textfield] focus:z-10 [&::-webkit-inner-spin-button]:m-0 [&::-webkit-inner-spin-button]:appearance-none [&::-webkit-outer-spin-button]:m-0 [&::-webkit-outer-spin-button]:appearance-none\"\n          placeholder=\"To\"\n          type=\"number\"\n          aria-label=\"Max Value\"\n        />\n      </div>\n    </div>\n  );\n}\n",
      "type": "registry:component",
      "target": ""
    }
  ],
  "meta": {
    "tags": [
      "input",
      "label",
      "range"
    ]
  }
}