{
  "$schema": "https://ui.shadcn.com/schema/registry-item.json",
  "name": "comp-163",
  "type": "registry:component",
  "dependencies": [
    "@remixicon/react"
  ],
  "registryDependencies": [
    "https://originui.com/r/radio-group.json"
  ],
  "files": [
    {
      "path": "registry/default/components/comp-163.tsx",
      "content": "import { RadioGroup, RadioGroupItem } from \"@/registry/default/ui/radio-group\";\nimport { RiAppleLine, RiBankCardLine, RiPaypalLine } from \"@remixicon/react\";\nimport { useId } from \"react\";\n\nexport default function Component() {\n  const id = useId();\n  return (\n    <RadioGroup className=\"grid-cols-3\" defaultValue=\"1\">\n      {/* Credit card */}\n      <label className=\"relative flex cursor-pointer flex-col items-center gap-3 rounded-lg border border-input px-2 py-3 text-center shadow-sm shadow-black/5 outline-offset-2 transition-colors has-[[data-state=checked]]:border-ring has-[[data-state=checked]]:bg-accent has-[:focus-visible]:outline has-[:focus-visible]:outline-2 has-[:focus-visible]:outline-ring/70\">\n        <RadioGroupItem id={`${id}-1`} value=\"1\" className=\"sr-only after:absolute after:inset-0\" />\n        <RiBankCardLine className=\"opacity-60\" size={20} aria-hidden=\"true\" />\n        <p className=\"text-xs font-medium leading-none text-foreground\">Card</p>\n      </label>\n      {/* PayPal */}\n      <label className=\"relative flex cursor-pointer flex-col items-center gap-3 rounded-lg border border-input px-2 py-3 text-center shadow-sm shadow-black/5 outline-offset-2 transition-colors has-[[data-state=checked]]:border-ring has-[[data-state=checked]]:bg-accent has-[:focus-visible]:outline has-[:focus-visible]:outline-2 has-[:focus-visible]:outline-ring/70\">\n        <RadioGroupItem id={`${id}-2`} value=\"2\" className=\"sr-only after:absolute after:inset-0\" />\n        <RiPaypalLine className=\"opacity-60\" size={20} aria-hidden=\"true\" />\n        <p className=\"text-xs font-medium leading-none text-foreground\">PayPal</p>\n      </label>\n      {/* Apple Pay */}\n      <label className=\"relative flex cursor-pointer flex-col items-center gap-3 rounded-lg border border-input px-2 py-3 text-center shadow-sm shadow-black/5 outline-offset-2 transition-colors has-[[data-state=checked]]:border-ring has-[[data-state=checked]]:bg-accent has-[:focus-visible]:outline has-[:focus-visible]:outline-2 has-[:focus-visible]:outline-ring/70\">\n        <RadioGroupItem id={`${id}-3`} value=\"3\" className=\"sr-only after:absolute after:inset-0\" />\n        <RiAppleLine className=\"opacity-60\" size={20} aria-hidden=\"true\" />\n        <p className=\"text-xs font-medium leading-none text-foreground\">Apple Pay</p>\n      </label>\n    </RadioGroup>\n  );\n}\n",
      "type": "registry:component",
      "target": ""
    }
  ],
  "meta": {
    "tags": [
      "radio",
      "label",
      "card",
      "checkout",
      "payment",
      "radix"
    ]
  }
}