{
  "$schema": "https://ui.shadcn.com/schema/registry-item.json",
  "name": "comp-362",
  "type": "registry:component",
  "registryDependencies": [
    "https://originui.com/r/button.json",
    "https://originui.com/r/tooltip.json"
  ],
  "files": [
    {
      "path": "registry/default/components/comp-362.tsx",
      "content": "import { Button } from \"@/registry/default/ui/button\";\nimport {\n  Tooltip,\n  TooltipContent,\n  TooltipProvider,\n  TooltipTrigger,\n} from \"@/registry/default/ui/tooltip\";\n\nexport default function Component() {\n  return (\n    <TooltipProvider delayDuration={0}>\n      <Tooltip>\n        <TooltipTrigger asChild>\n          <Button variant=\"outline\" size=\"sm\">\n            Chart\n          </Button>\n        </TooltipTrigger>\n        <TooltipContent className=\"py-2\">\n          <div className=\"space-y-2\">\n            <div className=\"text-[13px] font-medium\">Tuesday, Aug 13</div>\n            <div className=\"flex items-center gap-2 text-xs\">\n              <svg\n                width=\"8\"\n                height=\"8\"\n                fill=\"currentColor\"\n                viewBox=\"0 0 8 8\"\n                xmlns=\"http://www.w3.org/2000/svg\"\n                className=\"shrink-0 text-indigo-500\"\n                aria-hidden=\"true\"\n              >\n                <circle cx=\"4\" cy=\"4\" r=\"4\"></circle>\n              </svg>\n              <span className=\"flex grow gap-2\">\n                Sales <span className=\"ml-auto\">$40</span>\n              </span>\n            </div>\n            <div className=\"flex items-center gap-2 text-xs\">\n              <svg\n                width=\"8\"\n                height=\"8\"\n                fill=\"currentColor\"\n                viewBox=\"0 0 8 8\"\n                xmlns=\"http://www.w3.org/2000/svg\"\n                className=\"shrink-0 text-purple-500\"\n                aria-hidden=\"true\"\n              >\n                <circle cx=\"4\" cy=\"4\" r=\"4\"></circle>\n              </svg>\n              <span className=\"flex grow gap-2\">\n                Revenue <span className=\"ml-auto\">$74</span>\n              </span>\n            </div>\n            <div className=\"flex items-center gap-2 text-xs\">\n              <svg\n                width=\"8\"\n                height=\"8\"\n                fill=\"currentColor\"\n                viewBox=\"0 0 8 8\"\n                xmlns=\"http://www.w3.org/2000/svg\"\n                className=\"shrink-0 text-rose-500\"\n                aria-hidden=\"true\"\n              >\n                <circle cx=\"4\" cy=\"4\" r=\"4\"></circle>\n              </svg>\n              <span className=\"flex grow gap-2\">\n                Costs <span className=\"ml-auto\">$410</span>\n              </span>\n            </div>\n          </div>\n        </TooltipContent>\n      </Tooltip>\n    </TooltipProvider>\n  );\n}\n",
      "type": "registry:component",
      "target": ""
    }
  ],
  "meta": {
    "tags": [
      "tooltip",
      "chart",
      "radix"
    ],
    "style": 1
  }
}