{
  "$schema": "https://ui.shadcn.com/schema/registry-item.json",
  "name": "comp-180",
  "type": "registry:component",
  "registryDependencies": [
    "https://originui.com/r/switch.json"
  ],
  "files": [
    {
      "path": "registry/default/components/comp-180.tsx",
      "content": "\"use client\";\n\nimport { Switch } from \"@/registry/default/ui/switch\";\nimport { useId, useState } from \"react\";\n\nexport default function Component() {\n  const id = useId();\n  const [checked, setChecked] = useState(false);\n\n  const toggleSwitch = () => setChecked((prev) => !prev);\n\n  return (\n    <div\n      className=\"group inline-flex items-center gap-2\"\n      data-state={checked ? \"checked\" : \"unchecked\"}\n    >\n      <span\n        id={`${id}-off`}\n        className=\"flex-1 cursor-pointer text-right text-sm font-medium group-data-[state=checked]:text-muted-foreground/70\"\n        aria-controls={id}\n        onClick={() => setChecked(false)}\n      >\n        Off\n      </span>\n      <Switch\n        id={id}\n        checked={checked}\n        onCheckedChange={toggleSwitch}\n        aria-labelledby={`${id}-off ${id}-on`}\n      />\n      <span\n        id={`${id}-on`}\n        className=\"flex-1 cursor-pointer text-left text-sm font-medium group-data-[state=unchecked]:text-muted-foreground/70\"\n        aria-controls={id}\n        onClick={() => setChecked(true)}\n      >\n        On\n      </span>\n    </div>\n  );\n}\n",
      "type": "registry:component",
      "target": ""
    }
  ],
  "meta": {
    "tags": [
      "switch",
      "label",
      "radix"
    ],
    "style": 1
  }
}