{
  "$schema": "https://ui.shadcn.com/schema/registry-item.json",
  "name": "comp-397",
  "type": "registry:component",
  "registryDependencies": [
    "https://originui.com/r/avatar.json"
  ],
  "files": [
    {
      "path": "registry/default/components/comp-397.tsx",
      "content": "import { Avatar, AvatarFallback, AvatarImage } from \"@/registry/default/ui/avatar\";\n\nexport default function Component() {\n  return (\n    <div className=\"relative\">\n      <Avatar>\n        <AvatarImage src=\"./avatar-80-07.jpg\" alt=\"Kelly King\" />\n        <AvatarFallback>KK</AvatarFallback>\n      </Avatar>\n      <span className=\"absolute -end-1 -top-1\">\n        <span className=\"sr-only\">Verified</span>\n        <svg\n          xmlns=\"http://www.w3.org/2000/svg\"\n          width=\"20\"\n          height=\"20\"\n          viewBox=\"0 0 24 24\"\n          aria-hidden=\"true\"\n        >\n          <path\n            className=\"fill-background\"\n            d=\"M3.046 8.277A4.402 4.402 0 0 1 8.303 3.03a4.4 4.4 0 0 1 7.411 0 4.397 4.397 0 0 1 5.19 3.068c.207.713.23 1.466.067 2.19a4.4 4.4 0 0 1 0 7.415 4.403 4.403 0 0 1-3.06 5.187 4.398 4.398 0 0 1-2.186.072 4.398 4.398 0 0 1-7.422 0 4.398 4.398 0 0 1-5.257-5.248 4.4 4.4 0 0 1 0-7.437Z\"\n          />\n          <path\n            className=\"fill-primary\"\n            d=\"M4.674 8.954a3.602 3.602 0 0 1 4.301-4.293 3.6 3.6 0 0 1 6.064 0 3.598 3.598 0 0 1 4.3 4.302 3.6 3.6 0 0 1 0 6.067 3.6 3.6 0 0 1-4.29 4.302 3.6 3.6 0 0 1-6.074 0 3.598 3.598 0 0 1-4.3-4.293 3.6 3.6 0 0 1 0-6.085Z\"\n          />\n          <path\n            className=\"fill-background\"\n            d=\"M15.707 9.293a1 1 0 0 1 0 1.414l-4 4a1 1 0 0 1-1.414 0l-2-2a1 1 0 1 1 1.414-1.414L11 12.586l3.293-3.293a1 1 0 0 1 1.414 0Z\"\n          />\n        </svg>\n      </span>\n    </div>\n  );\n}\n",
      "type": "registry:component",
      "target": ""
    }
  ],
  "meta": {
    "tags": [
      "avatar",
      "user",
      "profile",
      "badge",
      "chip"
    ],
    "style": 1
  }
}