{
  "$schema": "https://ui.shadcn.com/schema/registry-item.json",
  "name": "comp-314",
  "type": "registry:component",
  "registryDependencies": [
    "https://originui.com/r/alert-dialog.json",
    "https://originui.com/r/button.json"
  ],
  "files": [
    {
      "path": "registry/default/components/comp-314.tsx",
      "content": "import {\n  AlertDialog,\n  AlertDialogAction,\n  AlertDialogCancel,\n  AlertDialogContent,\n  AlertDialogDescription,\n  AlertDialogFooter,\n  AlertDialogHeader,\n  AlertDialogTitle,\n  AlertDialogTrigger,\n} from \"@/registry/default/ui/alert-dialog\";\nimport { Button } from \"@/registry/default/ui/button\";\nimport { CircleAlert } from \"lucide-react\";\n\nexport default function AlertComponent() {\n  return (\n    <AlertDialog>\n      <AlertDialogTrigger asChild>\n        <Button variant=\"outline\">Alert dialog with icon</Button>\n      </AlertDialogTrigger>\n      <AlertDialogContent>\n        <div className=\"flex flex-col gap-2 max-sm:items-center sm:flex-row sm:gap-4\">\n          <div\n            className=\"flex size-9 shrink-0 items-center justify-center rounded-full border border-border\"\n            aria-hidden=\"true\"\n          >\n            <CircleAlert className=\"opacity-80\" size={16} strokeWidth={2} />\n          </div>\n          <AlertDialogHeader>\n            <AlertDialogTitle>Are you sure?</AlertDialogTitle>\n            <AlertDialogDescription>\n              Are you sure you want to delete your account? All your data will be removed.\n            </AlertDialogDescription>\n          </AlertDialogHeader>\n        </div>\n        <AlertDialogFooter>\n          <AlertDialogCancel>Cancel</AlertDialogCancel>\n          <AlertDialogAction>Confirm</AlertDialogAction>\n        </AlertDialogFooter>\n      </AlertDialogContent>\n    </AlertDialog>\n  );\n}\n",
      "type": "registry:component",
      "target": ""
    }
  ],
  "meta": {
    "tags": [
      "dialog",
      "modal",
      "alert",
      "alert dialog",
      "radix"
    ],
    "style": 1
  }
}