{
  "$schema": "https://ui.shadcn.com/schema/registry-item.json",
  "name": "comp-473",
  "type": "registry:component",
  "registryDependencies": [
    "https://originui.com/r/checkbox.json",
    "https://originui.com/r/table.json"
  ],
  "files": [
    {
      "path": "registry/default/components/comp-473.tsx",
      "content": "import { Checkbox } from \"@/registry/default/ui/checkbox\";\nimport {\n  Table,\n  TableBody,\n  TableCell,\n  TableFooter,\n  TableHead,\n  TableHeader,\n  TableRow,\n} from \"@/registry/default/ui/table\";\nimport { useId } from \"react\";\n\nconst items = [\n  {\n    id: \"1\",\n    name: \"Alex Thompson\",\n    email: \"alex.t@company.com\",\n    location: \"San Francisco, US\",\n    status: \"Active\",\n    balance: \"$1,250.00\",\n  },\n  {\n    id: \"2\",\n    name: \"Sarah Chen\",\n    email: \"sarah.c@company.com\",\n    location: \"Singapore\",\n    status: \"Active\",\n    balance: \"$600.00\",\n  },\n  {\n    id: \"3\",\n    name: \"James Wilson\",\n    email: \"j.wilson@company.com\",\n    location: \"London, UK\",\n    status: \"Inactive\",\n    balance: \"$650.00\",\n  },\n  {\n    id: \"4\",\n    name: \"Maria Garcia\",\n    email: \"m.garcia@company.com\",\n    location: \"Madrid, Spain\",\n    status: \"Active\",\n    balance: \"$0.00\",\n  },\n  {\n    id: \"5\",\n    name: \"David Kim\",\n    email: \"d.kim@company.com\",\n    location: \"Seoul, KR\",\n    status: \"Active\",\n    balance: \"-$1,000.00\",\n  },\n];\n\nexport default function Component() {\n  const id = useId();\n  return (\n    <div>\n      <div className=\"overflow-hidden rounded-lg border border-border bg-background\">\n        <Table>\n          <TableHeader>\n            <TableRow className=\"hover:bg-transparent\">\n              <TableHead className=\"h-11\">\n                <Checkbox id={id} />\n              </TableHead>\n              <TableHead className=\"h-11\">Name</TableHead>\n              <TableHead className=\"h-11\">Email</TableHead>\n              <TableHead className=\"h-11\">Location</TableHead>\n              <TableHead className=\"h-11\">Status</TableHead>\n              <TableHead className=\"h-11 text-right\">Balance</TableHead>\n            </TableRow>\n          </TableHeader>\n          <TableBody>\n            {items.map((item) => (\n              <TableRow key={item.id}>\n                <TableCell>\n                  <Checkbox id={`table-checkbox-${item.id}`} />\n                </TableCell>\n                <TableCell className=\"font-medium\">{item.name}</TableCell>\n                <TableCell>{item.email}</TableCell>\n                <TableCell>{item.location}</TableCell>\n                <TableCell>{item.status}</TableCell>\n                <TableCell className=\"text-right\">{item.balance}</TableCell>\n              </TableRow>\n            ))}\n          </TableBody>\n          <TableFooter className=\"bg-transparent\">\n            <TableRow className=\"hover:bg-transparent\">\n              <TableCell colSpan={5}>Total</TableCell>\n              <TableCell className=\"text-right\">$2,500.00</TableCell>\n            </TableRow>\n          </TableFooter>\n        </Table>\n      </div>\n      <p className=\"mt-4 text-center text-sm text-muted-foreground\">Card Table</p>\n    </div>\n  );\n}\n",
      "type": "registry:component",
      "target": ""
    }
  ],
  "meta": {
    "tags": [
      "table",
      "checkbox",
      "card"
    ],
    "colSpan": 3
  }
}