{
  "$schema": "https://ui.shadcn.com/schema/registry-item.json",
  "name": "comp-24",
  "type": "registry:component",
  "registryDependencies": [
    "https://originui.com/r/input.json",
    "https://originui.com/r/label.json"
  ],
  "files": [
    {
      "path": "registry/default/components/comp-24.tsx",
      "content": "\"use client\";\n\nimport { Input } from \"@/registry/default/ui/input\";\nimport { Label } from \"@/registry/default/ui/label\";\nimport { CircleX } from \"lucide-react\";\nimport { useId, useRef, useState } from \"react\";\n\nexport default function Component() {\n  const id = useId();\n  const [inputValue, setInputValue] = useState(\"Click to clear\");\n  const inputRef = useRef<HTMLInputElement>(null);\n\n  const handleClearInput = () => {\n    setInputValue(\"\");\n    if (inputRef.current) {\n      inputRef.current.focus();\n    }\n  };\n\n  return (\n    <div className=\"space-y-2\">\n      <Label htmlFor={id}>Input with clear button</Label>\n      <div className=\"relative\">\n        <Input\n          id={id}\n          ref={inputRef}\n          className=\"pe-9\"\n          placeholder=\"Type something...\"\n          type=\"text\"\n          value={inputValue}\n          onChange={(e) => setInputValue(e.target.value)}\n        />\n        {inputValue && (\n          <button\n            className=\"absolute inset-y-0 end-0 flex h-full w-9 items-center justify-center rounded-e-lg text-muted-foreground/80 outline-offset-2 transition-colors hover:text-foreground focus:z-10 focus-visible:outline focus-visible:outline-2 focus-visible:outline-ring/70 disabled:pointer-events-none disabled:cursor-not-allowed disabled:opacity-50\"\n            aria-label=\"Clear input\"\n            onClick={handleClearInput}\n          >\n            <CircleX size={16} strokeWidth={2} aria-hidden=\"true\" />\n          </button>\n        )}\n      </div>\n    </div>\n  );\n}\n",
      "type": "registry:component",
      "target": ""
    }
  ],
  "meta": {
    "tags": [
      "input",
      "label",
      "button"
    ]
  }
}