{
  "$schema": "https://ui.shadcn.com/schema/registry-item.json",
  "name": "comp-378",
  "type": "registry:component",
  "registryDependencies": [
    "https://originui.com/r/button.json",
    "https://originui.com/r/dropdown-menu.json"
  ],
  "files": [
    {
      "path": "registry/default/components/comp-378.tsx",
      "content": "import { Button } from \"@/registry/default/ui/button\";\nimport {\n  DropdownMenu,\n  DropdownMenuContent,\n  DropdownMenuItem,\n  DropdownMenuLabel,\n  DropdownMenuTrigger,\n} from \"@/registry/default/ui/dropdown-menu\";\nimport { Info } from \"lucide-react\";\n\nimport { Book, LifeBuoy, MessageCircleMore } from \"lucide-react\";\n\nexport default function Component() {\n  return (\n    <DropdownMenu>\n      <DropdownMenuTrigger asChild>\n        <Button\n          size=\"icon\"\n          variant=\"ghost\"\n          className=\"rounded-full shadow-none\"\n          aria-label=\"Open edit menu\"\n        >\n          <Info size={16} strokeWidth={2} aria-hidden=\"true\" />\n        </Button>\n      </DropdownMenuTrigger>\n      <DropdownMenuContent className=\"pb-2\">\n        <DropdownMenuLabel>Need help?</DropdownMenuLabel>\n        <DropdownMenuItem\n          className=\"cursor-pointer py-1 focus:bg-transparent focus:underline\"\n          asChild\n        >\n          <a href=\"#\">\n            <Book size={16} strokeWidth={2} className=\"opacity-60\" aria-hidden=\"true\" />\n            Documentation\n          </a>\n        </DropdownMenuItem>\n        <DropdownMenuItem\n          className=\"cursor-pointer py-1 focus:bg-transparent focus:underline\"\n          asChild\n        >\n          <a href=\"#\">\n            <LifeBuoy size={16} strokeWidth={2} className=\"opacity-60\" aria-hidden=\"true\" />\n            Support\n          </a>\n        </DropdownMenuItem>\n        <DropdownMenuItem\n          className=\"cursor-pointer py-1 focus:bg-transparent focus:underline\"\n          asChild\n        >\n          <a href=\"#\">\n            <MessageCircleMore\n              size={16}\n              strokeWidth={2}\n              className=\"opacity-60\"\n              aria-hidden=\"true\"\n            />\n            Contact us\n          </a>\n        </DropdownMenuItem>\n      </DropdownMenuContent>\n    </DropdownMenu>\n  );\n}\n",
      "type": "registry:component",
      "target": ""
    }
  ],
  "meta": {
    "tags": [
      "dropdown",
      "info",
      "radix"
    ],
    "style": 1
  }
}