{
  "$schema": "https://ui.shadcn.com/schema/registry-item.json",
  "name": "comp-137",
  "type": "registry:component",
  "registryDependencies": [
    "https://originui.com/r/checkbox.json",
    "https://originui.com/r/label.json"
  ],
  "files": [
    {
      "path": "registry/default/components/comp-137.tsx",
      "content": "import { Checkbox } from \"@/registry/default/ui/checkbox\";\nimport { Label } from \"@/registry/default/ui/label\";\nimport { useId } from \"react\";\n\nexport default function Component() {\n  const id = useId();\n  return (\n    <div className=\"flex items-center gap-2\">\n      <Checkbox\n        id={id}\n        className=\"rounded-full data-[state=checked]:border-emerald-500 data-[state=checked]:bg-emerald-500\"\n        defaultChecked\n      />\n      <Label\n        htmlFor={id}\n        className=\"peer-data-[state=checked]:line-throgh relative after:absolute after:left-0 after:top-1/2 after:h-px after:w-full after:origin-bottom after:-translate-y-1/2 after:scale-x-0 after:bg-muted-foreground after:transition-transform after:ease-in-out peer-data-[state=checked]:text-muted-foreground peer-data-[state=checked]:after:origin-bottom peer-data-[state=checked]:after:scale-x-100\"\n      >\n        Fancy todo item\n      </Label>\n    </div>\n  );\n}\n",
      "type": "registry:component",
      "target": ""
    }
  ],
  "meta": {
    "tags": [
      "checkbox",
      "label",
      "radix"
    ]
  }
}