{
  "$schema": "https://ui.shadcn.com/schema/registry-item.json",
  "name": "comp-269",
  "type": "registry:component",
  "files": [
    {
      "path": "registry/default/components/comp-269.tsx",
      "content": "import { CircleAlert } from \"lucide-react\";\n\nexport default function Component() {\n  return (\n    <div className=\"rounded-lg border border-border px-4 py-3\">\n      <p className=\"text-sm\">\n        <CircleAlert\n          className=\"-mt-0.5 me-3 inline-flex text-red-500\"\n          size={16}\n          strokeWidth={2}\n          aria-hidden=\"true\"\n        />\n        An error occurred!\n      </p>\n    </div>\n  );\n}\n",
      "type": "registry:component",
      "target": ""
    }
  ],
  "meta": {
    "tags": [
      "alert",
      "error"
    ],
    "colSpan": 2
  }
}