{
  "$schema": "https://ui.shadcn.com/schema/registry-item.json",
  "name": "comp-428",
  "type": "registry:component",
  "registryDependencies": [
    "https://originui.com/r/tabs.json"
  ],
  "files": [
    {
      "path": "registry/default/components/comp-428.tsx",
      "content": "import { Tabs, TabsContent, TabsList, TabsTrigger } from \"@/registry/default/ui/tabs\";\n\nexport default function Component() {\n  return (\n    <Tabs defaultValue=\"tab-1\">\n      <TabsList className=\"gap-1 bg-transparent\">\n        <TabsTrigger\n          value=\"tab-1\"\n          className=\"rounded-full data-[state=active]:bg-primary data-[state=active]:text-primary-foreground data-[state=active]:shadow-none\"\n        >\n          Tab 1\n        </TabsTrigger>\n        <TabsTrigger\n          value=\"tab-2\"\n          className=\"rounded-full data-[state=active]:bg-primary data-[state=active]:text-primary-foreground data-[state=active]:shadow-none\"\n        >\n          Tab 2\n        </TabsTrigger>\n        <TabsTrigger\n          value=\"tab-3\"\n          className=\"rounded-full data-[state=active]:bg-primary data-[state=active]:text-primary-foreground data-[state=active]:shadow-none\"\n        >\n          Tab 3\n        </TabsTrigger>\n      </TabsList>\n      <TabsContent value=\"tab-1\">\n        <p className=\"p-4 text-center text-xs text-muted-foreground\">Content for Tab 1</p>\n      </TabsContent>\n      <TabsContent value=\"tab-2\">\n        <p className=\"p-4 text-center text-xs text-muted-foreground\">Content for Tab 2</p>\n      </TabsContent>\n      <TabsContent value=\"tab-3\">\n        <p className=\"p-4 text-center text-xs text-muted-foreground\">Content for Tab 3</p>\n      </TabsContent>\n    </Tabs>\n  );\n}\n",
      "type": "registry:component",
      "target": ""
    }
  ],
  "meta": {
    "tags": [
      "tabs",
      "radix"
    ],
    "colSpan": 2,
    "style": 2
  }
}