{
  "$schema": "https://ui.shadcn.com/schema/registry-item.json",
  "name": "comp-244",
  "type": "registry:component",
  "registryDependencies": [
    "https://originui.com/r/label.json",
    "https://originui.com/r/slider.json"
  ],
  "files": [
    {
      "path": "registry/default/components/comp-244.tsx",
      "content": "import { Label } from \"@/registry/default/ui/label\";\nimport { Slider } from \"@/registry/default/ui/slider\";\n\nexport default function Component() {\n  return (\n    <div className=\"space-y-4\">\n      <Label>Slider with tiny thumb</Label>\n      <Slider\n        defaultValue={[25]}\n        className=\"[&>:last-child>span]:h-6 [&>:last-child>span]:w-2.5 [&>:last-child>span]:border-[3px] [&>:last-child>span]:border-background [&>:last-child>span]:bg-primary [&>:last-child>span]:ring-offset-0\"\n        aria-label=\"Slider with tiny thumb\"\n      />\n    </div>\n  );\n}\n",
      "type": "registry:component",
      "target": ""
    }
  ],
  "meta": {
    "tags": [
      "slider",
      "label",
      "radix"
    ]
  }
}