{
  "$schema": "https://ui.shadcn.com/schema/registry-item.json",
  "name": "comp-103",
  "type": "registry:component",
  "registryDependencies": [
    "https://originui.com/r/button.json"
  ],
  "files": [
    {
      "path": "registry/default/components/comp-103.tsx",
      "content": "import { Button } from \"@/registry/default/ui/button\";\nimport { ChevronDown, ChevronUp } from \"lucide-react\";\n\nexport default function Component() {\n  return (\n    <div className=\"inline-flex -space-x-px rounded-full shadow-sm shadow-black/5 rtl:space-x-reverse\">\n      <Button\n        className=\"rounded-none shadow-none first:rounded-s-full last:rounded-e-full focus-visible:z-10\"\n        size=\"icon\"\n        aria-label=\"Upvote\"\n      >\n        <ChevronUp size={16} strokeWidth={2} aria-hidden=\"true\" />\n      </Button>\n      <span className=\"flex items-center bg-primary px-1 text-sm font-medium text-primary-foreground\">\n        235\n      </span>\n      <Button\n        className=\"rounded-none shadow-none first:rounded-s-full last:rounded-e-full focus-visible:z-10\"\n        size=\"icon\"\n        aria-label=\"Downvote\"\n      >\n        <ChevronDown size={16} strokeWidth={2} aria-hidden=\"true\" />\n      </Button>\n    </div>\n  );\n}\n",
      "type": "registry:component",
      "target": ""
    }
  ],
  "meta": {
    "tags": [
      "button",
      "vote",
      "counter"
    ],
    "style": 2
  }
}