{
  "$schema": "https://ui.shadcn.com/schema/registry-item.json",
  "name": "comp-437",
  "type": "registry:component",
  "registryDependencies": [
    "https://originui.com/r/badge.json",
    "https://originui.com/r/scroll-area.json",
    "https://originui.com/r/tabs.json"
  ],
  "files": [
    {
      "path": "registry/default/components/comp-437.tsx",
      "content": "import { Badge } from \"@/registry/default/ui/badge\";\nimport { ScrollArea, ScrollBar } from \"@/registry/default/ui/scroll-area\";\nimport { Tabs, TabsContent, TabsList, TabsTrigger } from \"@/registry/default/ui/tabs\";\nimport { Box, ChartLine, House, PanelsTopLeft, Settings, UsersRound } from \"lucide-react\";\n\nexport default function Component() {\n  return (\n    <Tabs defaultValue=\"tab-1\">\n      <ScrollArea>\n        <TabsList className=\"mb-3 h-auto gap-2 rounded-none border-b border-border bg-transparent px-0 py-1 text-foreground\">\n          <TabsTrigger\n            value=\"tab-1\"\n            className=\"relative after:absolute after:inset-x-0 after:bottom-0 after:-mb-1 after:h-0.5 hover:bg-accent hover:text-foreground data-[state=active]:bg-transparent data-[state=active]:shadow-none data-[state=active]:after:bg-primary data-[state=active]:hover:bg-accent\"\n          >\n            <House\n              className=\"-ms-0.5 me-1.5 opacity-60\"\n              size={16}\n              strokeWidth={2}\n              aria-hidden=\"true\"\n            />\n            Overview\n          </TabsTrigger>\n          <TabsTrigger\n            value=\"tab-2\"\n            className=\"relative after:absolute after:inset-x-0 after:bottom-0 after:-mb-1 after:h-0.5 hover:bg-accent hover:text-foreground data-[state=active]:bg-transparent data-[state=active]:shadow-none data-[state=active]:after:bg-primary data-[state=active]:hover:bg-accent\"\n          >\n            <PanelsTopLeft\n              className=\"-ms-0.5 me-1.5 opacity-60\"\n              size={16}\n              strokeWidth={2}\n              aria-hidden=\"true\"\n            />\n            Projects\n            <Badge className=\"ms-1.5 min-w-5 bg-primary/15 px-1\" variant=\"secondary\">\n              3\n            </Badge>\n          </TabsTrigger>\n          <TabsTrigger\n            value=\"tab-3\"\n            className=\"relative after:absolute after:inset-x-0 after:bottom-0 after:-mb-1 after:h-0.5 hover:bg-accent hover:text-foreground data-[state=active]:bg-transparent data-[state=active]:shadow-none data-[state=active]:after:bg-primary data-[state=active]:hover:bg-accent\"\n          >\n            <Box\n              className=\"-ms-0.5 me-1.5 opacity-60\"\n              size={16}\n              strokeWidth={2}\n              aria-hidden=\"true\"\n            />\n            Packages\n            <Badge className=\"ms-1.5\">New</Badge>\n          </TabsTrigger>\n          <TabsTrigger\n            value=\"tab-4\"\n            className=\"relative after:absolute after:inset-x-0 after:bottom-0 after:-mb-1 after:h-0.5 hover:bg-accent hover:text-foreground data-[state=active]:bg-transparent data-[state=active]:shadow-none data-[state=active]:after:bg-primary data-[state=active]:hover:bg-accent\"\n          >\n            <UsersRound\n              className=\"-ms-0.5 me-1.5 opacity-60\"\n              size={16}\n              strokeWidth={2}\n              aria-hidden=\"true\"\n            />\n            Team\n          </TabsTrigger>\n          <TabsTrigger\n            value=\"tab-5\"\n            className=\"relative after:absolute after:inset-x-0 after:bottom-0 after:-mb-1 after:h-0.5 hover:bg-accent hover:text-foreground data-[state=active]:bg-transparent data-[state=active]:shadow-none data-[state=active]:after:bg-primary data-[state=active]:hover:bg-accent\"\n          >\n            <ChartLine\n              className=\"-ms-0.5 me-1.5 opacity-60\"\n              size={16}\n              strokeWidth={2}\n              aria-hidden=\"true\"\n            />\n            Insights\n          </TabsTrigger>\n          <TabsTrigger\n            value=\"tab-6\"\n            className=\"relative after:absolute after:inset-x-0 after:bottom-0 after:-mb-1 after:h-0.5 hover:bg-accent hover:text-foreground data-[state=active]:bg-transparent data-[state=active]:shadow-none data-[state=active]:after:bg-primary data-[state=active]:hover:bg-accent\"\n          >\n            <Settings\n              className=\"-ms-0.5 me-1.5 opacity-60\"\n              size={16}\n              strokeWidth={2}\n              aria-hidden=\"true\"\n            />\n            Settings\n          </TabsTrigger>\n        </TabsList>\n        <ScrollBar orientation=\"horizontal\" />\n      </ScrollArea>\n      <TabsContent value=\"tab-1\">\n        <p className=\"pt-1 text-center text-xs text-muted-foreground\">Content for Tab 1</p>\n      </TabsContent>\n      <TabsContent value=\"tab-2\">\n        <p className=\"pt-1 text-center text-xs text-muted-foreground\">Content for Tab 2</p>\n      </TabsContent>\n      <TabsContent value=\"tab-3\">\n        <p className=\"pt-1 text-center text-xs text-muted-foreground\">Content for Tab 3</p>\n      </TabsContent>\n      <TabsContent value=\"tab-4\">\n        <p className=\"pt-1 text-center text-xs text-muted-foreground\">Content for Tab 4</p>\n      </TabsContent>\n      <TabsContent value=\"tab-5\">\n        <p className=\"pt-1 text-center text-xs text-muted-foreground\">Content for Tab 5</p>\n      </TabsContent>\n      <TabsContent value=\"tab-6\">\n        <p className=\"pt-1 text-center text-xs text-muted-foreground\">Content for Tab 6</p>\n      </TabsContent>\n    </Tabs>\n  );\n}\n",
      "type": "registry:component",
      "target": ""
    }
  ],
  "meta": {
    "tags": [
      "tabs",
      "radix"
    ],
    "colSpan": 2,
    "style": 2
  }
}