{
  "$schema": "https://ui.shadcn.com/schema/registry-item.json",
  "name": "comp-245",
  "type": "registry:component",
  "registryDependencies": [
    "https://originui.com/r/label.json",
    "https://originui.com/r/slider.json"
  ],
  "files": [
    {
      "path": "registry/default/components/comp-245.tsx",
      "content": "import { Label } from \"@/registry/default/ui/label\";\nimport { Slider } from \"@/registry/default/ui/slider\";\n\nexport default function Component() {\n  return (\n    <div className=\"space-y-4\">\n      <Label>Slider with reference labels</Label>\n      <div>\n        <Slider defaultValue={[15]} min={5} max={35} aria-label=\"Slider with reference labels\" />\n        <span\n          className=\"mt-4 flex w-full items-center justify-between gap-1 text-xs font-medium text-muted-foreground\"\n          aria-hidden=\"true\"\n        >\n          <span>5 GB</span>\n          <span>20 GB</span>\n          <span>35 GB</span>\n        </span>\n      </div>\n    </div>\n  );\n}\n",
      "type": "registry:component",
      "target": ""
    }
  ],
  "meta": {
    "tags": [
      "slider",
      "label",
      "radix"
    ]
  }
}