{
  "$schema": "https://ui.shadcn.com/schema/registry-item.json",
  "name": "comp-213",
  "type": "registry:component",
  "registryDependencies": [
    "https://originui.com/r/select.json",
    "https://originui.com/r/label.json"
  ],
  "files": [
    {
      "path": "registry/default/components/comp-213.tsx",
      "content": "import { Label } from \"@/registry/default/ui/label\";\nimport {\n  Select,\n  SelectContent,\n  SelectGroup,\n  SelectItem,\n  SelectLabel,\n  SelectTrigger,\n  SelectValue,\n} from \"@/registry/default/ui/select\";\nimport { useId } from \"react\";\n\nexport default function Component() {\n  const id = useId();\n  return (\n    <div className=\"space-y-2\">\n      <Label htmlFor={id}>Select with options groups</Label>\n      <Select defaultValue=\"1\">\n        <SelectTrigger id={id}>\n          <SelectValue placeholder=\"Select framework\" />\n        </SelectTrigger>\n        <SelectContent>\n          <SelectGroup>\n            <SelectLabel>Frontend</SelectLabel>\n            <SelectItem value=\"1\">React</SelectItem>\n            <SelectItem value=\"2\">Vue</SelectItem>\n            <SelectItem value=\"3\">Angular</SelectItem>\n          </SelectGroup>\n          <SelectGroup>\n            <SelectLabel>Backend</SelectLabel>\n            <SelectItem value=\"4\">Node.js</SelectItem>\n            <SelectItem value=\"5\">Python</SelectItem>\n            <SelectItem value=\"6\">Java</SelectItem>\n          </SelectGroup>\n        </SelectContent>\n      </Select>\n    </div>\n  );\n}\n",
      "type": "registry:component",
      "target": ""
    }
  ],
  "meta": {
    "tags": [
      "label",
      "select",
      "radix"
    ]
  }
}