{
  "$schema": "https://ui.shadcn.com/schema/registry-item.json",
  "name": "comp-07",
  "type": "registry:component",
  "registryDependencies": [
    "https://originui.com/r/input.json",
    "https://originui.com/r/label.json"
  ],
  "files": [
    {
      "path": "registry/default/components/comp-07.tsx",
      "content": "import { Input } from \"@/registry/default/ui/input\";\nimport { Label } from \"@/registry/default/ui/label\";\nimport { useId } from \"react\";\n\nexport default function Component() {\n  const id = useId();\n  return (\n    <div className=\"space-y-2\">\n      <Label htmlFor={id}>Input with gray background</Label>\n      <Input\n        id={id}\n        className=\"border-transparent bg-muted shadow-none\"\n        placeholder=\"Email\"\n        type=\"email\"\n      />\n    </div>\n  );\n}\n",
      "type": "registry:component",
      "target": ""
    }
  ],
  "meta": {
    "tags": [
      "input",
      "label"
    ]
  }
}