{
  "$schema": "https://ui.shadcn.com/schema/registry-item.json",
  "name": "comp-147",
  "type": "registry:component",
  "registryDependencies": [
    "https://originui.com/r/checkbox.json",
    "https://originui.com/r/label.json"
  ],
  "files": [
    {
      "path": "registry/default/components/comp-147.tsx",
      "content": "import { Checkbox } from \"@/registry/default/ui/checkbox\";\nimport { Label } from \"@/registry/default/ui/label\";\nimport { Brush, Eraser, Scissors, SwatchBook } from \"lucide-react\";\nimport { useId } from \"react\";\n\nexport default function Component() {\n  const id = useId();\n\n  const items = [\n    { value: \"1\", label: \"Palette\", Icon: SwatchBook, defaultChecked: true },\n    { value: \"2\", label: \"Brush\", Icon: Brush },\n    { value: \"3\", label: \"Eraser\", Icon: Eraser },\n    { value: \"4\", label: \"Cut\", Icon: Scissors },\n  ];\n\n  return (\n    <div className=\"grid grid-cols-2 gap-3\">\n      {items.map((item) => (\n        <div\n          key={`${id}-${item.value}`}\n          className=\"relative flex cursor-pointer flex-col gap-4 rounded-lg border border-input p-4 shadow-sm shadow-black/5 has-[[data-state=checked]]:border-ring\"\n        >\n          <div className=\"flex justify-between gap-2\">\n            <Checkbox\n              id={`${id}-${item.value}`}\n              value={item.value}\n              className=\"order-1 after:absolute after:inset-0\"\n              defaultChecked={item.defaultChecked}\n            />\n            <item.Icon className=\"opacity-60\" size={16} strokeWidth={2} aria-hidden=\"true\" />\n          </div>\n          <Label htmlFor={`${id}-${item.value}`}>{item.label}</Label>\n        </div>\n      ))}\n    </div>\n  );\n}\n",
      "type": "registry:component",
      "target": ""
    }
  ],
  "meta": {
    "tags": [
      "checkbox",
      "label",
      "card",
      "radix"
    ]
  }
}