{
  "$schema": "https://ui.shadcn.com/schema/registry-item.json",
  "name": "comp-381",
  "type": "registry:component",
  "registryDependencies": [
    "https://originui.com/r/button.json",
    "https://originui.com/r/checkbox.json",
    "https://originui.com/r/label.json",
    "https://originui.com/r/popover.json"
  ],
  "files": [
    {
      "path": "registry/default/components/comp-381.tsx",
      "content": "import { Button } from \"@/registry/default/ui/button\";\nimport { Checkbox } from \"@/registry/default/ui/checkbox\";\nimport { Label } from \"@/registry/default/ui/label\";\nimport { Popover, PopoverContent, PopoverTrigger } from \"@/registry/default/ui/popover\";\nimport { useId } from \"react\";\n\nimport { ListFilter } from \"lucide-react\";\n\nexport default function Component() {\n  const id = useId();\n  return (\n    <div className=\"flex flex-col gap-4\">\n      <Popover>\n        <PopoverTrigger asChild>\n          <Button variant=\"outline\" size=\"icon\" aria-label=\"Filters\">\n            <ListFilter size={16} strokeWidth={2} aria-hidden=\"true\" />\n          </Button>\n        </PopoverTrigger>\n        <PopoverContent className=\"w-36 p-3\">\n          <div className=\"space-y-3\">\n            <div className=\"text-xs font-medium text-muted-foreground\">Filters</div>\n            <form className=\"space-y-3\">\n              <div className=\"flex items-center gap-2\">\n                <Checkbox id={`${id}-1`} />\n                <Label htmlFor={`${id}-1`} className=\"font-normal\">\n                  Real Time\n                </Label>\n              </div>\n              <div className=\"flex items-center gap-2\">\n                <Checkbox id={`${id}-2`} />\n                <Label htmlFor={`${id}-2`} className=\"font-normal\">\n                  Top Channels\n                </Label>\n              </div>\n              <div className=\"flex items-center gap-2\">\n                <Checkbox id={`${id}-3`} />\n                <Label htmlFor={`${id}-3`} className=\"font-normal\">\n                  Last Orders\n                </Label>\n              </div>\n              <div className=\"flex items-center gap-2\">\n                <Checkbox id={`${id}-4`} />\n                <Label htmlFor={`${id}-4`} className=\"font-normal\">\n                  Total Spent\n                </Label>\n              </div>\n              <div\n                role=\"separator\"\n                aria-orientation=\"horizontal\"\n                className=\"-mx-3 my-1 h-px bg-border\"\n              ></div>\n              <div className=\"flex justify-between gap-2\">\n                <Button size=\"sm\" variant=\"outline\" className=\"h-7 px-2\">\n                  Clear\n                </Button>\n                <Button size=\"sm\" className=\"h-7 px-2\">\n                  Apply\n                </Button>\n              </div>\n            </form>\n          </div>\n        </PopoverContent>\n      </Popover>\n    </div>\n  );\n}\n",
      "type": "registry:component",
      "target": ""
    }
  ],
  "meta": {
    "tags": [
      "popover",
      "filter",
      "radix"
    ],
    "style": 1
  }
}