{
  "$schema": "https://ui.shadcn.com/schema/registry-item.json",
  "name": "comp-101",
  "type": "registry:component",
  "registryDependencies": [
    "https://originui.com/r/toggle.json",
    "https://originui.com/r/tooltip.json"
  ],
  "files": [
    {
      "path": "registry/default/components/comp-101.tsx",
      "content": "\"use client\";\n\nimport { Toggle } from \"@/registry/default/ui/toggle\";\nimport {\n  Tooltip,\n  TooltipContent,\n  TooltipProvider,\n  TooltipTrigger,\n} from \"@/registry/default/ui/tooltip\";\nimport { Bookmark } from \"lucide-react\";\nimport { useState } from \"react\";\n\nexport default function Component() {\n  const [bookmarked, setBookmarked] = useState<boolean>(false);\n  return (\n    <TooltipProvider>\n      <Tooltip>\n        <TooltipTrigger asChild>\n          <div>\n            <Toggle\n              className=\"group size-9 p-0 hover:bg-indigo-50 hover:text-indigo-500 data-[state=on]:bg-indigo-50 data-[state=on]:text-indigo-500\"\n              aria-label=\"Bookmark this\"\n              pressed={bookmarked}\n              onPressedChange={setBookmarked}\n            >\n              <Bookmark size={16} strokeWidth={2} aria-hidden=\"true\" />\n            </Toggle>\n          </div>\n        </TooltipTrigger>\n        <TooltipContent className=\"px-2 py-1 text-xs\">\n          <p>{bookmarked ? \"Remove bookmark\" : \"Bookmark this\"}</p>\n        </TooltipContent>\n      </Tooltip>\n    </TooltipProvider>\n  );\n}\n",
      "type": "registry:component",
      "target": ""
    }
  ],
  "meta": {
    "tags": [
      "button",
      "toggle"
    ],
    "style": 2
  }
}