{
  "$schema": "https://ui.shadcn.com/schema/registry-item.json",
  "name": "comp-134",
  "type": "registry:component",
  "registryDependencies": [
    "https://originui.com/r/checkbox.json",
    "https://originui.com/r/label.json"
  ],
  "files": [
    {
      "path": "registry/default/components/comp-134.tsx",
      "content": "import { Checkbox } from \"@/registry/default/ui/checkbox\";\nimport { Label } from \"@/registry/default/ui/label\";\nimport { useId } from \"react\";\n\nexport default function Component() {\n  const id = useId();\n  return (\n    <div\n      className=\"flex items-center gap-2\"\n      style={\n        { \"--primary\": \"238.7 83.5% 66.7%\", \"--ring\": \"238.7 83.5% 66.7%\" } as React.CSSProperties\n      }\n    >\n      <Checkbox id={id} defaultChecked />\n      <Label htmlFor={id}>Colored checkbox</Label>\n    </div>\n  );\n}\n",
      "type": "registry:component",
      "target": ""
    }
  ],
  "meta": {
    "tags": [
      "checkbox",
      "label",
      "radix"
    ]
  }
}