{
  "$schema": "https://ui.shadcn.com/schema/registry-item.json",
  "name": "comp-165",
  "type": "registry:component",
  "registryDependencies": [
    "https://originui.com/r/radio-group.json",
    "https://originui.com/r/label.json"
  ],
  "files": [
    {
      "path": "registry/default/components/comp-165.tsx",
      "content": "import { Label } from \"@/registry/default/ui/label\";\nimport { RadioGroup, RadioGroupItem } from \"@/registry/default/ui/radio-group\";\nimport { useId } from \"react\";\n\nexport default function Component() {\n  const id = useId();\n\n  const items = [\n    { value: \"1\", label: \"USA\" },\n    { value: \"2\", label: \"UK\" },\n    { value: \"3\", label: \"France\" },\n  ];\n\n  return (\n    <fieldset className=\"space-y-4\">\n      <legend className=\"text-sm font-medium leading-none text-foreground\">Server location</legend>\n      <RadioGroup className=\"flex flex-wrap gap-2\" defaultValue=\"1\">\n        {items.map((item) => (\n          <div\n            key={`${id}-${item.value}`}\n            className=\"relative flex flex-col items-start gap-4 rounded-lg border border-input p-3 shadow-sm shadow-black/5 has-[[data-state=checked]]:border-ring\"\n          >\n            <div className=\"flex items-center gap-2\">\n              <RadioGroupItem\n                id={`${id}-${item.value}`}\n                value={item.value}\n                className=\"after:absolute after:inset-0\"\n              />\n              <Label htmlFor={`${id}-${item.value}`}>{item.label}</Label>\n            </div>\n          </div>\n        ))}\n      </RadioGroup>\n    </fieldset>\n  );\n}\n",
      "type": "registry:component",
      "target": ""
    }
  ],
  "meta": {
    "tags": [
      "radio",
      "label",
      "card",
      "radix"
    ]
  }
}