{
  "$schema": "https://ui.shadcn.com/schema/registry-item.json",
  "name": "comp-138",
  "type": "registry:component",
  "registryDependencies": [
    "https://originui.com/r/checkbox.json",
    "https://originui.com/r/label.json"
  ],
  "files": [
    {
      "path": "registry/default/components/comp-138.tsx",
      "content": "import { Checkbox } from \"@/registry/default/ui/checkbox\";\nimport { Label } from \"@/registry/default/ui/label\";\nimport { useId } from \"react\";\n\nexport default function Component() {\n  const id = useId();\n  return (\n    <div className=\"flex items-center gap-2\">\n      <Checkbox id={id} />\n      <Label htmlFor={id}>\n        I agree to the{\" \"}\n        <a className=\"underline\" href=\"https://originui.com\" target=\"_blank\">\n          terms of service\n        </a>\n      </Label>\n    </div>\n  );\n}\n",
      "type": "registry:component",
      "target": ""
    }
  ],
  "meta": {
    "tags": [
      "checkbox",
      "label",
      "login",
      "authentication",
      "radix"
    ]
  }
}