{
  "$schema": "https://ui.shadcn.com/schema/registry-item.json",
  "name": "comp-26",
  "type": "registry:component",
  "registryDependencies": [
    "https://originui.com/r/input.json",
    "https://originui.com/r/label.json"
  ],
  "files": [
    {
      "path": "registry/default/components/comp-26.tsx",
      "content": "import { Input } from \"@/registry/default/ui/input\";\nimport { Label } from \"@/registry/default/ui/label\";\nimport { ArrowRight, Search } from \"lucide-react\";\nimport { useId } from \"react\";\n\nexport default function Component() {\n  const id = useId();\n  return (\n    <div className=\"space-y-2\">\n      <Label htmlFor={id}>Search input with icon and button</Label>\n      <div className=\"relative\">\n        <Input id={id} className=\"peer pe-9 ps-9\" placeholder=\"Search...\" type=\"search\" />\n        <div className=\"pointer-events-none absolute inset-y-0 start-0 flex items-center justify-center ps-3 text-muted-foreground/80 peer-disabled:opacity-50\">\n          <Search size={16} strokeWidth={2} />\n        </div>\n        <button\n          className=\"absolute inset-y-0 end-0 flex h-full w-9 items-center justify-center rounded-e-lg text-muted-foreground/80 outline-offset-2 transition-colors hover:text-foreground focus:z-10 focus-visible:outline focus-visible:outline-2 focus-visible:outline-ring/70 disabled:pointer-events-none disabled:cursor-not-allowed disabled:opacity-50\"\n          aria-label=\"Submit search\"\n          type=\"submit\"\n        >\n          <ArrowRight size={16} strokeWidth={2} aria-hidden=\"true\" />\n        </button>\n      </div>\n    </div>\n  );\n}\n",
      "type": "registry:component",
      "target": ""
    }
  ],
  "meta": {
    "tags": [
      "input",
      "label",
      "button",
      "search"
    ]
  }
}