{
  "$schema": "https://ui.shadcn.com/schema/registry-item.json",
  "name": "comp-31",
  "type": "registry:component",
  "registryDependencies": [
    "https://originui.com/r/input.json"
  ],
  "files": [
    {
      "path": "registry/default/components/comp-31.tsx",
      "content": "import { Input } from \"@/registry/default/ui/input\";\nimport { useId } from \"react\";\n\nexport default function Component() {\n  const id = useId();\n  return (\n    <div className=\"group relative\">\n      <label\n        htmlFor={id}\n        className=\"absolute start-1 top-0 z-10 block -translate-y-1/2 bg-background px-2 text-xs font-medium text-foreground group-has-[:disabled]:opacity-50\"\n      >\n        Input with overlapping label\n      </label>\n      <Input id={id} className=\"h-10\" placeholder=\"Email\" type=\"email\" />\n    </div>\n  );\n}\n",
      "type": "registry:component",
      "target": ""
    }
  ],
  "meta": {
    "tags": [
      "input",
      "label"
    ]
  }
}