{
  "$schema": "https://ui.shadcn.com/schema/registry-item.json",
  "name": "comp-225",
  "type": "registry:component",
  "registryDependencies": [
    "https://originui.com/r/select.json",
    "https://originui.com/r/label.json"
  ],
  "files": [
    {
      "path": "registry/default/components/comp-225.tsx",
      "content": "import { Label } from \"@/registry/default/ui/label\";\nimport {\n  Select,\n  SelectContent,\n  SelectGroup,\n  SelectItem,\n  SelectLabel,\n  SelectTrigger,\n  SelectValue,\n} from \"@/registry/default/ui/select\";\nimport { useId } from \"react\";\n\nconst countries = [\n  {\n    continent: \"America\",\n    items: [\n      { value: \"1\", label: \"United States\", flag: \"🇺🇸\" },\n      { value: \"2\", label: \"Canada\", flag: \"🇨🇦\" },\n      { value: \"3\", label: \"Mexico\", flag: \"🇲🇽\" },\n    ],\n  },\n  {\n    continent: \"Africa\",\n    items: [\n      { value: \"4\", label: \"South Africa\", flag: \"🇿🇦\" },\n      { value: \"5\", label: \"Nigeria\", flag: \"🇳🇬\" },\n      { value: \"6\", label: \"Morocco\", flag: \"🇲🇦\" },\n    ],\n  },\n  {\n    continent: \"Asia\",\n    items: [\n      { value: \"7\", label: \"China\", flag: \"🇨🇳\" },\n      { value: \"8\", label: \"Japan\", flag: \"🇯🇵\" },\n      { value: \"9\", label: \"India\", flag: \"🇮🇳\" },\n    ],\n  },\n  {\n    continent: \"Europe\",\n    items: [\n      { value: \"10\", label: \"United Kingdom\", flag: \"🇬🇧\" },\n      { value: \"11\", label: \"France\", flag: \"🇫🇷\" },\n      { value: \"12\", label: \"Germany\", flag: \"🇩🇪\" },\n    ],\n  },\n  {\n    continent: \"Oceania\",\n    items: [\n      { value: \"13\", label: \"Australia\", flag: \"🇦🇺\" },\n      { value: \"14\", label: \"New Zealand\", flag: \"🇳🇿\" },\n    ],\n  },\n];\n\nexport default function Component() {\n  const id = useId();\n  return (\n    <div className=\"space-y-2\">\n      <Label htmlFor={id}>Options with flag</Label>\n      <Select defaultValue=\"2\">\n        <SelectTrigger\n          id={id}\n          className=\"[&>span]:flex [&>span]:items-center [&>span]:gap-2 [&>span_svg]:shrink-0 [&>span_svg]:text-muted-foreground/80\"\n        >\n          <SelectValue placeholder=\"Select framework\" />\n        </SelectTrigger>\n        <SelectContent className=\"[&_*[role=option]>span>svg]:shrink-0 [&_*[role=option]>span>svg]:text-muted-foreground/80 [&_*[role=option]>span]:end-2 [&_*[role=option]>span]:start-auto [&_*[role=option]>span]:flex [&_*[role=option]>span]:items-center [&_*[role=option]>span]:gap-2 [&_*[role=option]]:pe-8 [&_*[role=option]]:ps-2\">\n          {countries.map((continent) => (\n            <SelectGroup key={continent.continent}>\n              <SelectLabel className=\"ps-2\">{continent.continent}</SelectLabel>\n              {continent.items.map((item) => (\n                <SelectItem key={item.value} value={item.value}>\n                  <span className=\"text-lg leading-none\">{item.flag}</span>{\" \"}\n                  <span className=\"truncate\">{item.label}</span>\n                </SelectItem>\n              ))}\n            </SelectGroup>\n          ))}\n        </SelectContent>\n      </Select>\n    </div>\n  );\n}\n",
      "type": "registry:component",
      "target": ""
    }
  ],
  "meta": {
    "tags": [
      "label",
      "select",
      "flag",
      "radix"
    ]
  }
}