{
  "$schema": "https://ui.shadcn.com/schema/registry-item.json",
  "name": "comp-100",
  "type": "registry:component",
  "registryDependencies": [
    "https://originui.com/r/button.json"
  ],
  "files": [
    {
      "path": "registry/default/components/comp-100.tsx",
      "content": "\"use client\";\n\nimport { Button } from \"@/registry/default/ui/button\";\nimport { useState } from \"react\";\n\nexport default function Component() {\n  const [open, setOpen] = useState<boolean>(false);\n\n  return (\n    <Button\n      className=\"group\"\n      variant=\"outline\"\n      size=\"icon\"\n      onClick={() => setOpen((prevState) => !prevState)}\n      aria-expanded={open}\n      aria-label={open ? \"Close menu\" : \"Open menu\"}\n    >\n      <svg\n        className=\"pointer-events-none\"\n        width={16}\n        height={16}\n        viewBox=\"0 0 24 24\"\n        fill=\"none\"\n        stroke=\"currentColor\"\n        strokeWidth=\"2\"\n        strokeLinecap=\"round\"\n        strokeLinejoin=\"round\"\n        xmlns=\"http://www.w3.org/2000/svg\"\n      >\n        <path\n          d=\"M4 12L20 12\"\n          className=\"origin-center -translate-y-[7px] transition-all duration-300 [transition-timing-function:cubic-bezier(.5,.85,.25,1.1)] group-aria-expanded:translate-x-0 group-aria-expanded:translate-y-0 group-aria-expanded:rotate-[315deg]\"\n        />\n        <path\n          d=\"M4 12H20\"\n          className=\"origin-center transition-all duration-300 [transition-timing-function:cubic-bezier(.5,.85,.25,1.8)] group-aria-expanded:rotate-45\"\n        />\n        <path\n          d=\"M4 12H20\"\n          className=\"origin-center translate-y-[7px] transition-all duration-300 [transition-timing-function:cubic-bezier(.5,.85,.25,1.1)] group-aria-expanded:translate-y-0 group-aria-expanded:rotate-[135deg]\"\n        />\n      </svg>\n    </Button>\n  );\n}\n",
      "type": "registry:component",
      "target": ""
    }
  ],
  "meta": {
    "tags": [
      "button",
      "menu",
      "hamburger"
    ],
    "style": 2
  }
}