{
  "$schema": "https://ui.shadcn.com/schema/registry-item.json",
  "name": "comp-248",
  "type": "registry:component",
  "registryDependencies": [
    "https://originui.com/r/label.json",
    "https://originui.com/r/slider.json"
  ],
  "files": [
    {
      "path": "registry/default/components/comp-248.tsx",
      "content": "import { Label } from \"@/registry/default/ui/label\";\nimport { Slider } from \"@/registry/default/ui/slider\";\n\nexport default function Component() {\n  return (\n    <div className=\"space-y-4\">\n      <Label>Slider with labels</Label>\n      <div>\n        <span\n          className=\"mb-3 flex w-full items-center justify-between gap-2 text-xs font-medium text-muted-foreground\"\n          aria-hidden=\"true\"\n        >\n          <span>Low</span>\n          <span>High</span>\n        </span>\n        <Slider defaultValue={[50]} step={10} aria-label=\"Slider with labels\" />\n      </div>\n    </div>\n  );\n}\n",
      "type": "registry:component",
      "target": ""
    }
  ],
  "meta": {
    "tags": [
      "slider",
      "label",
      "radix"
    ]
  }
}