{
  "$schema": "https://ui.shadcn.com/schema/registry-item.json",
  "name": "comp-373",
  "type": "registry:component",
  "registryDependencies": [
    "https://originui.com/r/button.json",
    "https://originui.com/r/dropdown-menu.json"
  ],
  "files": [
    {
      "path": "registry/default/components/comp-373.tsx",
      "content": "import { Button } from \"@/registry/default/ui/button\";\nimport {\n  DropdownMenu,\n  DropdownMenuContent,\n  DropdownMenuGroup,\n  DropdownMenuItem,\n  DropdownMenuPortal,\n  DropdownMenuSeparator,\n  DropdownMenuShortcut,\n  DropdownMenuSub,\n  DropdownMenuSubContent,\n  DropdownMenuSubTrigger,\n  DropdownMenuTrigger,\n} from \"@/registry/default/ui/dropdown-menu\";\nimport { ChevronDown } from \"lucide-react\";\n\nexport default function Component() {\n  return (\n    <DropdownMenu>\n      <DropdownMenuTrigger asChild>\n        <Button variant=\"outline\">\n          Rich menu\n          <ChevronDown\n            className=\"-me-1 ms-2 opacity-60\"\n            size={16}\n            strokeWidth={2}\n            aria-hidden=\"true\"\n          />\n        </Button>\n      </DropdownMenuTrigger>\n      <DropdownMenuContent>\n        <DropdownMenuGroup>\n          <DropdownMenuItem>\n            <span>Edit</span>\n            <DropdownMenuShortcut>⌘E</DropdownMenuShortcut>\n          </DropdownMenuItem>\n          <DropdownMenuItem>\n            <span>Duplicate</span>\n            <DropdownMenuShortcut>⌘D</DropdownMenuShortcut>\n          </DropdownMenuItem>\n        </DropdownMenuGroup>\n        <DropdownMenuSeparator />\n        <DropdownMenuGroup>\n          <DropdownMenuItem>\n            <span>Archive</span>\n            <DropdownMenuShortcut>⌘A</DropdownMenuShortcut>\n          </DropdownMenuItem>\n          <DropdownMenuSub>\n            <DropdownMenuSubTrigger>More</DropdownMenuSubTrigger>\n            <DropdownMenuPortal>\n              <DropdownMenuSubContent>\n                <DropdownMenuItem>Move to project</DropdownMenuItem>\n                <DropdownMenuItem>Move to folder</DropdownMenuItem>\n                <DropdownMenuSeparator />\n                <DropdownMenuItem>Advanced options</DropdownMenuItem>\n              </DropdownMenuSubContent>\n            </DropdownMenuPortal>\n          </DropdownMenuSub>\n        </DropdownMenuGroup>\n        <DropdownMenuSeparator />\n        <DropdownMenuGroup>\n          <DropdownMenuItem>Share</DropdownMenuItem>\n          <DropdownMenuItem>Add to favorites</DropdownMenuItem>\n        </DropdownMenuGroup>\n        <DropdownMenuSeparator />\n        <DropdownMenuItem className=\"text-destructive focus:text-destructive\">\n          <span>Delete</span>\n          <DropdownMenuShortcut>⌘⌫</DropdownMenuShortcut>\n        </DropdownMenuItem>\n      </DropdownMenuContent>\n    </DropdownMenu>\n  );\n}\n",
      "type": "registry:component",
      "target": ""
    }
  ],
  "meta": {
    "tags": [
      "dropdown",
      "kbd",
      "delete",
      "radix"
    ],
    "style": 1
  }
}