{
  "$schema": "https://ui.shadcn.com/schema/registry-item.json",
  "name": "comp-487",
  "type": "registry:component",
  "dependencies": [
    "react-aria-components"
  ],
  "registryDependencies": [
    "https://originui.com/r/calendar-rac.json"
  ],
  "files": [
    {
      "path": "registry/default/components/comp-487.tsx",
      "content": "\"use client\";\n\nimport { Calendar } from \"@/registry/default/ui/calendar-rac\";\nimport { getLocalTimeZone, today } from \"@internationalized/date\";\nimport { useState } from \"react\";\nimport type { DateValue } from \"react-aria-components\";\n\nexport default function Component() {\n  const [date, setDate] = useState<DateValue | null>(today(getLocalTimeZone()));\n\n  return (\n    <div>\n      <Calendar className=\"rounded-lg border border-border p-2\" value={date} onChange={setDate} />\n      <p\n        className=\"mt-4 text-center text-xs text-muted-foreground\"\n        role=\"region\"\n        aria-live=\"polite\"\n      >\n        Calendar -{\" \"}\n        <a\n          className=\"underline hover:text-foreground\"\n          href=\"https://react-spectrum.adobe.com/react-aria/DateRangePicker.html\"\n          target=\"_blank\"\n          rel=\"noopener nofollow\"\n        >\n          React Aria\n        </a>\n      </p>\n    </div>\n  );\n}\n",
      "type": "registry:component",
      "target": ""
    }
  ],
  "meta": {
    "tags": [
      "calendar",
      "date",
      "react aria"
    ],
    "style": 1
  }
}