{
  "$schema": "https://ui.shadcn.com/schema/registry-item.json",
  "name": "comp-260",
  "type": "registry:component",
  "registryDependencies": [
    "https://originui.com/r/button.json",
    "https://originui.com/r/label.json",
    "https://originui.com/r/slider.json"
  ],
  "files": [
    {
      "path": "registry/default/components/comp-260.tsx",
      "content": "\"use client\";\n\nimport { Button } from \"@/registry/default/ui/button\";\nimport { Label } from \"@/registry/default/ui/label\";\nimport { Slider } from \"@/registry/default/ui/slider\";\nimport { useState } from \"react\";\n\nexport default function Component() {\n  const min_price = 5;\n  const max_price = 1240;\n  const [value, setValue] = useState([min_price, max_price]);\n\n  const formatPrice = (price: number) => {\n    return price === max_price ? `$${price.toLocaleString()}+` : `$${price.toLocaleString()}`;\n  };\n\n  return (\n    <div className=\"space-y-3\">\n      <Label className=\"tabular-nums\">\n        From {formatPrice(value[0])} to {formatPrice(value[1])}\n      </Label>\n      <div className=\"flex items-center gap-4\">\n        <Slider\n          value={value}\n          onValueChange={setValue}\n          min={min_price}\n          max={max_price}\n          aria-label=\"Price range slider\"\n        />\n        <Button variant=\"outline\">Go</Button>\n      </div>\n    </div>\n  );\n}\n",
      "type": "registry:component",
      "target": ""
    }
  ],
  "meta": {
    "tags": [
      "slider",
      "range slider",
      "label",
      "button",
      "radix"
    ]
  }
}