{
  "$schema": "https://ui.shadcn.com/schema/registry-item.json",
  "name": "comp-170",
  "type": "registry:component",
  "registryDependencies": [
    "https://originui.com/r/radio-group.json"
  ],
  "files": [
    {
      "path": "registry/default/components/comp-170.tsx",
      "content": "\"use client\";\n\nimport { RadioGroup, RadioGroupItem } from \"@/registry/default/ui/radio-group\";\nimport { useId, useState } from \"react\";\n\nexport default function Component() {\n  const id = useId();\n  const [selectedValue, setSelectedValue] = useState(\"on\");\n\n  return (\n    <div className=\"inline-flex h-9 rounded-lg bg-input/50 p-0.5\">\n      <RadioGroup\n        value={selectedValue}\n        onValueChange={setSelectedValue}\n        className=\"group relative inline-grid grid-cols-[1fr_1fr] items-center gap-0 text-sm font-medium after:absolute after:inset-y-0 after:w-1/2 after:rounded-md after:bg-background after:shadow-sm after:shadow-black/5 after:outline-offset-2 after:transition-transform after:duration-300 after:[transition-timing-function:cubic-bezier(0.16,1,0.3,1)] has-[:focus-visible]:after:outline has-[:focus-visible]:after:outline-2 has-[:focus-visible]:after:outline-ring/70 data-[state=off]:after:translate-x-0 data-[state=on]:after:translate-x-full\"\n        data-state={selectedValue}\n      >\n        <label className=\"relative z-10 inline-flex h-full min-w-8 cursor-pointer select-none items-center justify-center whitespace-nowrap px-4 transition-colors group-data-[state=on]:text-muted-foreground/70\">\n          Bill Monthly\n          <RadioGroupItem id={`${id}-1`} value=\"off\" className=\"sr-only\" />\n        </label>\n        <label className=\"relative z-10 inline-flex h-full min-w-8 cursor-pointer select-none items-center justify-center whitespace-nowrap px-4 transition-colors group-data-[state=off]:text-muted-foreground/70\">\n          <span>\n            Bill Yearly{\" \"}\n            <span className=\"transition-colors group-data-[state=off]:text-muted-foreground/70 group-data-[state=on]:text-emerald-500\">\n              -20%\n            </span>\n          </span>\n          <RadioGroupItem id={`${id}-2`} value=\"on\" className=\"sr-only\" />\n        </label>\n      </RadioGroup>\n    </div>\n  );\n}\n",
      "type": "registry:component",
      "target": ""
    }
  ],
  "meta": {
    "tags": [
      "radio",
      "label",
      "pricing",
      "switch",
      "radix"
    ],
    "style": 1
  }
}