{
  "$schema": "https://ui.shadcn.com/schema/registry-item.json",
  "name": "comp-120",
  "type": "registry:component",
  "dependencies": [
    "@remixicon/react"
  ],
  "registryDependencies": [
    "https://originui.com/r/button.json"
  ],
  "files": [
    {
      "path": "registry/default/components/comp-120.tsx",
      "content": "import { Button } from \"@/registry/default/ui/button\";\nimport { RiFacebookFill, RiGithubFill, RiGoogleFill, RiTwitterXFill } from \"@remixicon/react\";\n\nexport default function Component() {\n  return (\n    <div className=\"flex flex-wrap gap-2\">\n      <Button className=\"flex-1\" variant=\"outline\" aria-label=\"Login with Google\" size=\"icon\">\n        <RiGoogleFill className=\"text-[#DB4437] dark:text-primary\" size={16} aria-hidden=\"true\" />\n      </Button>\n      <Button className=\"flex-1\" variant=\"outline\" aria-label=\"Login with Facebook\" size=\"icon\">\n        <RiFacebookFill className=\"text-[#1877f2] dark:text-primary\" size={16} aria-hidden=\"true\" />\n      </Button>\n      <Button className=\"flex-1\" variant=\"outline\" aria-label=\"Login with X\" size=\"icon\">\n        <RiTwitterXFill className=\"text-[#14171a] dark:text-primary\" size={16} aria-hidden=\"true\" />\n      </Button>\n      <Button className=\"flex-1\" variant=\"outline\" aria-label=\"Login with GitHub\" size=\"icon\">\n        <RiGithubFill className=\"text-black dark:text-primary\" size={16} aria-hidden=\"true\" />\n      </Button>\n    </div>\n  );\n}\n",
      "type": "registry:component",
      "target": ""
    }
  ],
  "meta": {
    "tags": [
      "button",
      "social",
      "login",
      "authentication"
    ],
    "style": 2
  }
}