{
  "$schema": "https://ui.shadcn.com/schema/registry-item.json",
  "name": "comp-118",
  "type": "registry:component",
  "registryDependencies": [
    "https://originui.com/r/button.json"
  ],
  "files": [
    {
      "path": "registry/default/components/comp-118.tsx",
      "content": "import { Button } from \"@/registry/default/ui/button\";\nimport { Star } from \"lucide-react\";\n\nexport default function Component() {\n  return (\n    <Button>\n      <Star className=\"-ms-1 me-2 opacity-60\" size={16} strokeWidth={2} aria-hidden=\"true\" />\n      <span className=\"flex items-baseline gap-2\">\n        Star\n        <span className=\"text-xs text-primary-foreground/60\">729</span>\n      </span>\n    </Button>\n  );\n}\n",
      "type": "registry:component",
      "target": ""
    }
  ],
  "meta": {
    "tags": [
      "button",
      "like",
      "counter"
    ],
    "style": 2
  }
}