{
  "$schema": "https://ui.shadcn.com/schema/registry-item.json",
  "name": "comp-414",
  "type": "registry:component",
  "registryDependencies": [
    "https://originui.com/r/badge.json"
  ],
  "files": [
    {
      "path": "registry/default/components/comp-414.tsx",
      "content": "import { Badge } from \"@/registry/default/ui/badge\";\n\nexport default function Component() {\n  return <Badge className=\"rounded\">Badge</Badge>;\n}\n",
      "type": "registry:component",
      "target": ""
    }
  ],
  "meta": {
    "tags": [
      "badge",
      "chip"
    ],
    "style": 1
  }
}