{
  "$schema": "https://ui.shadcn.com/schema/registry-item.json",
  "name": "comp-424",
  "type": "registry:component",
  "files": [
    {
      "path": "registry/default/components/comp-424.tsx",
      "content": "\"use client\";\n\nimport { Badge } from \"@/registry/default/ui/badge\";\nimport { X } from \"lucide-react\";\nimport { useState } from \"react\";\n\nexport default function Component() {\n  const [isActive, setIsActive] = useState(true);\n\n  if (!isActive) return null;\n\n  return (\n    <Badge>\n      Removable\n      <button\n        className=\"-my-px -me-1.5 -ms-px inline-flex size-5 shrink-0 items-center justify-center rounded-[inherit] p-0 opacity-60 transition-opacity hover:opacity-100 focus-visible:outline focus-visible:outline-2 focus-visible:outline-ring/70\"\n        onClick={() => setIsActive(false)}\n      >\n        <X size={12} strokeWidth={2} aria-hidden=\"true\" />\n      </button>\n    </Badge>\n  );\n}\n",
      "type": "registry:component",
      "target": ""
    }
  ],
  "meta": {
    "tags": [
      "badge",
      "chip"
    ],
    "style": 1
  }
}