{
  "$schema": "https://ui.shadcn.com/schema/registry-item.json",
  "name": "comp-190",
  "type": "registry:component",
  "registryDependencies": [
    "https://originui.com/r/select-native.json",
    "https://originui.com/r/label.json"
  ],
  "files": [
    {
      "path": "registry/default/components/comp-190.tsx",
      "content": "import { Label } from \"@/registry/default/ui/label\";\nimport { SelectNative } from \"@/registry/default/ui/select-native\";\nimport { useId } from \"react\";\n\nexport default function Component() {\n  const id = useId();\n  return (\n    <div className=\"space-y-2\">\n      <Label htmlFor={id}>Select with placeholder (native)</Label>\n      <SelectNative id={id} defaultValue=\"\">\n        <option value=\"\" disabled>\n          Please select a value\n        </option>\n        <option value=\"1\">1 to 5</option>\n        <option value=\"2\">5 to 10</option>\n        <option value=\"3\">More than 10</option>\n      </SelectNative>\n    </div>\n  );\n}\n",
      "type": "registry:component",
      "target": ""
    }
  ],
  "meta": {
    "tags": [
      "label",
      "select",
      "native select"
    ]
  }
}