{
  "$schema": "https://ui.shadcn.com/schema/registry-item.json",
  "name": "comp-04",
  "type": "registry:component",
  "registryDependencies": [
    "https://originui.com/r/input.json",
    "https://originui.com/r/label.json"
  ],
  "files": [
    {
      "path": "registry/default/components/comp-04.tsx",
      "content": "import { Input } from \"@/registry/default/ui/input\";\nimport { Label } from \"@/registry/default/ui/label\";\nimport { useId } from \"react\";\n\nexport default function Component() {\n  const id = useId();\n  return (\n    <>\n      <div className=\"mb-2 flex items-center justify-between gap-1\">\n        <Label htmlFor={id} className=\"leading-6\">\n          Input with hint\n        </Label>\n        <span className=\"text-sm text-muted-foreground\">Optional</span>\n      </div>\n      <Input id={id} placeholder=\"Email\" type=\"email\" />\n    </>\n  );\n}\n",
      "type": "registry:component",
      "target": ""
    }
  ],
  "meta": {
    "tags": [
      "input",
      "label",
      "hint"
    ]
  }
}