{
  "$schema": "https://ui.shadcn.com/schema/registry-item.json",
  "name": "comp-104",
  "type": "registry:component",
  "registryDependencies": [
    "https://originui.com/r/button.json"
  ],
  "files": [
    {
      "path": "registry/default/components/comp-104.tsx",
      "content": "\"use client\";\n\nimport { Button } from \"@/registry/default/ui/button\";\nimport { Minus, Plus, Volume, Volume1, Volume2, VolumeX } from \"lucide-react\";\nimport { useState } from \"react\";\n\nexport default function Component() {\n  const [volume, setVolume] = useState(3); // Initialize volume state (0-9)\n\n  const decreaseVolume = () => setVolume((prev) => Math.max(0, prev - 1));\n  const increaseVolume = () => setVolume((prev) => Math.min(6, prev + 1));\n\n  // Optimized volume icon selection\n  const VolumeIcon = volume === 0 ? VolumeX : volume < 3 ? Volume : volume < 5 ? Volume1 : Volume2;\n\n  return (\n    <div className=\"inline-flex items-center\" role=\"group\" aria-labelledby=\"volume-control\">\n      <span id=\"volume-control\" className=\"sr-only\">\n        Volume Control\n      </span>\n      <Button\n        className=\"rounded-full\"\n        variant=\"outline\"\n        size=\"icon\"\n        aria-label=\"Decrease volume\"\n        onClick={decreaseVolume}\n        disabled={volume === 0}\n      >\n        <Minus size={16} strokeWidth={2} aria-hidden=\"true\" />\n      </Button>\n      <div className=\"flex items-center px-3 text-sm font-medium tabular-nums\" aria-live=\"polite\">\n        <VolumeIcon className=\"opacity-60\" size={16} strokeWidth={2} aria-hidden=\"true\" />\n        <span className=\"ms-2\" aria-label={`Current volume is ${volume}`}>\n          {volume}\n        </span>\n      </div>\n      <Button\n        className=\"rounded-full\"\n        variant=\"outline\"\n        size=\"icon\"\n        aria-label=\"Increase volume\"\n        onClick={increaseVolume}\n        disabled={volume === 6}\n      >\n        <Plus size={16} strokeWidth={2} aria-hidden=\"true\" />\n      </Button>\n    </div>\n  );\n}\n",
      "type": "registry:component",
      "target": ""
    }
  ],
  "meta": {
    "tags": [
      "button",
      "volume",
      "controls"
    ],
    "style": 2
  }
}