{
  "$schema": "https://ui.shadcn.com/schema/registry-item.json",
  "name": "comp-123",
  "type": "registry:component",
  "registryDependencies": [
    "https://originui.com/r/button.json"
  ],
  "files": [
    {
      "path": "registry/default/components/comp-123.tsx",
      "content": "\"use client\";\n\nimport { Button } from \"@/registry/default/ui/button\";\nimport { ChevronDown, ChevronUp } from \"lucide-react\";\nimport { useState } from \"react\";\n\nexport default function Component() {\n  const [isExpanded, setIsExpanded] = useState<boolean>(false);\n\n  const toggleExpand = () => {\n    setIsExpanded((prevState) => !prevState);\n  };\n\n  return (\n    <Button\n      variant=\"ghost\"\n      onClick={toggleExpand}\n      aria-expanded={isExpanded}\n      aria-controls=\"expandable-content\" // Use this ID on the element that this button controls\n    >\n      {isExpanded ? \"Show less\" : \"Show more\"}\n      {isExpanded ? (\n        <ChevronUp className=\"-me-1 ms-1\" size={16} strokeWidth={2} aria-hidden=\"true\" />\n      ) : (\n        <ChevronDown className=\"-me-1 ms-1\" size={16} strokeWidth={2} aria-hidden=\"true\" />\n      )}\n    </Button>\n  );\n}\n",
      "type": "registry:component",
      "target": ""
    }
  ],
  "meta": {
    "tags": [
      "button",
      "collapsible"
    ],
    "style": 2
  }
}