{
  "$schema": "https://ui.shadcn.com/schema/registry-item.json",
  "name": "comp-236",
  "type": "registry:component",
  "registryDependencies": [
    "https://originui.com/r/label.json",
    "https://originui.com/r/select-native.json"
  ],
  "files": [
    {
      "path": "registry/default/components/comp-236.tsx",
      "content": "import { Label } from \"@/registry/default/ui/label\";\nimport { SelectNative } from \"@/registry/default/ui/select-native\";\nimport { useId } from \"react\";\n\nexport default function Component() {\n  const id = useId();\n  return (\n    <div className=\"space-y-2\">\n      <Label htmlFor={id}>Multiple select (native)</Label>\n      <div className=\"overflow-hidden rounded-lg border border-input\">\n        <SelectNative id={id} multiple className=\"rounded-none border-none\">\n          <option value=\"1\">React</option>\n          <option value=\"2\">Next.js</option>\n          <option value=\"3\">Astro</option>\n          <option value=\"4\">Gatsby</option>\n          <option value=\"5\">Vue</option>\n          <option value=\"6\">Angular</option>\n        </SelectNative>\n      </div>\n    </div>\n  );\n}\n",
      "type": "registry:component",
      "target": ""
    }
  ],
  "meta": {
    "tags": [
      "label",
      "select",
      "multiselect",
      "native select"
    ]
  }
}