{
  "$schema": "https://ui.shadcn.com/schema/registry-item.json",
  "name": "comp-360",
  "type": "registry:component",
  "registryDependencies": [
    "https://originui.com/r/button.json",
    "https://originui.com/r/tooltip.json"
  ],
  "files": [
    {
      "path": "registry/default/components/comp-360.tsx",
      "content": "import { Button } from \"@/registry/default/ui/button\";\nimport {\n  Tooltip,\n  TooltipContent,\n  TooltipProvider,\n  TooltipTrigger,\n} from \"@/registry/default/ui/tooltip\";\nimport { ChevronDown, ChevronLeft, ChevronRight, ChevronUp, Circle } from \"lucide-react\";\n\nexport default function Component() {\n  return (\n    <div className=\"inline-grid w-fit grid-cols-3 gap-1\">\n      <TooltipProvider delayDuration={0}>\n        <Tooltip>\n          <TooltipTrigger asChild>\n            <Button\n              className=\"col-start-2\"\n              variant=\"outline\"\n              size=\"icon\"\n              aria-label=\"Pan camera up\"\n            >\n              <ChevronUp size={16} strokeWidth={2} aria-hidden=\"true\" />\n            </Button>\n          </TooltipTrigger>\n          <TooltipContent side=\"top\" className=\"px-2 py-1 text-xs\">\n            Pan top\n            <kbd className=\"-me-1 ms-2 inline-flex h-5 max-h-full items-center rounded border border-border bg-background px-1 font-[inherit] text-[0.625rem] font-medium text-muted-foreground/70\">\n              ⌘T\n            </kbd>\n          </TooltipContent>\n        </Tooltip>\n      </TooltipProvider>\n      <TooltipProvider delayDuration={0}>\n        <Tooltip>\n          <TooltipTrigger asChild>\n            <Button\n              className=\"col-start-1\"\n              variant=\"outline\"\n              size=\"icon\"\n              aria-label=\"Pan camera left\"\n            >\n              <ChevronLeft size={16} strokeWidth={2} aria-hidden=\"true\" />\n            </Button>\n          </TooltipTrigger>\n          <TooltipContent side=\"left\" className=\"px-2 py-1 text-xs\">\n            Pan left\n            <kbd className=\"-me-1 ms-2 inline-flex h-5 max-h-full items-center rounded border border-border bg-background px-1 font-[inherit] text-[0.625rem] font-medium text-muted-foreground/70\">\n              ⌘L\n            </kbd>\n          </TooltipContent>\n        </Tooltip>\n      </TooltipProvider>\n      <div className=\"flex items-center justify-center\" aria-hidden=\"true\">\n        <Circle className=\"opacity-60\" size={16} strokeWidth={2} />\n      </div>\n      <TooltipProvider delayDuration={0}>\n        <Tooltip>\n          <TooltipTrigger asChild>\n            <Button variant=\"outline\" size=\"icon\" aria-label=\"Pan camera right\">\n              <ChevronRight size={16} strokeWidth={2} aria-hidden=\"true\" />\n            </Button>\n          </TooltipTrigger>\n          <TooltipContent side=\"right\" className=\"px-2 py-1 text-xs\">\n            Pan right\n            <kbd className=\"-me-1 ms-2 inline-flex h-5 max-h-full items-center rounded border border-border bg-background px-1 font-[inherit] text-[0.625rem] font-medium text-muted-foreground/70\">\n              ⌘R\n            </kbd>\n          </TooltipContent>\n        </Tooltip>\n      </TooltipProvider>\n      <TooltipProvider delayDuration={0}>\n        <Tooltip>\n          <TooltipTrigger asChild>\n            <Button\n              className=\"col-start-2\"\n              variant=\"outline\"\n              size=\"icon\"\n              aria-label=\"Pan camera down\"\n            >\n              <ChevronDown size={16} strokeWidth={2} aria-hidden=\"true\" />\n            </Button>\n          </TooltipTrigger>\n          <TooltipContent side=\"bottom\" className=\"px-2 py-1 text-xs\">\n            Pan bottom\n            <kbd className=\"-me-1 ms-2 inline-flex h-5 max-h-full items-center rounded border border-border bg-background px-1 font-[inherit] text-[0.625rem] font-medium text-muted-foreground/70\">\n              ⌘B\n            </kbd>\n          </TooltipContent>\n        </Tooltip>\n      </TooltipProvider>\n    </div>\n  );\n}\n",
      "type": "registry:component",
      "target": ""
    }
  ],
  "meta": {
    "tags": [
      "tooltip",
      "button",
      "kbd",
      "radix"
    ],
    "style": 1
  }
}