{
  "$schema": "https://ui.shadcn.com/schema/registry-item.json",
  "name": "comp-342",
  "type": "registry:component",
  "registryDependencies": [
    "https://originui.com/r/accordion.json"
  ],
  "files": [
    {
      "path": "registry/default/components/comp-342.tsx",
      "content": "import { Accordion, AccordionContent, AccordionItem } from \"@/registry/default/ui/accordion\";\nimport * as AccordionPrimitive from \"@radix-ui/react-accordion\";\nimport { Bell, ChevronDown, LifeBuoy, Link2, ShieldCheck } from \"lucide-react\";\n\nconst items = [\n  {\n    id: \"1\",\n    icon: Link2,\n    title: \"Connected accounts\",\n    sub: \"Manage your linked social and work accounts\",\n    content:\n      \"Connect your accounts from Google, GitHub, or Microsoft to enable single sign-on and streamline your workflow. Connected accounts can be used for quick login and importing your preferences across platforms. You can revoke access to any connected account at any time.\",\n  },\n  {\n    id: \"2\",\n    icon: Bell,\n    title: \"Notifications\",\n    sub: \"Customize your notification preferences\",\n    content:\n      \"Choose which updates you want to receive. You can get notifications for: security alerts, billing updates, newsletter and product announcements, usage reports, and scheduled maintenance. Notifications can be delivered via email, SMS, or push notifications on your devices.\",\n  },\n  {\n    id: \"3\",\n    icon: ShieldCheck,\n    title: \"2-step verification\",\n    sub: \"Add an extra layer of security to your account\",\n    content:\n      \"Protect your account with two-factor authentication. You can use authenticator apps like Google Authenticator or Authy, receive SMS codes, or use security keys like YubiKey. We recommend using an authenticator app for the most secure experience.\",\n  },\n  {\n    id: \"4\",\n    icon: LifeBuoy,\n    title: \"Contact support\",\n    sub: \"We're here to help 24/7\",\n    content:\n      \"Our support team is available around the clock to assist you. For billing inquiries, technical issues, or general questions, you can reach us through live chat, email at support@example.com, or schedule a call with our technical team. Premium support is available for enterprise customers.\",\n  },\n];\n\nexport default function Component() {\n  return (\n    <div className=\"space-y-4\">\n      <h2 className=\"text-xl font-bold\">W/ icon, sub-header, and chevron</h2>\n      <Accordion type=\"single\" collapsible className=\"w-full\" defaultValue=\"3\">\n        {items.map((item) => (\n          <AccordionItem value={item.id} key={item.id} className=\"py-2\">\n            <AccordionPrimitive.Header className=\"flex\">\n              <AccordionPrimitive.Trigger className=\"flex flex-1 items-center justify-between py-2 text-left text-[15px] font-semibold leading-6 transition-all [&[data-state=open]>svg]:rotate-180\">\n                <span className=\"flex items-center gap-3\">\n                  <span\n                    className=\"flex size-10 shrink-0 items-center justify-center rounded-full border border-border\"\n                    aria-hidden=\"true\"\n                  >\n                    <item.icon size={16} strokeWidth={2} className=\"opacity-60\" />\n                  </span>\n                  <span className=\"flex flex-col space-y-1\">\n                    <span>{item.title}</span>\n                    {item.sub && <span className=\"text-sm font-normal\">{item.sub}</span>}\n                  </span>\n                </span>\n                <ChevronDown\n                  size={16}\n                  strokeWidth={2}\n                  className=\"shrink-0 opacity-60 transition-transform duration-200\"\n                  aria-hidden=\"true\"\n                />\n              </AccordionPrimitive.Trigger>\n            </AccordionPrimitive.Header>\n            <AccordionContent className=\"ms-3 pb-2 ps-10 text-muted-foreground\">\n              {item.content}\n            </AccordionContent>\n          </AccordionItem>\n        ))}\n      </Accordion>\n    </div>\n  );\n}\n",
      "type": "registry:component",
      "target": ""
    }
  ],
  "meta": {
    "tags": [
      "accordion",
      "radix"
    ],
    "colSpan": 2
  }
}